[debug] [2026-02-05T16:04:13.113Z] ----------------------------------------------------------------------
[debug] [2026-02-05T16:04:13.115Z] Command:       C:\Program Files\nodejs\node.exe C:\Users\atrin\Desktop\CLIENTS\moonstone\Moonstone-app\functions\node_modules\firebase-tools\lib\bin\firebase.js deploy --only functions --project moonstone-4ffb6 --debug
[debug] [2026-02-05T16:04:13.115Z] CLI Version:   15.5.1
[debug] [2026-02-05T16:04:13.116Z] Platform:      win32
[debug] [2026-02-05T16:04:13.116Z] Node Version:  v24.13.0
[debug] [2026-02-05T16:04:13.116Z] Time:          Thu Feb 05 2026 10:04:13 GMT-0600 (Central Standard Time)
[debug] [2026-02-05T16:04:13.116Z] ----------------------------------------------------------------------
[debug] 
[debug] [2026-02-05T16:04:14.253Z] > command requires scopes: ["email","openid","https://www.googleapis.com/auth/cloudplatformprojects.readonly","https://www.googleapis.com/auth/firebase","https://www.googleapis.com/auth/cloud-platform"]
[debug] [2026-02-05T16:04:14.254Z] > authorizing via signed-in user (atrinsh2005@gmail.com)
[debug] [2026-02-05T16:04:14.254Z] [iam] checking project moonstone-4ffb6 for permissions ["cloudfunctions.functions.create","cloudfunctions.functions.delete","cloudfunctions.functions.get","cloudfunctions.functions.list","cloudfunctions.functions.update","cloudfunctions.operations.get","firebase.projects.get"]
[debug] [2026-02-05T16:04:14.255Z] Checked if tokens are valid: true, expires at: 1770308555729
[debug] [2026-02-05T16:04:14.255Z] Checked if tokens are valid: true, expires at: 1770308555729
[debug] [2026-02-05T16:04:14.256Z] >>> [apiv2][query] POST https://cloudresourcemanager.googleapis.com/v1/projects/moonstone-4ffb6:testIamPermissions [none]
[debug] [2026-02-05T16:04:14.256Z] >>> [apiv2][(partial)header] POST https://cloudresourcemanager.googleapis.com/v1/projects/moonstone-4ffb6:testIamPermissions  x-goog-user-project=moonstone-4ffb6
[debug] [2026-02-05T16:04:14.256Z] >>> [apiv2][body] POST https://cloudresourcemanager.googleapis.com/v1/projects/moonstone-4ffb6:testIamPermissions {"permissions":["cloudfunctions.functions.create","cloudfunctions.functions.delete","cloudfunctions.functions.get","cloudfunctions.functions.list","cloudfunctions.functions.update","cloudfunctions.operations.get","firebase.projects.get"]}
[debug] [2026-02-05T16:04:14.466Z] <<< [apiv2][status] POST https://cloudresourcemanager.googleapis.com/v1/projects/moonstone-4ffb6:testIamPermissions 200
[debug] [2026-02-05T16:04:14.467Z] <<< [apiv2][body] POST https://cloudresourcemanager.googleapis.com/v1/projects/moonstone-4ffb6:testIamPermissions {"permissions":["cloudfunctions.functions.create","cloudfunctions.functions.delete","cloudfunctions.functions.get","cloudfunctions.functions.list","cloudfunctions.functions.update","cloudfunctions.operations.get","firebase.projects.get"]}
[debug] [2026-02-05T16:04:14.467Z] Checked if tokens are valid: true, expires at: 1770308555729
[debug] [2026-02-05T16:04:14.467Z] Checked if tokens are valid: true, expires at: 1770308555729
[debug] [2026-02-05T16:04:14.467Z] >>> [apiv2][query] POST https://iam.googleapis.com/v1/projects/moonstone-4ffb6/serviceAccounts/moonstone-4ffb6@appspot.gserviceaccount.com:testIamPermissions [none]
[debug] [2026-02-05T16:04:14.467Z] >>> [apiv2][body] POST https://iam.googleapis.com/v1/projects/moonstone-4ffb6/serviceAccounts/moonstone-4ffb6@appspot.gserviceaccount.com:testIamPermissions {"permissions":["iam.serviceAccounts.actAs"]}
[debug] [2026-02-05T16:04:14.648Z] <<< [apiv2][status] POST https://iam.googleapis.com/v1/projects/moonstone-4ffb6/serviceAccounts/moonstone-4ffb6@appspot.gserviceaccount.com:testIamPermissions 200
[debug] [2026-02-05T16:04:14.648Z] <<< [apiv2][body] POST https://iam.googleapis.com/v1/projects/moonstone-4ffb6/serviceAccounts/moonstone-4ffb6@appspot.gserviceaccount.com:testIamPermissions {"permissions":["iam.serviceAccounts.actAs"]}
[info] 
[info] === Deploying to 'moonstone-4ffb6'...
[info] 
[info] i  deploying functions 
[info] Running command: npm --prefix "$RESOURCE_DIR" run build
[info] +  functions: Finished running predeploy script. 
[debug] [2026-02-05T16:04:21.987Z] Checked if tokens are valid: true, expires at: 1770308555729
[debug] [2026-02-05T16:04:21.987Z] Checked if tokens are valid: true, expires at: 1770308555729
[debug] [2026-02-05T16:04:21.987Z] >>> [apiv2][query] GET https://cloudresourcemanager.googleapis.com/v1/projects/moonstone-4ffb6 [none]
[debug] [2026-02-05T16:04:22.147Z] <<< [apiv2][status] GET https://cloudresourcemanager.googleapis.com/v1/projects/moonstone-4ffb6 200
[debug] [2026-02-05T16:04:22.147Z] <<< [apiv2][body] GET https://cloudresourcemanager.googleapis.com/v1/projects/moonstone-4ffb6 {"projectNumber":"209159062090","projectId":"moonstone-4ffb6","lifecycleState":"ACTIVE","name":"Moonstone","labels":{"firebase":"enabled","firebase-core":"disabled"},"createTime":"2025-12-03T05:35:05.463496Z"}
[info] i  functions: preparing codebase default for deployment 
[info] i  functions: ensuring required API cloudfunctions.googleapis.com is enabled... 
[info] i  functions: ensuring required API cloudbuild.googleapis.com is enabled... 
[info] i  artifactregistry: ensuring required API artifactregistry.googleapis.com is enabled... 
[debug] [2026-02-05T16:04:22.149Z] Checked if tokens are valid: true, expires at: 1770308555729
[debug] [2026-02-05T16:04:22.149Z] Checked if tokens are valid: true, expires at: 1770308555729
[debug] [2026-02-05T16:04:22.149Z] >>> [apiv2][query] GET https://firebase.googleapis.com/v1beta1/projects/moonstone-4ffb6/adminSdkConfig [none]
[debug] [2026-02-05T16:04:22.481Z] <<< [apiv2][status] GET https://firebase.googleapis.com/v1beta1/projects/moonstone-4ffb6/adminSdkConfig 200
[debug] [2026-02-05T16:04:22.481Z] <<< [apiv2][body] GET https://firebase.googleapis.com/v1beta1/projects/moonstone-4ffb6/adminSdkConfig {"projectId":"moonstone-4ffb6","storageBucket":"moonstone-4ffb6.firebasestorage.app"}
[debug] [2026-02-05T16:04:22.482Z] Validating nodejs source
[warn] !  functions: Runtime Node.js 20 will be deprecated on 2026-04-30 and will be decommissioned on 2026-10-30, after which you will not be able to deploy without upgrading. Consider upgrading now to avoid disruption. See https://cloud.google.com/functions/docs/runtime-support for full details on the lifecycle policy 
[debug] [2026-02-05T16:04:23.086Z] > [functions] package.json contents: {
  "name": "functions",
  "scripts": {
    "build": "tsc",
    "serve": "npm run build && firebase emulators:start --only functions",
    "shell": "npm run build && firebase functions:shell",
    "start": "npm run shell",
    "deploy": "firebase deploy --only functions",
    "logs": "firebase functions:log"
  },
  "engines": {
    "node": "20"
  },
  "main": "lib/index.js",
  "dependencies": {
    "@google-cloud/text-to-speech": "^6.4.0",
    "@google/genai": "^1.40.0",
    "firebase-admin": "^13.6.0",
    "firebase-functions": "^7.0.3",
    "graphql": "^16.12.0"
  },
  "devDependencies": {
    "@types/graphql": "^14.2.3",
    "dotenv": "^17.2.3",
    "firebase-functions-test": "^3.1.0",
    "firebase-tools": "^15.5.1",
    "ts-node": "^10.9.2",
    "typescript": "^5.9.3"
  },
  "private": true
}
[debug] [2026-02-05T16:04:23.087Z] Building nodejs source
[info] i  functions: Loading and analyzing source code for codebase default to determine what to deploy 
[debug] [2026-02-05T16:04:23.088Z] Could not find functions.yaml. Must use http discovery
[debug] [2026-02-05T16:04:23.100Z] Found firebase-functions binary at 'C:\Users\atrin\Desktop\CLIENTS\moonstone\Moonstone-app\functions\node_modules\.bin\firebase-functions'
[info] Serving at port 8147

[debug] [2026-02-05T16:04:23.868Z] Got response from /__/functions.yaml {"endpoints":{"addToLibrary":{"availableMemoryMb":null,"timeoutSeconds":null,"minInstances":null,"maxInstances":null,"ingressSettings":null,"concurrency":null,"serviceAccountEmail":null,"vpc":null,"platform":"gcfv2","region":["us-central1"],"labels":{},"callableTrigger":{},"entryPoint":"addToLibrary"},"createStory":{"availableMemoryMb":1024,"timeoutSeconds":540,"minInstances":null,"maxInstances":null,"ingressSettings":null,"concurrency":null,"serviceAccountEmail":null,"vpc":null,"platform":"gcfv2","region":["us-central1"],"labels":{},"callableTrigger":{},"entryPoint":"createStory"},"deleteStory":{"availableMemoryMb":null,"timeoutSeconds":null,"minInstances":null,"maxInstances":null,"ingressSettings":null,"concurrency":null,"serviceAccountEmail":null,"vpc":null,"platform":"gcfv2","region":["us-central1"],"labels":{},"callableTrigger":{},"entryPoint":"deleteStory"},"previewVoice":{"availableMemoryMb":512,"timeoutSeconds":null,"minInstances":null,"maxInstances":null,"ingressSettings":null,"concurrency":null,"serviceAccountEmail":null,"vpc":null,"platform":"gcfv2","region":["us-central1"],"labels":{},"callableTrigger":{},"entryPoint":"previewVoice"},"toggleFavorite":{"availableMemoryMb":null,"timeoutSeconds":null,"minInstances":null,"maxInstances":null,"ingressSettings":null,"concurrency":null,"serviceAccountEmail":null,"vpc":null,"platform":"gcfv2","region":["us-central1"],"labels":{},"callableTrigger":{},"entryPoint":"toggleFavorite"},"updateProgress":{"availableMemoryMb":null,"timeoutSeconds":null,"minInstances":null,"maxInstances":null,"ingressSettings":null,"concurrency":null,"serviceAccountEmail":null,"vpc":null,"platform":"gcfv2","region":["us-central1"],"labels":{},"callableTrigger":{},"entryPoint":"updateProgress"},"onUserCreated":{"platform":"gcfv1","availableMemoryMb":null,"timeoutSeconds":null,"minInstances":null,"maxInstances":null,"ingressSettings":null,"serviceAccountEmail":null,"vpc":null,"eventTrigger":{"eventType":"providers/firebase.auth/eventTypes/user.create","eventFilters":{"resource":"projects/moonstone-4ffb6"},"retry":false},"labels":{},"entryPoint":"onUserCreated"}},"specVersion":"v1alpha1","requiredAPIs":[],"extensions":{},"params":[{"type":"secret","name":"STRIPE_KEY"}]}
[info] i  extensions: ensuring required API firebaseextensions.googleapis.com is enabled... 
[debug] [2026-02-05T16:04:27.899Z] > command requires scopes: ["email","openid","https://www.googleapis.com/auth/cloudplatformprojects.readonly","https://www.googleapis.com/auth/firebase","https://www.googleapis.com/auth/cloud-platform"]
[debug] [2026-02-05T16:04:27.899Z] > authorizing via signed-in user (atrinsh2005@gmail.com)
[debug] [2026-02-05T16:04:27.899Z] [iam] checking project moonstone-4ffb6 for permissions ["firebase.projects.get","firebaseextensions.instances.list"]
[debug] [2026-02-05T16:04:27.899Z] Checked if tokens are valid: true, expires at: 1770308555729
[debug] [2026-02-05T16:04:27.899Z] Checked if tokens are valid: true, expires at: 1770308555729
[debug] [2026-02-05T16:04:27.899Z] >>> [apiv2][query] POST https://cloudresourcemanager.googleapis.com/v1/projects/moonstone-4ffb6:testIamPermissions [none]
[debug] [2026-02-05T16:04:27.899Z] >>> [apiv2][(partial)header] POST https://cloudresourcemanager.googleapis.com/v1/projects/moonstone-4ffb6:testIamPermissions  x-goog-user-project=moonstone-4ffb6
[debug] [2026-02-05T16:04:27.899Z] >>> [apiv2][body] POST https://cloudresourcemanager.googleapis.com/v1/projects/moonstone-4ffb6:testIamPermissions {"permissions":["firebase.projects.get","firebaseextensions.instances.list"]}
[debug] [2026-02-05T16:04:28.084Z] <<< [apiv2][status] POST https://cloudresourcemanager.googleapis.com/v1/projects/moonstone-4ffb6:testIamPermissions 200
[debug] [2026-02-05T16:04:28.084Z] <<< [apiv2][body] POST https://cloudresourcemanager.googleapis.com/v1/projects/moonstone-4ffb6:testIamPermissions {"permissions":["firebase.projects.get","firebaseextensions.instances.list"]}
[debug] [2026-02-05T16:04:28.084Z] Checked if tokens are valid: true, expires at: 1770308555729
[debug] [2026-02-05T16:04:28.084Z] Checked if tokens are valid: true, expires at: 1770308555729
[debug] [2026-02-05T16:04:28.084Z] >>> [apiv2][query] GET https://firebaseextensions.googleapis.com/v1beta/projects/moonstone-4ffb6/instances pageSize=100&pageToken=
[debug] [2026-02-05T16:04:28.379Z] <<< [apiv2][status] GET https://firebaseextensions.googleapis.com/v1beta/projects/moonstone-4ffb6/instances 200
[debug] [2026-02-05T16:04:28.379Z] <<< [apiv2][body] GET https://firebaseextensions.googleapis.com/v1beta/projects/moonstone-4ffb6/instances {}
[debug] [2026-02-05T16:04:28.380Z] Checked if tokens are valid: true, expires at: 1770308555729
[debug] [2026-02-05T16:04:28.380Z] Checked if tokens are valid: true, expires at: 1770308555729
[debug] [2026-02-05T16:04:28.380Z] >>> [apiv2][query] GET https://secretmanager.googleapis.com/v1/projects/moonstone-4ffb6/secrets/STRIPE_KEY [none]
[debug] [2026-02-05T16:04:28.568Z] <<< [apiv2][status] GET https://secretmanager.googleapis.com/v1/projects/moonstone-4ffb6/secrets/STRIPE_KEY 200
[debug] [2026-02-05T16:04:28.568Z] <<< [apiv2][body] GET https://secretmanager.googleapis.com/v1/projects/moonstone-4ffb6/secrets/STRIPE_KEY {"name":"projects/209159062090/secrets/STRIPE_KEY","replication":{"automatic":{}},"createTime":"2026-01-04T02:05:00.596617Z","labels":{"firebase-managed":"functions"},"etag":"\"1647865ebadec3\""}
[debug] [2026-02-05T16:04:28.568Z] Checked if tokens are valid: true, expires at: 1770308555729
[debug] [2026-02-05T16:04:28.568Z] Checked if tokens are valid: true, expires at: 1770308555729
[debug] [2026-02-05T16:04:28.568Z] >>> [apiv2][query] GET https://secretmanager.googleapis.com/v1/projects/moonstone-4ffb6/secrets/STRIPE_KEY/versions/latest [none]
[debug] [2026-02-05T16:04:28.663Z] <<< [apiv2][status] GET https://secretmanager.googleapis.com/v1/projects/moonstone-4ffb6/secrets/STRIPE_KEY/versions/latest 200
[debug] [2026-02-05T16:04:28.663Z] <<< [apiv2][body] GET https://secretmanager.googleapis.com/v1/projects/moonstone-4ffb6/secrets/STRIPE_KEY/versions/latest {"name":"projects/209159062090/secrets/STRIPE_KEY/versions/1","createTime":"2026-01-04T02:05:07.073488Z","state":"ENABLED","replicationStatus":{"automatic":{}},"etag":"\"1647865f1b39d0\""}
[info] i  functions: preparing functions directory for uploading... 
[info] i  functions: packaged C:\Users\atrin\Desktop\CLIENTS\moonstone\Moonstone-app\functions (107.46 KB) for uploading 
[info] i  functions: packaged C:\Users\atrin\Desktop\CLIENTS\moonstone\Moonstone-app\functions (107.49 KB) for uploading 
[debug] [2026-02-05T16:04:28.758Z] Checked if tokens are valid: true, expires at: 1770308555729
[debug] [2026-02-05T16:04:28.758Z] Checked if tokens are valid: true, expires at: 1770308555729
[debug] [2026-02-05T16:04:28.758Z] >>> [apiv2][query] GET https://cloudfunctions.googleapis.com/v1/projects/moonstone-4ffb6/locations/-/functions [none]
[debug] [2026-02-05T16:04:29.336Z] <<< [apiv2][status] GET https://cloudfunctions.googleapis.com/v1/projects/moonstone-4ffb6/locations/-/functions 200
[debug] [2026-02-05T16:04:29.336Z] <<< [apiv2][body] GET https://cloudfunctions.googleapis.com/v1/projects/moonstone-4ffb6/locations/-/functions {"functions":[{"name":"projects/moonstone-4ffb6/locations/us-central1/functions/onUserCreated","eventTrigger":{"eventType":"providers/firebase.auth/eventTypes/user.create","resource":"projects/moonstone-4ffb6","service":"firebaseauth.googleapis.com","failurePolicy":{}},"status":"ACTIVE","entryPoint":"onUserCreated","timeout":"60s","availableMemoryMb":256,"serviceAccountEmail":"moonstone-4ffb6@appspot.gserviceaccount.com","updateTime":"2026-02-05T15:47:52.578Z","versionId":"37","labels":{"deployment-tool":"cli-firebase","firebase-functions-hash":"3b0249fcf22245f4d182a416ca20bccb32f77419"},"sourceUploadUrl":"https://storage.googleapis.com/uploads-103741382100.us-central1.cloudfunctions.appspot.com/7ccfca59-9860-4008-9ff0-3aea08a6b1af.zip","environmentVariables":{"FIREBASE_CONFIG":"{\"projectId\":\"moonstone-4ffb6\",\"storageBucket\":\"moonstone-4ffb6.firebasestorage.app\"}","GCLOUD_PROJECT":"moonstone-4ffb6","EVENTARC_CLOUD_EVENT_SOURCE":"projects/moonstone-4ffb6/locations/us-central1/functions/onUserCreated"},"runtime":"nodejs20","maxInstances":3000,"ingressSettings":"ALLOW_ALL","buildId":"69f59c75-70a9-4043-acf7-a346c1545c96","buildEnvironmentVariables":{"GOOGLE_NODE_RUN_SCRIPTS":""},"buildName":"projects/209159062090/locations/us-central1/builds/69f59c75-70a9-4043-acf7-a346c1545c96","dockerRegistry":"ARTIFACT_REGISTRY","automaticUpdatePolicy":{},"buildServiceAccount":"projects/moonstone-4ffb6/serviceAccounts/209159062090-compute@developer.gserviceaccount.com","satisfiesPzi":true}]}
[debug] [2026-02-05T16:04:29.337Z] Checked if tokens are valid: true, expires at: 1770308555729
[debug] [2026-02-05T16:04:29.337Z] Checked if tokens are valid: true, expires at: 1770308555729
[debug] [2026-02-05T16:04:29.337Z] >>> [apiv2][query] GET https://cloudfunctions.googleapis.com/v2/projects/moonstone-4ffb6/locations/-/functions filter=environment%3D%22GEN_2%22
[debug] [2026-02-05T16:04:29.802Z] <<< [apiv2][status] GET https://cloudfunctions.googleapis.com/v2/projects/moonstone-4ffb6/locations/-/functions 200
[debug] [2026-02-05T16:04:29.802Z] <<< [apiv2][body] GET https://cloudfunctions.googleapis.com/v2/projects/moonstone-4ffb6/locations/-/functions {"functions":[{"name":"projects/moonstone-4ffb6/locations/us-central1/functions/updateProgress","buildConfig":{"build":"projects/209159062090/locations/us-central1/builds/b94b12cf-fd45-428c-b0ac-53491080da46","runtime":"nodejs20","entryPoint":"updateProgress","source":{"storageSource":{"bucket":"gcf-v2-sources-209159062090-us-central1","object":"updateProgress/function-source.zip","generation":"1770306441809240"}},"environmentVariables":{"GOOGLE_NODE_RUN_SCRIPTS":""},"dockerRepository":"projects/moonstone-4ffb6/locations/us-central1/repositories/gcf-artifacts","sourceProvenance":{"resolvedStorageSource":{"bucket":"gcf-v2-sources-209159062090-us-central1","object":"updateProgress/function-source.zip","generation":"1770306441809240"}},"dockerRegistry":"ARTIFACT_REGISTRY","serviceAccount":"projects/moonstone-4ffb6/serviceAccounts/209159062090-compute@developer.gserviceaccount.com","automaticUpdatePolicy":{}},"serviceConfig":{"service":"projects/moonstone-4ffb6/locations/us-central1/services/updateprogress","timeoutSeconds":60,"environmentVariables":{"FIREBASE_CONFIG":"{\"projectId\":\"moonstone-4ffb6\",\"storageBucket\":\"moonstone-4ffb6.firebasestorage.app\"}","GCLOUD_PROJECT":"moonstone-4ffb6","EVENTARC_CLOUD_EVENT_SOURCE":"projects/moonstone-4ffb6/locations/us-central1/services/updateProgress","FUNCTION_TARGET":"updateProgress","LOG_EXECUTION_ID":"true","FUNCTION_SIGNATURE_TYPE":"http"},"maxInstanceCount":20,"ingressSettings":"ALLOW_ALL","uri":"https://updateprogress-cblu2dsagq-uc.a.run.app","serviceAccountEmail":"209159062090-compute@developer.gserviceaccount.com","availableMemory":"256Mi","allTrafficOnLatestRevision":true,"revision":"updateprogress-00036-pem","maxInstanceRequestConcurrency":80,"availableCpu":"1"},"state":"ACTIVE","updateTime":"2026-02-05T15:47:31.377521480Z","labels":{"deployment-tool":"cli-firebase","deployment-callable":"true","firebase-functions-hash":"3b0249fcf22245f4d182a416ca20bccb32f77419"},"environment":"GEN_2","url":"https://us-central1-moonstone-4ffb6.cloudfunctions.net/updateProgress","createTime":"2026-01-04T02:40:46.343155810Z","satisfiesPzi":true},{"name":"projects/moonstone-4ffb6/locations/us-central1/functions/createStory","buildConfig":{"build":"projects/209159062090/locations/us-central1/builds/be42765e-fae9-461f-b5a3-24b7bf94f90b","runtime":"nodejs20","entryPoint":"createStory","source":{"storageSource":{"bucket":"gcf-v2-sources-209159062090-us-central1","object":"createStory/function-source.zip","generation":"1770306322005926"}},"environmentVariables":{"GOOGLE_NODE_RUN_SCRIPTS":""},"dockerRepository":"projects/moonstone-4ffb6/locations/us-central1/repositories/gcf-artifacts","sourceProvenance":{"resolvedStorageSource":{"bucket":"gcf-v2-sources-209159062090-us-central1","object":"createStory/function-source.zip","generation":"1770306322005926"}},"dockerRegistry":"ARTIFACT_REGISTRY","serviceAccount":"projects/moonstone-4ffb6/serviceAccounts/209159062090-compute@developer.gserviceaccount.com","automaticUpdatePolicy":{}},"serviceConfig":{"service":"projects/moonstone-4ffb6/locations/us-central1/services/createstory","timeoutSeconds":540,"environmentVariables":{"FIREBASE_CONFIG":"{\"projectId\":\"moonstone-4ffb6\",\"storageBucket\":\"moonstone-4ffb6.firebasestorage.app\"}","GCLOUD_PROJECT":"moonstone-4ffb6","EVENTARC_CLOUD_EVENT_SOURCE":"projects/moonstone-4ffb6/locations/us-central1/services/createStory","FUNCTION_TARGET":"createStory","LOG_EXECUTION_ID":"true"},"maxInstanceCount":20,"ingressSettings":"ALLOW_ALL","uri":"https://createstory-cblu2dsagq-uc.a.run.app","serviceAccountEmail":"209159062090-compute@developer.gserviceaccount.com","availableMemory":"1024Mi","allTrafficOnLatestRevision":true,"revision":"createstory-00062-lel","maxInstanceRequestConcurrency":80,"availableCpu":"1"},"state":"ACTIVE","updateTime":"2026-02-05T15:47:48.915943702Z","labels":{"deployment-callable":"true","firebase-functions-hash":"3b0249fcf22245f4d182a416ca20bccb32f77419","deployment-tool":"cli-firebase"},"environment":"GEN_2","url":"https://us-central1-moonstone-4ffb6.cloudfunctions.net/createStory","createTime":"2026-01-04T02:50:19.501127347Z","satisfiesPzi":true},{"name":"projects/moonstone-4ffb6/locations/us-central1/functions/addToLibrary","buildConfig":{"build":"projects/209159062090/locations/us-central1/builds/b94b12cf-fd45-428c-b0ac-53491080da46","runtime":"nodejs20","entryPoint":"addToLibrary","source":{"storageSource":{"bucket":"gcf-v2-sources-209159062090-us-central1","object":"addToLibrary/function-source.zip","generation":"1770306321990882"}},"environmentVariables":{"GOOGLE_NODE_RUN_SCRIPTS":""},"dockerRepository":"projects/moonstone-4ffb6/locations/us-central1/repositories/gcf-artifacts","sourceProvenance":{"resolvedStorageSource":{"bucket":"gcf-v2-sources-209159062090-us-central1","object":"addToLibrary/function-source.zip","generation":"1770306321990882"}},"dockerRegistry":"ARTIFACT_REGISTRY","serviceAccount":"projects/moonstone-4ffb6/serviceAccounts/209159062090-compute@developer.gserviceaccount.com","automaticUpdatePolicy":{}},"serviceConfig":{"service":"projects/moonstone-4ffb6/locations/us-central1/services/addtolibrary","timeoutSeconds":60,"environmentVariables":{"FIREBASE_CONFIG":"{\"projectId\":\"moonstone-4ffb6\",\"storageBucket\":\"moonstone-4ffb6.firebasestorage.app\"}","GCLOUD_PROJECT":"moonstone-4ffb6","EVENTARC_CLOUD_EVENT_SOURCE":"projects/moonstone-4ffb6/locations/us-central1/services/addToLibrary","FUNCTION_TARGET":"addToLibrary","LOG_EXECUTION_ID":"true","FUNCTION_SIGNATURE_TYPE":"http"},"maxInstanceCount":20,"ingressSettings":"ALLOW_ALL","uri":"https://addtolibrary-cblu2dsagq-uc.a.run.app","serviceAccountEmail":"209159062090-compute@developer.gserviceaccount.com","availableMemory":"256Mi","allTrafficOnLatestRevision":true,"revision":"addtolibrary-00036-zum","maxInstanceRequestConcurrency":80,"availableCpu":"1"},"state":"ACTIVE","updateTime":"2026-02-05T15:47:20.320213873Z","labels":{"firebase-functions-hash":"3b0249fcf22245f4d182a416ca20bccb32f77419","deployment-tool":"cli-firebase","deployment-callable":"true"},"environment":"GEN_2","url":"https://us-central1-moonstone-4ffb6.cloudfunctions.net/addToLibrary","createTime":"2026-01-04T02:40:46.366356927Z","satisfiesPzi":true},{"name":"projects/moonstone-4ffb6/locations/us-central1/functions/deleteStory","buildConfig":{"build":"projects/209159062090/locations/us-central1/builds/b94b12cf-fd45-428c-b0ac-53491080da46","runtime":"nodejs20","entryPoint":"deleteStory","source":{"storageSource":{"bucket":"gcf-v2-sources-209159062090-us-central1","object":"deleteStory/function-source.zip","generation":"1770306441843285"}},"environmentVariables":{"GOOGLE_NODE_RUN_SCRIPTS":""},"dockerRepository":"projects/moonstone-4ffb6/locations/us-central1/repositories/gcf-artifacts","sourceProvenance":{"resolvedStorageSource":{"bucket":"gcf-v2-sources-209159062090-us-central1","object":"deleteStory/function-source.zip","generation":"1770306441843285"}},"dockerRegistry":"ARTIFACT_REGISTRY","serviceAccount":"projects/moonstone-4ffb6/serviceAccounts/209159062090-compute@developer.gserviceaccount.com","automaticUpdatePolicy":{}},"serviceConfig":{"service":"projects/moonstone-4ffb6/locations/us-central1/services/deletestory","timeoutSeconds":60,"environmentVariables":{"FIREBASE_CONFIG":"{\"projectId\":\"moonstone-4ffb6\",\"storageBucket\":\"moonstone-4ffb6.firebasestorage.app\"}","GCLOUD_PROJECT":"moonstone-4ffb6","EVENTARC_CLOUD_EVENT_SOURCE":"projects/moonstone-4ffb6/locations/us-central1/services/deleteStory","FUNCTION_TARGET":"deleteStory","LOG_EXECUTION_ID":"true","FUNCTION_SIGNATURE_TYPE":"http"},"maxInstanceCount":20,"ingressSettings":"ALLOW_ALL","uri":"https://deletestory-cblu2dsagq-uc.a.run.app","serviceAccountEmail":"209159062090-compute@developer.gserviceaccount.com","availableMemory":"256Mi","allTrafficOnLatestRevision":true,"revision":"deletestory-00032-juc","maxInstanceRequestConcurrency":80,"availableCpu":"1"},"state":"ACTIVE","updateTime":"2026-02-05T15:47:31.356640015Z","labels":{"deployment-tool":"cli-firebase","deployment-callable":"true","firebase-functions-hash":"3b0249fcf22245f4d182a416ca20bccb32f77419"},"environment":"GEN_2","url":"https://us-central1-moonstone-4ffb6.cloudfunctions.net/deleteStory","createTime":"2026-01-09T01:38:29.506469133Z","satisfiesPzi":true},{"name":"projects/moonstone-4ffb6/locations/us-central1/functions/previewVoice","buildConfig":{"build":"projects/209159062090/locations/us-central1/builds/6d92f9b9-a71b-48ac-8ff1-ab3f126185b1","runtime":"nodejs20","entryPoint":"previewVoice","source":{"storageSource":{"bucket":"gcf-v2-sources-209159062090-us-central1","object":"previewVoice/function-source.zip","generation":"1770306322040150"}},"environmentVariables":{"GOOGLE_NODE_RUN_SCRIPTS":""},"dockerRepository":"projects/moonstone-4ffb6/locations/us-central1/repositories/gcf-artifacts","sourceProvenance":{"resolvedStorageSource":{"bucket":"gcf-v2-sources-209159062090-us-central1","object":"previewVoice/function-source.zip","generation":"1770306322040150"}},"dockerRegistry":"ARTIFACT_REGISTRY","serviceAccount":"projects/moonstone-4ffb6/serviceAccounts/209159062090-compute@developer.gserviceaccount.com","automaticUpdatePolicy":{}},"serviceConfig":{"service":"projects/moonstone-4ffb6/locations/us-central1/services/previewvoice","timeoutSeconds":60,"environmentVariables":{"FIREBASE_CONFIG":"{\"projectId\":\"moonstone-4ffb6\",\"storageBucket\":\"moonstone-4ffb6.firebasestorage.app\"}","GCLOUD_PROJECT":"moonstone-4ffb6","EVENTARC_CLOUD_EVENT_SOURCE":"projects/moonstone-4ffb6/locations/us-central1/services/previewVoice","FUNCTION_TARGET":"previewVoice","LOG_EXECUTION_ID":"true"},"maxInstanceCount":20,"ingressSettings":"ALLOW_ALL","uri":"https://previewvoice-cblu2dsagq-uc.a.run.app","serviceAccountEmail":"209159062090-compute@developer.gserviceaccount.com","availableMemory":"512Mi","allTrafficOnLatestRevision":true,"revision":"previewvoice-00027-vif","maxInstanceRequestConcurrency":80,"availableCpu":"1"},"state":"ACTIVE","updateTime":"2026-02-05T15:47:20.411161636Z","labels":{"deployment-tool":"cli-firebase","deployment-callable":"true","firebase-functions-hash":"3b0249fcf22245f4d182a416ca20bccb32f77419"},"environment":"GEN_2","url":"https://us-central1-moonstone-4ffb6.cloudfunctions.net/previewVoice","createTime":"2026-01-10T02:18:46.113428914Z","satisfiesPzi":true},{"name":"projects/moonstone-4ffb6/locations/us-central1/functions/toggleFavorite","buildConfig":{"build":"projects/209159062090/locations/us-central1/builds/b94b12cf-fd45-428c-b0ac-53491080da46","runtime":"nodejs20","entryPoint":"toggleFavorite","source":{"storageSource":{"bucket":"gcf-v2-sources-209159062090-us-central1","object":"toggleFavorite/function-source.zip","generation":"1770306441807979"}},"environmentVariables":{"GOOGLE_NODE_RUN_SCRIPTS":""},"dockerRepository":"projects/moonstone-4ffb6/locations/us-central1/repositories/gcf-artifacts","sourceProvenance":{"resolvedStorageSource":{"bucket":"gcf-v2-sources-209159062090-us-central1","object":"toggleFavorite/function-source.zip","generation":"1770306441807979"}},"dockerRegistry":"ARTIFACT_REGISTRY","serviceAccount":"projects/moonstone-4ffb6/serviceAccounts/209159062090-compute@developer.gserviceaccount.com","automaticUpdatePolicy":{}},"serviceConfig":{"service":"projects/moonstone-4ffb6/locations/us-central1/services/togglefavorite","timeoutSeconds":60,"environmentVariables":{"FIREBASE_CONFIG":"{\"projectId\":\"moonstone-4ffb6\",\"storageBucket\":\"moonstone-4ffb6.firebasestorage.app\"}","GCLOUD_PROJECT":"moonstone-4ffb6","EVENTARC_CLOUD_EVENT_SOURCE":"projects/moonstone-4ffb6/locations/us-central1/services/toggleFavorite","FUNCTION_TARGET":"toggleFavorite","LOG_EXECUTION_ID":"true","FUNCTION_SIGNATURE_TYPE":"http"},"maxInstanceCount":20,"ingressSettings":"ALLOW_ALL","uri":"https://togglefavorite-cblu2dsagq-uc.a.run.app","serviceAccountEmail":"209159062090-compute@developer.gserviceaccount.com","availableMemory":"256Mi","allTrafficOnLatestRevision":true,"revision":"togglefavorite-00035-met","maxInstanceRequestConcurrency":80,"availableCpu":"1"},"state":"ACTIVE","updateTime":"2026-02-05T15:47:30.793715278Z","labels":{"firebase-functions-hash":"3b0249fcf22245f4d182a416ca20bccb32f77419","deployment-tool":"cli-firebase","deployment-callable":"true"},"environment":"GEN_2","url":"https://us-central1-moonstone-4ffb6.cloudfunctions.net/toggleFavorite","createTime":"2026-01-04T02:50:19.549901349Z","satisfiesPzi":true}]}
[info] i  functions: ensuring required API run.googleapis.com is enabled... 
[info] i  functions: ensuring required API eventarc.googleapis.com is enabled... 
[info] i  functions: ensuring required API pubsub.googleapis.com is enabled... 
[info] i  functions: ensuring required API storage.googleapis.com is enabled... 
[info] i  functions: generating the service identity for pubsub.googleapis.com... 
[debug] [2026-02-05T16:04:29.805Z] Checked if tokens are valid: true, expires at: 1770308555729
[debug] [2026-02-05T16:04:29.805Z] Checked if tokens are valid: true, expires at: 1770308555729
[info] i  functions: generating the service identity for eventarc.googleapis.com... 
[debug] [2026-02-05T16:04:29.805Z] Checked if tokens are valid: true, expires at: 1770308555729
[debug] [2026-02-05T16:04:29.805Z] Checked if tokens are valid: true, expires at: 1770308555729
[debug] [2026-02-05T16:04:29.805Z] >>> [apiv2][query] POST https://serviceusage.googleapis.com/v1beta1/projects/209159062090/services/pubsub.googleapis.com:generateServiceIdentity [none]
[debug] [2026-02-05T16:04:29.805Z] >>> [apiv2][(partial)header] POST https://serviceusage.googleapis.com/v1beta1/projects/209159062090/services/pubsub.googleapis.com:generateServiceIdentity  x-goog-user-project=209159062090
[debug] [2026-02-05T16:04:29.805Z] >>> [apiv2][body] POST https://serviceusage.googleapis.com/v1beta1/projects/209159062090/services/pubsub.googleapis.com:generateServiceIdentity {}
[debug] [2026-02-05T16:04:29.806Z] >>> [apiv2][query] POST https://serviceusage.googleapis.com/v1beta1/projects/209159062090/services/eventarc.googleapis.com:generateServiceIdentity [none]
[debug] [2026-02-05T16:04:29.806Z] >>> [apiv2][(partial)header] POST https://serviceusage.googleapis.com/v1beta1/projects/209159062090/services/eventarc.googleapis.com:generateServiceIdentity  x-goog-user-project=209159062090
[debug] [2026-02-05T16:04:29.806Z] >>> [apiv2][body] POST https://serviceusage.googleapis.com/v1beta1/projects/209159062090/services/eventarc.googleapis.com:generateServiceIdentity {}
[debug] [2026-02-05T16:04:30.224Z] <<< [apiv2][status] POST https://serviceusage.googleapis.com/v1beta1/projects/209159062090/services/pubsub.googleapis.com:generateServiceIdentity 200
[debug] [2026-02-05T16:04:30.224Z] <<< [apiv2][body] POST https://serviceusage.googleapis.com/v1beta1/projects/209159062090/services/pubsub.googleapis.com:generateServiceIdentity {"name":"operations/finished.DONE_OPERATION","done":true,"response":{"@type":"type.googleapis.com/google.api.serviceusage.v1beta1.ServiceIdentity","email":"service-209159062090@gcp-sa-pubsub.iam.gserviceaccount.com","uniqueId":"113724580633275830679"}}
[debug] [2026-02-05T16:04:30.227Z] <<< [apiv2][status] POST https://serviceusage.googleapis.com/v1beta1/projects/209159062090/services/eventarc.googleapis.com:generateServiceIdentity 200
[debug] [2026-02-05T16:04:30.227Z] <<< [apiv2][body] POST https://serviceusage.googleapis.com/v1beta1/projects/209159062090/services/eventarc.googleapis.com:generateServiceIdentity {"name":"operations/finished.DONE_OPERATION","done":true,"response":{"@type":"type.googleapis.com/google.api.serviceusage.v1beta1.ServiceIdentity","email":"service-209159062090@gcp-sa-eventarc.iam.gserviceaccount.com","uniqueId":"103260785309897419776"}}
[debug] [2026-02-05T16:04:30.229Z] Checked if tokens are valid: true, expires at: 1770308555729
[debug] [2026-02-05T16:04:30.229Z] Checked if tokens are valid: true, expires at: 1770308555729
[debug] [2026-02-05T16:04:30.229Z] >>> [apiv2][query] GET https://cloudresourcemanager.googleapis.com/v1/projects/moonstone-4ffb6 [none]
[debug] [2026-02-05T16:04:30.323Z] <<< [apiv2][status] GET https://cloudresourcemanager.googleapis.com/v1/projects/moonstone-4ffb6 200
[debug] [2026-02-05T16:04:30.323Z] <<< [apiv2][body] GET https://cloudresourcemanager.googleapis.com/v1/projects/moonstone-4ffb6 {"projectNumber":"209159062090","projectId":"moonstone-4ffb6","lifecycleState":"ACTIVE","name":"Moonstone","labels":{"firebase":"enabled","firebase-core":"disabled"},"createTime":"2025-12-03T05:35:05.463496Z"}
[debug] [2026-02-05T16:04:30.324Z] Checked if tokens are valid: true, expires at: 1770308555729
[debug] [2026-02-05T16:04:30.324Z] Checked if tokens are valid: true, expires at: 1770308555729
[debug] [2026-02-05T16:04:30.324Z] >>> [apiv2][query] GET https://compute.googleapis.com/compute/v1/projects/209159062090 [none]
[debug] [2026-02-05T16:04:30.428Z] <<< [apiv2][status] GET https://compute.googleapis.com/compute/v1/projects/209159062090 403
[debug] [2026-02-05T16:04:30.428Z] <<< [apiv2][body] GET https://compute.googleapis.com/compute/v1/projects/209159062090 {"error":{"code":403,"message":"Compute Engine API has not been used in project 209159062090 before or it is disabled. Enable it by visiting https://console.developers.google.com/apis/api/compute.googleapis.com/overview?project=209159062090 then retry. If you enabled this API recently, wait a few minutes for the action to propagate to our systems and retry.","errors":[{"message":"Compute Engine API has not been used in project 209159062090 before or it is disabled. Enable it by visiting https://console.developers.google.com/apis/api/compute.googleapis.com/overview?project=209159062090 then retry. If you enabled this API recently, wait a few minutes for the action to propagate to our systems and retry.","domain":"usageLimits","reason":"accessNotConfigured","extendedHelp":"https://console.developers.google.com"}],"status":"PERMISSION_DENIED","details":[{"@type":"type.googleapis.com/google.rpc.ErrorInfo","reason":"SERVICE_DISABLED","domain":"googleapis.com","metadata":{"activationUrl":"https://console.developers.google.com/apis/api/compute.googleapis.com/overview?project=209159062090","service":"compute.googleapis.com","consumer":"projects/209159062090","containerInfo":"209159062090","serviceTitle":"Compute Engine API"}},{"@type":"type.googleapis.com/google.rpc.LocalizedMessage","locale":"en-US","message":"Compute Engine API has not been used in project 209159062090 before or it is disabled. Enable it by visiting https://console.developers.google.com/apis/api/compute.googleapis.com/overview?project=209159062090 then retry. If you enabled this API recently, wait a few minutes for the action to propagate to our systems and retry."},{"@type":"type.googleapis.com/google.rpc.Help","links":[{"description":"Google developers console API activation","url":"https://console.developers.google.com/apis/api/compute.googleapis.com/overview?project=209159062090"}]}]}}
[debug] [2026-02-05T16:04:30.428Z] unable to look up default compute service account. Falling back to 209159062090-compute@developer.gserviceaccount.com. Error: {"name":"FirebaseError","children":[],"context":{"body":{"error":{"code":403,"message":"Compute Engine API has not been used in project 209159062090 before or it is disabled. Enable it by visiting https://console.developers.google.com/apis/api/compute.googleapis.com/overview?project=209159062090 then retry. If you enabled this API recently, wait a few minutes for the action to propagate to our systems and retry.","errors":[{"message":"Compute Engine API has not been used in project 209159062090 before or it is disabled. Enable it by visiting https://console.developers.google.com/apis/api/compute.googleapis.com/overview?project=209159062090 then retry. If you enabled this API recently, wait a few minutes for the action to propagate to our systems and retry.","domain":"usageLimits","reason":"accessNotConfigured","extendedHelp":"https://console.developers.google.com"}],"status":"PERMISSION_DENIED","details":[{"@type":"type.googleapis.com/google.rpc.ErrorInfo","reason":"SERVICE_DISABLED","domain":"googleapis.com","metadata":{"activationUrl":"https://console.developers.google.com/apis/api/compute.googleapis.com/overview?project=209159062090","service":"compute.googleapis.com","consumer":"projects/209159062090","containerInfo":"209159062090","serviceTitle":"Compute Engine API"}},{"@type":"type.googleapis.com/google.rpc.LocalizedMessage","locale":"en-US","message":"Compute Engine API has not been used in project 209159062090 before or it is disabled. Enable it by visiting https://console.developers.google.com/apis/api/compute.googleapis.com/overview?project=209159062090 then retry. If you enabled this API recently, wait a few minutes for the action to propagate to our systems and retry."},{"@type":"type.googleapis.com/google.rpc.Help","links":[{"description":"Google developers console API activation","url":"https://console.developers.google.com/apis/api/compute.googleapis.com/overview?project=209159062090"}]}]}},"response":{"statusCode":403}},"exit":1,"message":"Request to https://compute.googleapis.com/compute/v1/projects/209159062090 had HTTP Error: 403, Compute Engine API has not been used in project 209159062090 before or it is disabled. Enable it by visiting https://console.developers.google.com/apis/api/compute.googleapis.com/overview?project=209159062090 then retry. If you enabled this API recently, wait a few minutes for the action to propagate to our systems and retry.","status":403}
[debug] [2026-02-05T16:04:30.428Z] Checked if tokens are valid: true, expires at: 1770308555729
[debug] [2026-02-05T16:04:30.428Z] Checked if tokens are valid: true, expires at: 1770308555729
[debug] [2026-02-05T16:04:30.429Z] >>> [apiv2][query] GET https://compute.googleapis.com/compute/v1/projects/209159062090 [none]
[debug] [2026-02-05T16:04:30.499Z] <<< [apiv2][status] GET https://compute.googleapis.com/compute/v1/projects/209159062090 403
[debug] [2026-02-05T16:04:30.499Z] <<< [apiv2][body] GET https://compute.googleapis.com/compute/v1/projects/209159062090 {"error":{"code":403,"message":"Compute Engine API has not been used in project 209159062090 before or it is disabled. Enable it by visiting https://console.developers.google.com/apis/api/compute.googleapis.com/overview?project=209159062090 then retry. If you enabled this API recently, wait a few minutes for the action to propagate to our systems and retry.","errors":[{"message":"Compute Engine API has not been used in project 209159062090 before or it is disabled. Enable it by visiting https://console.developers.google.com/apis/api/compute.googleapis.com/overview?project=209159062090 then retry. If you enabled this API recently, wait a few minutes for the action to propagate to our systems and retry.","domain":"usageLimits","reason":"accessNotConfigured","extendedHelp":"https://console.developers.google.com"}],"status":"PERMISSION_DENIED","details":[{"@type":"type.googleapis.com/google.rpc.ErrorInfo","reason":"SERVICE_DISABLED","domain":"googleapis.com","metadata":{"serviceTitle":"Compute Engine API","service":"compute.googleapis.com","activationUrl":"https://console.developers.google.com/apis/api/compute.googleapis.com/overview?project=209159062090","consumer":"projects/209159062090","containerInfo":"209159062090"}},{"@type":"type.googleapis.com/google.rpc.LocalizedMessage","locale":"en-US","message":"Compute Engine API has not been used in project 209159062090 before or it is disabled. Enable it by visiting https://console.developers.google.com/apis/api/compute.googleapis.com/overview?project=209159062090 then retry. If you enabled this API recently, wait a few minutes for the action to propagate to our systems and retry."},{"@type":"type.googleapis.com/google.rpc.Help","links":[{"description":"Google developers console API activation","url":"https://console.developers.google.com/apis/api/compute.googleapis.com/overview?project=209159062090"}]}]}}
[debug] [2026-02-05T16:04:30.499Z] unable to look up default compute service account. Falling back to 209159062090-compute@developer.gserviceaccount.com. Error: {"name":"FirebaseError","children":[],"context":{"body":{"error":{"code":403,"message":"Compute Engine API has not been used in project 209159062090 before or it is disabled. Enable it by visiting https://console.developers.google.com/apis/api/compute.googleapis.com/overview?project=209159062090 then retry. If you enabled this API recently, wait a few minutes for the action to propagate to our systems and retry.","errors":[{"message":"Compute Engine API has not been used in project 209159062090 before or it is disabled. Enable it by visiting https://console.developers.google.com/apis/api/compute.googleapis.com/overview?project=209159062090 then retry. If you enabled this API recently, wait a few minutes for the action to propagate to our systems and retry.","domain":"usageLimits","reason":"accessNotConfigured","extendedHelp":"https://console.developers.google.com"}],"status":"PERMISSION_DENIED","details":[{"@type":"type.googleapis.com/google.rpc.ErrorInfo","reason":"SERVICE_DISABLED","domain":"googleapis.com","metadata":{"serviceTitle":"Compute Engine API","service":"compute.googleapis.com","activationUrl":"https://console.developers.google.com/apis/api/compute.googleapis.com/overview?project=209159062090","consumer":"projects/209159062090","containerInfo":"209159062090"}},{"@type":"type.googleapis.com/google.rpc.LocalizedMessage","locale":"en-US","message":"Compute Engine API has not been used in project 209159062090 before or it is disabled. Enable it by visiting https://console.developers.google.com/apis/api/compute.googleapis.com/overview?project=209159062090 then retry. If you enabled this API recently, wait a few minutes for the action to propagate to our systems and retry."},{"@type":"type.googleapis.com/google.rpc.Help","links":[{"description":"Google developers console API activation","url":"https://console.developers.google.com/apis/api/compute.googleapis.com/overview?project=209159062090"}]}]}},"response":{"statusCode":403}},"exit":1,"message":"Request to https://compute.googleapis.com/compute/v1/projects/209159062090 had HTTP Error: 403, Compute Engine API has not been used in project 209159062090 before or it is disabled. Enable it by visiting https://console.developers.google.com/apis/api/compute.googleapis.com/overview?project=209159062090 then retry. If you enabled this API recently, wait a few minutes for the action to propagate to our systems and retry.","status":403}
[debug] [2026-02-05T16:04:30.499Z] Checked if tokens are valid: true, expires at: 1770308555729
[debug] [2026-02-05T16:04:30.499Z] Checked if tokens are valid: true, expires at: 1770308555729
[debug] [2026-02-05T16:04:30.499Z] >>> [apiv2][query] GET https://compute.googleapis.com/compute/v1/projects/209159062090 [none]
[debug] [2026-02-05T16:04:30.572Z] <<< [apiv2][status] GET https://compute.googleapis.com/compute/v1/projects/209159062090 403
[debug] [2026-02-05T16:04:30.573Z] <<< [apiv2][body] GET https://compute.googleapis.com/compute/v1/projects/209159062090 {"error":{"code":403,"message":"Compute Engine API has not been used in project 209159062090 before or it is disabled. Enable it by visiting https://console.developers.google.com/apis/api/compute.googleapis.com/overview?project=209159062090 then retry. If you enabled this API recently, wait a few minutes for the action to propagate to our systems and retry.","errors":[{"message":"Compute Engine API has not been used in project 209159062090 before or it is disabled. Enable it by visiting https://console.developers.google.com/apis/api/compute.googleapis.com/overview?project=209159062090 then retry. If you enabled this API recently, wait a few minutes for the action to propagate to our systems and retry.","domain":"usageLimits","reason":"accessNotConfigured","extendedHelp":"https://console.developers.google.com"}],"status":"PERMISSION_DENIED","details":[{"@type":"type.googleapis.com/google.rpc.ErrorInfo","reason":"SERVICE_DISABLED","domain":"googleapis.com","metadata":{"serviceTitle":"Compute Engine API","consumer":"projects/209159062090","activationUrl":"https://console.developers.google.com/apis/api/compute.googleapis.com/overview?project=209159062090","service":"compute.googleapis.com","containerInfo":"209159062090"}},{"@type":"type.googleapis.com/google.rpc.LocalizedMessage","locale":"en-US","message":"Compute Engine API has not been used in project 209159062090 before or it is disabled. Enable it by visiting https://console.developers.google.com/apis/api/compute.googleapis.com/overview?project=209159062090 then retry. If you enabled this API recently, wait a few minutes for the action to propagate to our systems and retry."},{"@type":"type.googleapis.com/google.rpc.Help","links":[{"description":"Google developers console API activation","url":"https://console.developers.google.com/apis/api/compute.googleapis.com/overview?project=209159062090"}]}]}}
[debug] [2026-02-05T16:04:30.573Z] unable to look up default compute service account. Falling back to 209159062090-compute@developer.gserviceaccount.com. Error: {"name":"FirebaseError","children":[],"context":{"body":{"error":{"code":403,"message":"Compute Engine API has not been used in project 209159062090 before or it is disabled. Enable it by visiting https://console.developers.google.com/apis/api/compute.googleapis.com/overview?project=209159062090 then retry. If you enabled this API recently, wait a few minutes for the action to propagate to our systems and retry.","errors":[{"message":"Compute Engine API has not been used in project 209159062090 before or it is disabled. Enable it by visiting https://console.developers.google.com/apis/api/compute.googleapis.com/overview?project=209159062090 then retry. If you enabled this API recently, wait a few minutes for the action to propagate to our systems and retry.","domain":"usageLimits","reason":"accessNotConfigured","extendedHelp":"https://console.developers.google.com"}],"status":"PERMISSION_DENIED","details":[{"@type":"type.googleapis.com/google.rpc.ErrorInfo","reason":"SERVICE_DISABLED","domain":"googleapis.com","metadata":{"serviceTitle":"Compute Engine API","consumer":"projects/209159062090","activationUrl":"https://console.developers.google.com/apis/api/compute.googleapis.com/overview?project=209159062090","service":"compute.googleapis.com","containerInfo":"209159062090"}},{"@type":"type.googleapis.com/google.rpc.LocalizedMessage","locale":"en-US","message":"Compute Engine API has not been used in project 209159062090 before or it is disabled. Enable it by visiting https://console.developers.google.com/apis/api/compute.googleapis.com/overview?project=209159062090 then retry. If you enabled this API recently, wait a few minutes for the action to propagate to our systems and retry."},{"@type":"type.googleapis.com/google.rpc.Help","links":[{"description":"Google developers console API activation","url":"https://console.developers.google.com/apis/api/compute.googleapis.com/overview?project=209159062090"}]}]}},"response":{"statusCode":403}},"exit":1,"message":"Request to https://compute.googleapis.com/compute/v1/projects/209159062090 had HTTP Error: 403, Compute Engine API has not been used in project 209159062090 before or it is disabled. Enable it by visiting https://console.developers.google.com/apis/api/compute.googleapis.com/overview?project=209159062090 then retry. If you enabled this API recently, wait a few minutes for the action to propagate to our systems and retry.","status":403}
[debug] [2026-02-05T16:04:30.573Z] Checked if tokens are valid: true, expires at: 1770308555729
[debug] [2026-02-05T16:04:30.573Z] Checked if tokens are valid: true, expires at: 1770308555729
[debug] [2026-02-05T16:04:30.573Z] >>> [apiv2][query] GET https://compute.googleapis.com/compute/v1/projects/209159062090 [none]
[debug] [2026-02-05T16:04:30.646Z] <<< [apiv2][status] GET https://compute.googleapis.com/compute/v1/projects/209159062090 403
[debug] [2026-02-05T16:04:30.646Z] <<< [apiv2][body] GET https://compute.googleapis.com/compute/v1/projects/209159062090 {"error":{"code":403,"message":"Compute Engine API has not been used in project 209159062090 before or it is disabled. Enable it by visiting https://console.developers.google.com/apis/api/compute.googleapis.com/overview?project=209159062090 then retry. If you enabled this API recently, wait a few minutes for the action to propagate to our systems and retry.","errors":[{"message":"Compute Engine API has not been used in project 209159062090 before or it is disabled. Enable it by visiting https://console.developers.google.com/apis/api/compute.googleapis.com/overview?project=209159062090 then retry. If you enabled this API recently, wait a few minutes for the action to propagate to our systems and retry.","domain":"usageLimits","reason":"accessNotConfigured","extendedHelp":"https://console.developers.google.com"}],"status":"PERMISSION_DENIED","details":[{"@type":"type.googleapis.com/google.rpc.ErrorInfo","reason":"SERVICE_DISABLED","domain":"googleapis.com","metadata":{"service":"compute.googleapis.com","containerInfo":"209159062090","consumer":"projects/209159062090","serviceTitle":"Compute Engine API","activationUrl":"https://console.developers.google.com/apis/api/compute.googleapis.com/overview?project=209159062090"}},{"@type":"type.googleapis.com/google.rpc.LocalizedMessage","locale":"en-US","message":"Compute Engine API has not been used in project 209159062090 before or it is disabled. Enable it by visiting https://console.developers.google.com/apis/api/compute.googleapis.com/overview?project=209159062090 then retry. If you enabled this API recently, wait a few minutes for the action to propagate to our systems and retry."},{"@type":"type.googleapis.com/google.rpc.Help","links":[{"description":"Google developers console API activation","url":"https://console.developers.google.com/apis/api/compute.googleapis.com/overview?project=209159062090"}]}]}}
[debug] [2026-02-05T16:04:30.646Z] unable to look up default compute service account. Falling back to 209159062090-compute@developer.gserviceaccount.com. Error: {"name":"FirebaseError","children":[],"context":{"body":{"error":{"code":403,"message":"Compute Engine API has not been used in project 209159062090 before or it is disabled. Enable it by visiting https://console.developers.google.com/apis/api/compute.googleapis.com/overview?project=209159062090 then retry. If you enabled this API recently, wait a few minutes for the action to propagate to our systems and retry.","errors":[{"message":"Compute Engine API has not been used in project 209159062090 before or it is disabled. Enable it by visiting https://console.developers.google.com/apis/api/compute.googleapis.com/overview?project=209159062090 then retry. If you enabled this API recently, wait a few minutes for the action to propagate to our systems and retry.","domain":"usageLimits","reason":"accessNotConfigured","extendedHelp":"https://console.developers.google.com"}],"status":"PERMISSION_DENIED","details":[{"@type":"type.googleapis.com/google.rpc.ErrorInfo","reason":"SERVICE_DISABLED","domain":"googleapis.com","metadata":{"service":"compute.googleapis.com","containerInfo":"209159062090","consumer":"projects/209159062090","serviceTitle":"Compute Engine API","activationUrl":"https://console.developers.google.com/apis/api/compute.googleapis.com/overview?project=209159062090"}},{"@type":"type.googleapis.com/google.rpc.LocalizedMessage","locale":"en-US","message":"Compute Engine API has not been used in project 209159062090 before or it is disabled. Enable it by visiting https://console.developers.google.com/apis/api/compute.googleapis.com/overview?project=209159062090 then retry. If you enabled this API recently, wait a few minutes for the action to propagate to our systems and retry."},{"@type":"type.googleapis.com/google.rpc.Help","links":[{"description":"Google developers console API activation","url":"https://console.developers.google.com/apis/api/compute.googleapis.com/overview?project=209159062090"}]}]}},"response":{"statusCode":403}},"exit":1,"message":"Request to https://compute.googleapis.com/compute/v1/projects/209159062090 had HTTP Error: 403, Compute Engine API has not been used in project 209159062090 before or it is disabled. Enable it by visiting https://console.developers.google.com/apis/api/compute.googleapis.com/overview?project=209159062090 then retry. If you enabled this API recently, wait a few minutes for the action to propagate to our systems and retry.","status":403}
[debug] [2026-02-05T16:04:30.646Z] Checked if tokens are valid: true, expires at: 1770308555729
[debug] [2026-02-05T16:04:30.646Z] Checked if tokens are valid: true, expires at: 1770308555729
[debug] [2026-02-05T16:04:30.646Z] >>> [apiv2][query] GET https://compute.googleapis.com/compute/v1/projects/209159062090 [none]
[debug] [2026-02-05T16:04:30.729Z] <<< [apiv2][status] GET https://compute.googleapis.com/compute/v1/projects/209159062090 403
[debug] [2026-02-05T16:04:30.729Z] <<< [apiv2][body] GET https://compute.googleapis.com/compute/v1/projects/209159062090 {"error":{"code":403,"message":"Compute Engine API has not been used in project 209159062090 before or it is disabled. Enable it by visiting https://console.developers.google.com/apis/api/compute.googleapis.com/overview?project=209159062090 then retry. If you enabled this API recently, wait a few minutes for the action to propagate to our systems and retry.","errors":[{"message":"Compute Engine API has not been used in project 209159062090 before or it is disabled. Enable it by visiting https://console.developers.google.com/apis/api/compute.googleapis.com/overview?project=209159062090 then retry. If you enabled this API recently, wait a few minutes for the action to propagate to our systems and retry.","domain":"usageLimits","reason":"accessNotConfigured","extendedHelp":"https://console.developers.google.com"}],"status":"PERMISSION_DENIED","details":[{"@type":"type.googleapis.com/google.rpc.ErrorInfo","reason":"SERVICE_DISABLED","domain":"googleapis.com","metadata":{"service":"compute.googleapis.com","consumer":"projects/209159062090","activationUrl":"https://console.developers.google.com/apis/api/compute.googleapis.com/overview?project=209159062090","containerInfo":"209159062090","serviceTitle":"Compute Engine API"}},{"@type":"type.googleapis.com/google.rpc.LocalizedMessage","locale":"en-US","message":"Compute Engine API has not been used in project 209159062090 before or it is disabled. Enable it by visiting https://console.developers.google.com/apis/api/compute.googleapis.com/overview?project=209159062090 then retry. If you enabled this API recently, wait a few minutes for the action to propagate to our systems and retry."},{"@type":"type.googleapis.com/google.rpc.Help","links":[{"description":"Google developers console API activation","url":"https://console.developers.google.com/apis/api/compute.googleapis.com/overview?project=209159062090"}]}]}}
[debug] [2026-02-05T16:04:30.729Z] unable to look up default compute service account. Falling back to 209159062090-compute@developer.gserviceaccount.com. Error: {"name":"FirebaseError","children":[],"context":{"body":{"error":{"code":403,"message":"Compute Engine API has not been used in project 209159062090 before or it is disabled. Enable it by visiting https://console.developers.google.com/apis/api/compute.googleapis.com/overview?project=209159062090 then retry. If you enabled this API recently, wait a few minutes for the action to propagate to our systems and retry.","errors":[{"message":"Compute Engine API has not been used in project 209159062090 before or it is disabled. Enable it by visiting https://console.developers.google.com/apis/api/compute.googleapis.com/overview?project=209159062090 then retry. If you enabled this API recently, wait a few minutes for the action to propagate to our systems and retry.","domain":"usageLimits","reason":"accessNotConfigured","extendedHelp":"https://console.developers.google.com"}],"status":"PERMISSION_DENIED","details":[{"@type":"type.googleapis.com/google.rpc.ErrorInfo","reason":"SERVICE_DISABLED","domain":"googleapis.com","metadata":{"service":"compute.googleapis.com","consumer":"projects/209159062090","activationUrl":"https://console.developers.google.com/apis/api/compute.googleapis.com/overview?project=209159062090","containerInfo":"209159062090","serviceTitle":"Compute Engine API"}},{"@type":"type.googleapis.com/google.rpc.LocalizedMessage","locale":"en-US","message":"Compute Engine API has not been used in project 209159062090 before or it is disabled. Enable it by visiting https://console.developers.google.com/apis/api/compute.googleapis.com/overview?project=209159062090 then retry. If you enabled this API recently, wait a few minutes for the action to propagate to our systems and retry."},{"@type":"type.googleapis.com/google.rpc.Help","links":[{"description":"Google developers console API activation","url":"https://console.developers.google.com/apis/api/compute.googleapis.com/overview?project=209159062090"}]}]}},"response":{"statusCode":403}},"exit":1,"message":"Request to https://compute.googleapis.com/compute/v1/projects/209159062090 had HTTP Error: 403, Compute Engine API has not been used in project 209159062090 before or it is disabled. Enable it by visiting https://console.developers.google.com/apis/api/compute.googleapis.com/overview?project=209159062090 then retry. If you enabled this API recently, wait a few minutes for the action to propagate to our systems and retry.","status":403}
[debug] [2026-02-05T16:04:30.729Z] Checked if tokens are valid: true, expires at: 1770308555729
[debug] [2026-02-05T16:04:30.729Z] Checked if tokens are valid: true, expires at: 1770308555729
[debug] [2026-02-05T16:04:30.729Z] >>> [apiv2][query] GET https://compute.googleapis.com/compute/v1/projects/209159062090 [none]
[debug] [2026-02-05T16:04:30.790Z] <<< [apiv2][status] GET https://compute.googleapis.com/compute/v1/projects/209159062090 403
[debug] [2026-02-05T16:04:30.790Z] <<< [apiv2][body] GET https://compute.googleapis.com/compute/v1/projects/209159062090 {"error":{"code":403,"message":"Compute Engine API has not been used in project 209159062090 before or it is disabled. Enable it by visiting https://console.developers.google.com/apis/api/compute.googleapis.com/overview?project=209159062090 then retry. If you enabled this API recently, wait a few minutes for the action to propagate to our systems and retry.","errors":[{"message":"Compute Engine API has not been used in project 209159062090 before or it is disabled. Enable it by visiting https://console.developers.google.com/apis/api/compute.googleapis.com/overview?project=209159062090 then retry. If you enabled this API recently, wait a few minutes for the action to propagate to our systems and retry.","domain":"usageLimits","reason":"accessNotConfigured","extendedHelp":"https://console.developers.google.com"}],"status":"PERMISSION_DENIED","details":[{"@type":"type.googleapis.com/google.rpc.ErrorInfo","reason":"SERVICE_DISABLED","domain":"googleapis.com","metadata":{"consumer":"projects/209159062090","service":"compute.googleapis.com","activationUrl":"https://console.developers.google.com/apis/api/compute.googleapis.com/overview?project=209159062090","serviceTitle":"Compute Engine API","containerInfo":"209159062090"}},{"@type":"type.googleapis.com/google.rpc.LocalizedMessage","locale":"en-US","message":"Compute Engine API has not been used in project 209159062090 before or it is disabled. Enable it by visiting https://console.developers.google.com/apis/api/compute.googleapis.com/overview?project=209159062090 then retry. If you enabled this API recently, wait a few minutes for the action to propagate to our systems and retry."},{"@type":"type.googleapis.com/google.rpc.Help","links":[{"description":"Google developers console API activation","url":"https://console.developers.google.com/apis/api/compute.googleapis.com/overview?project=209159062090"}]}]}}
[debug] [2026-02-05T16:04:30.791Z] unable to look up default compute service account. Falling back to 209159062090-compute@developer.gserviceaccount.com. Error: {"name":"FirebaseError","children":[],"context":{"body":{"error":{"code":403,"message":"Compute Engine API has not been used in project 209159062090 before or it is disabled. Enable it by visiting https://console.developers.google.com/apis/api/compute.googleapis.com/overview?project=209159062090 then retry. If you enabled this API recently, wait a few minutes for the action to propagate to our systems and retry.","errors":[{"message":"Compute Engine API has not been used in project 209159062090 before or it is disabled. Enable it by visiting https://console.developers.google.com/apis/api/compute.googleapis.com/overview?project=209159062090 then retry. If you enabled this API recently, wait a few minutes for the action to propagate to our systems and retry.","domain":"usageLimits","reason":"accessNotConfigured","extendedHelp":"https://console.developers.google.com"}],"status":"PERMISSION_DENIED","details":[{"@type":"type.googleapis.com/google.rpc.ErrorInfo","reason":"SERVICE_DISABLED","domain":"googleapis.com","metadata":{"consumer":"projects/209159062090","service":"compute.googleapis.com","activationUrl":"https://console.developers.google.com/apis/api/compute.googleapis.com/overview?project=209159062090","serviceTitle":"Compute Engine API","containerInfo":"209159062090"}},{"@type":"type.googleapis.com/google.rpc.LocalizedMessage","locale":"en-US","message":"Compute Engine API has not been used in project 209159062090 before or it is disabled. Enable it by visiting https://console.developers.google.com/apis/api/compute.googleapis.com/overview?project=209159062090 then retry. If you enabled this API recently, wait a few minutes for the action to propagate to our systems and retry."},{"@type":"type.googleapis.com/google.rpc.Help","links":[{"description":"Google developers console API activation","url":"https://console.developers.google.com/apis/api/compute.googleapis.com/overview?project=209159062090"}]}]}},"response":{"statusCode":403}},"exit":1,"message":"Request to https://compute.googleapis.com/compute/v1/projects/209159062090 had HTTP Error: 403, Compute Engine API has not been used in project 209159062090 before or it is disabled. Enable it by visiting https://console.developers.google.com/apis/api/compute.googleapis.com/overview?project=209159062090 then retry. If you enabled this API recently, wait a few minutes for the action to propagate to our systems and retry.","status":403}
[debug] [2026-02-05T16:04:30.791Z] Checked if tokens are valid: true, expires at: 1770308555729
[debug] [2026-02-05T16:04:30.791Z] Checked if tokens are valid: true, expires at: 1770308555729
[debug] [2026-02-05T16:04:30.792Z] >>> [apiv2][query] GET https://cloudbilling.googleapis.com/v1/projects/moonstone-4ffb6/billingInfo [none]
[debug] [2026-02-05T16:04:30.951Z] <<< [apiv2][status] GET https://cloudbilling.googleapis.com/v1/projects/moonstone-4ffb6/billingInfo 200
[debug] [2026-02-05T16:04:30.951Z] <<< [apiv2][body] GET https://cloudbilling.googleapis.com/v1/projects/moonstone-4ffb6/billingInfo {"name":"projects/moonstone-4ffb6/billingInfo","projectId":"moonstone-4ffb6","billingAccountName":"billingAccounts/019B14-2E884D-1C69FF","billingEnabled":true}
[debug] [2026-02-05T16:04:30.953Z] Checked if tokens are valid: true, expires at: 1770308555729
[debug] [2026-02-05T16:04:30.953Z] Checked if tokens are valid: true, expires at: 1770308555729
[debug] [2026-02-05T16:04:30.953Z] Checked if tokens are valid: true, expires at: 1770308555729
[debug] [2026-02-05T16:04:30.954Z] Checked if tokens are valid: true, expires at: 1770308555729
[debug] [2026-02-05T16:04:30.954Z] >>> [apiv2][query] POST https://cloudfunctions.googleapis.com/v1/projects/moonstone-4ffb6/locations/us-central1/functions:generateUploadUrl [none]
[debug] [2026-02-05T16:04:30.954Z] >>> [apiv2][body] POST https://cloudfunctions.googleapis.com/v1/projects/moonstone-4ffb6/locations/us-central1/functions:generateUploadUrl {}
[debug] [2026-02-05T16:04:30.955Z] >>> [apiv2][query] POST https://cloudfunctions.googleapis.com/v2/projects/moonstone-4ffb6/locations/us-central1/functions:generateUploadUrl [none]
[debug] [2026-02-05T16:04:31.264Z] <<< [apiv2][status] POST https://cloudfunctions.googleapis.com/v2/projects/moonstone-4ffb6/locations/us-central1/functions:generateUploadUrl 200
[debug] [2026-02-05T16:04:31.265Z] <<< [apiv2][body] POST https://cloudfunctions.googleapis.com/v2/projects/moonstone-4ffb6/locations/us-central1/functions:generateUploadUrl {"uploadUrl":"https://storage.googleapis.com/gcf-v2-uploads-209159062090.us-central1.cloudfunctions.appspot.com/92efb0cd-8bf9-4640-94f9-dbe4413cd649.zip?GoogleAccessId=service-209159062090@gcf-admin-robot.iam.gserviceaccount.com&Expires=1770309269&Signature=oe7PtkZAmuXeKBtGQSpSrldUjkxXBFnG7FJtwg831VJ6cS030q3lOT5tJOCC8fr5WPd4UvA47qzpYunXyK8TRzHlQM%2F4C2lkX%2Bq5iE1zWY3vyNXX4Kpdk1DZewrKd4L6Hxrnrtea2av6yU7%2Bz2JmuKVbIyefE%2F15H5VkCA%2FrLy1IceRlnbNF3XKhw4cVIFZjX2nGDdEMgpf4gE6tKfuAn4epLnbtTzfEvxb2BuoIU8ugJ1LA891sG0%2Fuh5y1LHBn88FmzAvHgnRevVQnZtfGS3ZHETAkgsv7O6%2Fpo%2BwTeG%2BQYMYVgk45ZlbqcDxIEL85JLwaWk%2F32soasZc%2FDRPYhA%3D%3D","storageSource":{"bucket":"gcf-v2-uploads-209159062090.us-central1.cloudfunctions.appspot.com","object":"92efb0cd-8bf9-4640-94f9-dbe4413cd649.zip"}}
[debug] [2026-02-05T16:04:31.265Z] >>> [apiv2][query] PUT https://storage.googleapis.com/gcf-v2-uploads-209159062090.us-central1.cloudfunctions.appspot.com/92efb0cd-8bf9-4640-94f9-dbe4413cd649.zip GoogleAccessId=service-209159062090%40gcf-admin-robot.iam.gserviceaccount.com&Expires=1770309269&Signature=oe7PtkZAmuXeKBtGQSpSrldUjkxXBFnG7FJtwg831VJ6cS030q3lOT5tJOCC8fr5WPd4UvA47qzpYunXyK8TRzHlQM%2F4C2lkX%2Bq5iE1zWY3vyNXX4Kpdk1DZewrKd4L6Hxrnrtea2av6yU7%2Bz2JmuKVbIyefE%2F15H5VkCA%2FrLy1IceRlnbNF3XKhw4cVIFZjX2nGDdEMgpf4gE6tKfuAn4epLnbtTzfEvxb2BuoIU8ugJ1LA891sG0%2Fuh5y1LHBn88FmzAvHgnRevVQnZtfGS3ZHETAkgsv7O6%2Fpo%2BwTeG%2BQYMYVgk45ZlbqcDxIEL85JLwaWk%2F32soasZc%2FDRPYhA%3D%3D
[debug] [2026-02-05T16:04:31.265Z] >>> [apiv2][body] PUT https://storage.googleapis.com/gcf-v2-uploads-209159062090.us-central1.cloudfunctions.appspot.com/92efb0cd-8bf9-4640-94f9-dbe4413cd649.zip [stream]
[debug] [2026-02-05T16:04:31.528Z] <<< [apiv2][status] PUT https://storage.googleapis.com/gcf-v2-uploads-209159062090.us-central1.cloudfunctions.appspot.com/92efb0cd-8bf9-4640-94f9-dbe4413cd649.zip 200
[debug] [2026-02-05T16:04:31.528Z] <<< [apiv2][body] PUT https://storage.googleapis.com/gcf-v2-uploads-209159062090.us-central1.cloudfunctions.appspot.com/92efb0cd-8bf9-4640-94f9-dbe4413cd649.zip [omitted]
[debug] [2026-02-05T16:04:31.536Z] <<< [apiv2][status] POST https://cloudfunctions.googleapis.com/v1/projects/moonstone-4ffb6/locations/us-central1/functions:generateUploadUrl 200
[debug] [2026-02-05T16:04:31.536Z] <<< [apiv2][body] POST https://cloudfunctions.googleapis.com/v1/projects/moonstone-4ffb6/locations/us-central1/functions:generateUploadUrl {"uploadUrl":"https://storage.googleapis.com/uploads-103741382100.us-central1.cloudfunctions.appspot.com/fd5f4b10-979c-4e98-8fed-6ea9b74dbfdd.zip?GoogleAccessId=service-209159062090@gcf-admin-robot.iam.gserviceaccount.com&Expires=1770309269&Signature=ilJjefXq3lJUkA84HjrpUi4RDBqk01KPGYCZQm2TsbY7Kc5SoJWKZ6CH%2B5sH1%2FgFo8Ob0g8mVzKpsLMs%2FRJtTYvlt79c8%2FB02ZDiY1J23aBqfygefWZQXpeG3n8jBejT57h%2Bxp1SWbH9ounL%2FC4OQoaUfR2%2BqoQiawPyiuSDwdVefJ%2F4lXTkPW2q73gSsxF4C2hSstsFavTDPo6PDRPOYVZhGEPamDoNzTsxIBVQ%2F8P8FbpJdZtKuZTk8FpBTGZDkh73zwA5AWegbOsbxZ7GhKcMtl1WhwgSzS%2Bd1EIVzSocbKV6II9eZZu69vhrcs7gKzowVIpwQhT3hAshnFAboQ%3D%3D"}
[debug] [2026-02-05T16:04:31.536Z] >>> [apiv2][query] PUT https://storage.googleapis.com/uploads-103741382100.us-central1.cloudfunctions.appspot.com/fd5f4b10-979c-4e98-8fed-6ea9b74dbfdd.zip GoogleAccessId=service-209159062090%40gcf-admin-robot.iam.gserviceaccount.com&Expires=1770309269&Signature=ilJjefXq3lJUkA84HjrpUi4RDBqk01KPGYCZQm2TsbY7Kc5SoJWKZ6CH%2B5sH1%2FgFo8Ob0g8mVzKpsLMs%2FRJtTYvlt79c8%2FB02ZDiY1J23aBqfygefWZQXpeG3n8jBejT57h%2Bxp1SWbH9ounL%2FC4OQoaUfR2%2BqoQiawPyiuSDwdVefJ%2F4lXTkPW2q73gSsxF4C2hSstsFavTDPo6PDRPOYVZhGEPamDoNzTsxIBVQ%2F8P8FbpJdZtKuZTk8FpBTGZDkh73zwA5AWegbOsbxZ7GhKcMtl1WhwgSzS%2Bd1EIVzSocbKV6II9eZZu69vhrcs7gKzowVIpwQhT3hAshnFAboQ%3D%3D
[debug] [2026-02-05T16:04:31.536Z] >>> [apiv2][body] PUT https://storage.googleapis.com/uploads-103741382100.us-central1.cloudfunctions.appspot.com/fd5f4b10-979c-4e98-8fed-6ea9b74dbfdd.zip [stream]
[debug] [2026-02-05T16:04:31.713Z] <<< [apiv2][status] PUT https://storage.googleapis.com/uploads-103741382100.us-central1.cloudfunctions.appspot.com/fd5f4b10-979c-4e98-8fed-6ea9b74dbfdd.zip 200
[debug] [2026-02-05T16:04:31.713Z] <<< [apiv2][body] PUT https://storage.googleapis.com/uploads-103741382100.us-central1.cloudfunctions.appspot.com/fd5f4b10-979c-4e98-8fed-6ea9b74dbfdd.zip [omitted]
[info] +  functions: functions source uploaded successfully 
[info] i  functions: updating Node.js 20 (2nd Gen) function addToLibrary(us-central1)... 
[info] i  functions: updating Node.js 20 (2nd Gen) function deleteStory(us-central1)... 
[info] i  functions: updating Node.js 20 (2nd Gen) function toggleFavorite(us-central1)... 
[info] i  functions: updating Node.js 20 (2nd Gen) function updateProgress(us-central1)... 
[info] i  functions: updating Node.js 20 (1st Gen) function onUserCreated(us-central1)... 
[info] i  functions: updating Node.js 20 (2nd Gen) function createStory(us-central1)... 
[info] i  functions: updating Node.js 20 (2nd Gen) function previewVoice(us-central1)... 
[debug] [2026-02-05T16:04:31.717Z] Checked if tokens are valid: true, expires at: 1770308555729
[debug] [2026-02-05T16:04:31.717Z] Checked if tokens are valid: true, expires at: 1770308555729
[debug] [2026-02-05T16:04:31.718Z] Checked if tokens are valid: true, expires at: 1770308555729
[debug] [2026-02-05T16:04:31.718Z] Checked if tokens are valid: true, expires at: 1770308555729
[debug] [2026-02-05T16:04:31.718Z] Checked if tokens are valid: true, expires at: 1770308555729
[debug] [2026-02-05T16:04:31.718Z] Checked if tokens are valid: true, expires at: 1770308555729
[debug] [2026-02-05T16:04:31.718Z] Checked if tokens are valid: true, expires at: 1770308555729
[debug] [2026-02-05T16:04:31.718Z] Checked if tokens are valid: true, expires at: 1770308555729
[debug] [2026-02-05T16:04:31.718Z] >>> [apiv2][query] PATCH https://cloudfunctions.googleapis.com/v2/projects/moonstone-4ffb6/locations/us-central1/functions/addToLibrary updateMask=name%2CbuildConfig.runtime%2CbuildConfig.entryPoint%2CbuildConfig.source.storageSource.bucket%2CbuildConfig.source.storageSource.object%2CbuildConfig.environmentVariables%2CbuildConfig.sourceToken%2CserviceConfig.environmentVariables%2CserviceConfig.ingressSettings%2CserviceConfig.timeoutSeconds%2CserviceConfig.serviceAccountEmail%2CserviceConfig.availableMemory%2CserviceConfig.minInstanceCount%2CserviceConfig.maxInstanceCount%2CserviceConfig.maxInstanceRequestConcurrency%2CserviceConfig.availableCpu%2CserviceConfig.vpcConnector%2CserviceConfig.vpcConnectorEgressSettings%2Clabels
[debug] [2026-02-05T16:04:31.718Z] >>> [apiv2][body] PATCH https://cloudfunctions.googleapis.com/v2/projects/moonstone-4ffb6/locations/us-central1/functions/addToLibrary {"name":"projects/moonstone-4ffb6/locations/us-central1/functions/addToLibrary","buildConfig":{"runtime":"nodejs20","entryPoint":"addToLibrary","source":{"storageSource":{"bucket":"gcf-v2-uploads-209159062090.us-central1.cloudfunctions.appspot.com","object":"92efb0cd-8bf9-4640-94f9-dbe4413cd649.zip"}},"environmentVariables":{"GOOGLE_NODE_RUN_SCRIPTS":""}},"serviceConfig":{"environmentVariables":{"FIREBASE_CONFIG":"{\"projectId\":\"moonstone-4ffb6\",\"storageBucket\":\"moonstone-4ffb6.firebasestorage.app\"}","GCLOUD_PROJECT":"moonstone-4ffb6","EVENTARC_CLOUD_EVENT_SOURCE":"projects/moonstone-4ffb6/locations/us-central1/services/addToLibrary","FUNCTION_TARGET":"addToLibrary","LOG_EXECUTION_ID":"true","FUNCTION_SIGNATURE_TYPE":"http"},"ingressSettings":null,"timeoutSeconds":null,"serviceAccountEmail":null,"availableMemory":"256Mi","minInstanceCount":null,"maxInstanceCount":null,"maxInstanceRequestConcurrency":80,"availableCpu":"1","vpcConnector":null,"vpcConnectorEgressSettings":null},"labels":{"deployment-tool":"cli-firebase","deployment-callable":"true","firebase-functions-hash":"7bbeefe44dd2fb04675612dc9aa4e05f050b0b2b"}}
[debug] [2026-02-05T16:04:31.718Z] >>> [apiv2][query] PATCH https://cloudfunctions.googleapis.com/v1/projects/moonstone-4ffb6/locations/us-central1/functions/onUserCreated updateMask=name%2CsourceUploadUrl%2CentryPoint%2Cruntime%2CdockerRegistry%2Clabels%2CeventTrigger.eventType%2CeventTrigger.resource%2CeventTrigger.failurePolicy%2CminInstances%2CmaxInstances%2CingressSettings%2CenvironmentVariables%2CserviceAccountEmail%2CavailableMemoryMb%2Ctimeout%2CvpcConnector%2CvpcConnectorEgressSettings%2CsourceToken%2CbuildEnvironmentVariables
[debug] [2026-02-05T16:04:31.718Z] >>> [apiv2][body] PATCH https://cloudfunctions.googleapis.com/v1/projects/moonstone-4ffb6/locations/us-central1/functions/onUserCreated {"name":"projects/moonstone-4ffb6/locations/us-central1/functions/onUserCreated","sourceUploadUrl":"https://storage.googleapis.com/uploads-103741382100.us-central1.cloudfunctions.appspot.com/fd5f4b10-979c-4e98-8fed-6ea9b74dbfdd.zip?GoogleAccessId=service-209159062090@gcf-admin-robot.iam.gserviceaccount.com&Expires=1770309269&Signature=ilJjefXq3lJUkA84HjrpUi4RDBqk01KPGYCZQm2TsbY7Kc5SoJWKZ6CH%2B5sH1%2FgFo8Ob0g8mVzKpsLMs%2FRJtTYvlt79c8%2FB02ZDiY1J23aBqfygefWZQXpeG3n8jBejT57h%2Bxp1SWbH9ounL%2FC4OQoaUfR2%2BqoQiawPyiuSDwdVefJ%2F4lXTkPW2q73gSsxF4C2hSstsFavTDPo6PDRPOYVZhGEPamDoNzTsxIBVQ%2F8P8FbpJdZtKuZTk8FpBTGZDkh73zwA5AWegbOsbxZ7GhKcMtl1WhwgSzS%2Bd1EIVzSocbKV6II9eZZu69vhrcs7gKzowVIpwQhT3hAshnFAboQ%3D%3D","entryPoint":"onUserCreated","runtime":"nodejs20","dockerRegistry":"ARTIFACT_REGISTRY","labels":{"deployment-tool":"cli-firebase","firebase-functions-hash":"601a9d2c7821ba6b3231d8b73751faf9cff534f0"},"eventTrigger":{"eventType":"providers/firebase.auth/eventTypes/user.create","resource":"projects/moonstone-4ffb6"},"minInstances":null,"maxInstances":null,"ingressSettings":null,"environmentVariables":{"FIREBASE_CONFIG":"{\"projectId\":\"moonstone-4ffb6\",\"storageBucket\":\"moonstone-4ffb6.firebasestorage.app\"}","GCLOUD_PROJECT":"moonstone-4ffb6","EVENTARC_CLOUD_EVENT_SOURCE":"projects/moonstone-4ffb6/locations/us-central1/functions/onUserCreated"},"serviceAccountEmail":null,"availableMemoryMb":null,"timeout":null,"vpcConnector":null,"vpcConnectorEgressSettings":null,"buildEnvironmentVariables":{"GOOGLE_NODE_RUN_SCRIPTS":""}}
[debug] [2026-02-05T16:04:31.719Z] >>> [apiv2][query] PATCH https://cloudfunctions.googleapis.com/v2/projects/moonstone-4ffb6/locations/us-central1/functions/createStory updateMask=name%2CbuildConfig.runtime%2CbuildConfig.entryPoint%2CbuildConfig.source.storageSource.bucket%2CbuildConfig.source.storageSource.object%2CbuildConfig.environmentVariables%2CbuildConfig.sourceToken%2CserviceConfig.environmentVariables%2CserviceConfig.ingressSettings%2CserviceConfig.timeoutSeconds%2CserviceConfig.serviceAccountEmail%2CserviceConfig.availableMemory%2CserviceConfig.minInstanceCount%2CserviceConfig.maxInstanceCount%2CserviceConfig.maxInstanceRequestConcurrency%2CserviceConfig.availableCpu%2CserviceConfig.vpcConnector%2CserviceConfig.vpcConnectorEgressSettings%2Clabels
[debug] [2026-02-05T16:04:31.719Z] >>> [apiv2][body] PATCH https://cloudfunctions.googleapis.com/v2/projects/moonstone-4ffb6/locations/us-central1/functions/createStory {"name":"projects/moonstone-4ffb6/locations/us-central1/functions/createStory","buildConfig":{"runtime":"nodejs20","entryPoint":"createStory","source":{"storageSource":{"bucket":"gcf-v2-uploads-209159062090.us-central1.cloudfunctions.appspot.com","object":"92efb0cd-8bf9-4640-94f9-dbe4413cd649.zip"}},"environmentVariables":{"GOOGLE_NODE_RUN_SCRIPTS":""}},"serviceConfig":{"environmentVariables":{"FIREBASE_CONFIG":"{\"projectId\":\"moonstone-4ffb6\",\"storageBucket\":\"moonstone-4ffb6.firebasestorage.app\"}","GCLOUD_PROJECT":"moonstone-4ffb6","EVENTARC_CLOUD_EVENT_SOURCE":"projects/moonstone-4ffb6/locations/us-central1/services/createStory","FUNCTION_TARGET":"createStory","LOG_EXECUTION_ID":"true"},"ingressSettings":null,"timeoutSeconds":540,"serviceAccountEmail":null,"availableMemory":"1024Mi","minInstanceCount":null,"maxInstanceCount":null,"maxInstanceRequestConcurrency":80,"availableCpu":"1","vpcConnector":null,"vpcConnectorEgressSettings":null},"labels":{"deployment-tool":"cli-firebase","deployment-callable":"true","firebase-functions-hash":"7bbeefe44dd2fb04675612dc9aa4e05f050b0b2b"}}
[debug] [2026-02-05T16:04:31.720Z] >>> [apiv2][query] PATCH https://cloudfunctions.googleapis.com/v2/projects/moonstone-4ffb6/locations/us-central1/functions/previewVoice updateMask=name%2CbuildConfig.runtime%2CbuildConfig.entryPoint%2CbuildConfig.source.storageSource.bucket%2CbuildConfig.source.storageSource.object%2CbuildConfig.environmentVariables%2CbuildConfig.sourceToken%2CserviceConfig.environmentVariables%2CserviceConfig.ingressSettings%2CserviceConfig.timeoutSeconds%2CserviceConfig.serviceAccountEmail%2CserviceConfig.availableMemory%2CserviceConfig.minInstanceCount%2CserviceConfig.maxInstanceCount%2CserviceConfig.maxInstanceRequestConcurrency%2CserviceConfig.availableCpu%2CserviceConfig.vpcConnector%2CserviceConfig.vpcConnectorEgressSettings%2Clabels
[debug] [2026-02-05T16:04:31.720Z] >>> [apiv2][body] PATCH https://cloudfunctions.googleapis.com/v2/projects/moonstone-4ffb6/locations/us-central1/functions/previewVoice {"name":"projects/moonstone-4ffb6/locations/us-central1/functions/previewVoice","buildConfig":{"runtime":"nodejs20","entryPoint":"previewVoice","source":{"storageSource":{"bucket":"gcf-v2-uploads-209159062090.us-central1.cloudfunctions.appspot.com","object":"92efb0cd-8bf9-4640-94f9-dbe4413cd649.zip"}},"environmentVariables":{"GOOGLE_NODE_RUN_SCRIPTS":""}},"serviceConfig":{"environmentVariables":{"FIREBASE_CONFIG":"{\"projectId\":\"moonstone-4ffb6\",\"storageBucket\":\"moonstone-4ffb6.firebasestorage.app\"}","GCLOUD_PROJECT":"moonstone-4ffb6","EVENTARC_CLOUD_EVENT_SOURCE":"projects/moonstone-4ffb6/locations/us-central1/services/previewVoice","FUNCTION_TARGET":"previewVoice","LOG_EXECUTION_ID":"true"},"ingressSettings":null,"timeoutSeconds":null,"serviceAccountEmail":null,"availableMemory":"512Mi","minInstanceCount":null,"maxInstanceCount":null,"maxInstanceRequestConcurrency":80,"availableCpu":"1","vpcConnector":null,"vpcConnectorEgressSettings":null},"labels":{"deployment-tool":"cli-firebase","deployment-callable":"true","firebase-functions-hash":"7bbeefe44dd2fb04675612dc9aa4e05f050b0b2b"}}
[debug] [2026-02-05T16:04:32.237Z] <<< [apiv2][status] PATCH https://cloudfunctions.googleapis.com/v1/projects/moonstone-4ffb6/locations/us-central1/functions/onUserCreated 200
[debug] [2026-02-05T16:04:32.237Z] <<< [apiv2][body] PATCH https://cloudfunctions.googleapis.com/v1/projects/moonstone-4ffb6/locations/us-central1/functions/onUserCreated {"name":"operations/bW9vbnN0b25lLTRmZmI2L3VzLWNlbnRyYWwxL29uVXNlckNyZWF0ZWQvWjJ5VTQwUjBZakE","metadata":{"@type":"type.googleapis.com/google.cloud.functions.v1.OperationMetadataV1","target":"projects/moonstone-4ffb6/locations/us-central1/functions/onUserCreated","type":"UPDATE_FUNCTION","request":{"@type":"type.googleapis.com/google.cloud.functions.v1.CloudFunction","name":"projects/moonstone-4ffb6/locations/us-central1/functions/onUserCreated","eventTrigger":{"eventType":"providers/firebase.auth/eventTypes/user.create","resource":"projects/moonstone-4ffb6","service":"firebaseauth.googleapis.com"},"status":"ACTIVE","entryPoint":"onUserCreated","updateTime":"2026-02-05T15:47:52.578Z","versionId":"37","labels":{"deployment-tool":"cli-firebase","firebase-functions-hash":"601a9d2c7821ba6b3231d8b73751faf9cff534f0"},"sourceUploadUrl":"https://storage.googleapis.com/uploads-103741382100.us-central1.cloudfunctions.appspot.com/fd5f4b10-979c-4e98-8fed-6ea9b74dbfdd.zip?GoogleAccessId=service-209159062090@gcf-admin-robot.iam.gserviceaccount.com&Expires=1770309269&Signature=ilJjefXq3lJUkA84HjrpUi4RDBqk01KPGYCZQm2TsbY7Kc5SoJWKZ6CH%2B5sH1%2FgFo8Ob0g8mVzKpsLMs%2FRJtTYvlt79c8%2FB02ZDiY1J23aBqfygefWZQXpeG3n8jBejT57h%2Bxp1SWbH9ounL%2FC4OQoaUfR2%2BqoQiawPyiuSDwdVefJ%2F4lXTkPW2q73gSsxF4C2hSstsFavTDPo6PDRPOYVZhGEPamDoNzTsxIBVQ%2F8P8FbpJdZtKuZTk8FpBTGZDkh73zwA5AWegbOsbxZ7GhKcMtl1WhwgSzS%2Bd1EIVzSocbKV6II9eZZu69vhrcs7gKzowVIpwQhT3hAshnFAboQ%3D%3D","environmentVariables":{"FIREBASE_CONFIG":"{\"projectId\":\"moonstone-4ffb6\",\"storageBucket\":\"moonstone-4ffb6.firebasestorage.app\"}","GCLOUD_PROJECT":"moonstone-4ffb6","EVENTARC_CLOUD_EVENT_SOURCE":"projects/moonstone-4ffb6/locations/us-central1/functions/onUserCreated"},"runtime":"nodejs20","buildId":"69f59c75-70a9-4043-acf7-a346c1545c96","buildEnvironmentVariables":{"GOOGLE_NODE_RUN_SCRIPTS":""},"buildName":"projects/209159062090/locations/us-central1/builds/69f59c75-70a9-4043-acf7-a346c1545c96","dockerRegistry":"ARTIFACT_REGISTRY","automaticUpdatePolicy":{},"buildServiceAccount":"projects/moonstone-4ffb6/serviceAccounts/209159062090-compute@developer.gserviceaccount.com"},"versionId":"38","updateTime":"2026-02-05T16:04:30Z"}}
[debug] [2026-02-05T16:04:32.238Z] Checked if tokens are valid: true, expires at: 1770308555729
[debug] [2026-02-05T16:04:32.238Z] Checked if tokens are valid: true, expires at: 1770308555729
[debug] [2026-02-05T16:04:32.238Z] >>> [apiv2][query] GET https://cloudfunctions.googleapis.com/v1/operations/bW9vbnN0b25lLTRmZmI2L3VzLWNlbnRyYWwxL29uVXNlckNyZWF0ZWQvWjJ5VTQwUjBZakE [none]
[debug] [2026-02-05T16:04:32.418Z] <<< [apiv2][status] GET https://cloudfunctions.googleapis.com/v1/operations/bW9vbnN0b25lLTRmZmI2L3VzLWNlbnRyYWwxL29uVXNlckNyZWF0ZWQvWjJ5VTQwUjBZakE 503
[debug] [2026-02-05T16:04:32.418Z] <<< [apiv2][body] GET https://cloudfunctions.googleapis.com/v1/operations/bW9vbnN0b25lLTRmZmI2L3VzLWNlbnRyYWwxL29uVXNlckNyZWF0ZWQvWjJ5VTQwUjBZakE {"error":{"code":503,"message":"The service is currently unavailable.","status":"UNAVAILABLE"}}
[debug] [2026-02-05T16:04:32.655Z] <<< [apiv2][status] PATCH https://cloudfunctions.googleapis.com/v2/projects/moonstone-4ffb6/locations/us-central1/functions/addToLibrary 200
[debug] [2026-02-05T16:04:32.655Z] <<< [apiv2][body] PATCH https://cloudfunctions.googleapis.com/v2/projects/moonstone-4ffb6/locations/us-central1/functions/addToLibrary {"name":"projects/moonstone-4ffb6/locations/us-central1/operations/operation-1770307469884-64a15d3e2bb4b-a5861e88-08d66d81","metadata":{"@type":"type.googleapis.com/google.cloud.functions.v2.OperationMetadata","createTime":"2026-02-05T16:04:30.602082585Z","target":"projects/moonstone-4ffb6/locations/us-central1/functions/addToLibrary","verb":"update","cancelRequested":false,"apiVersion":"v2"},"done":false}
[debug] [2026-02-05T16:04:32.655Z] Checked if tokens are valid: true, expires at: 1770308555729
[debug] [2026-02-05T16:04:32.656Z] Checked if tokens are valid: true, expires at: 1770308555729
[debug] [2026-02-05T16:04:32.656Z] >>> [apiv2][query] GET https://cloudfunctions.googleapis.com/v2/projects/moonstone-4ffb6/locations/us-central1/operations/operation-1770307469884-64a15d3e2bb4b-a5861e88-08d66d81 [none]
[debug] [2026-02-05T16:04:32.675Z] <<< [apiv2][status] PATCH https://cloudfunctions.googleapis.com/v2/projects/moonstone-4ffb6/locations/us-central1/functions/createStory 200
[debug] [2026-02-05T16:04:32.675Z] <<< [apiv2][body] PATCH https://cloudfunctions.googleapis.com/v2/projects/moonstone-4ffb6/locations/us-central1/functions/createStory {"name":"projects/moonstone-4ffb6/locations/us-central1/operations/operation-1770307469959-64a15d3e3e1e3-9c651303-a65010cb","metadata":{"@type":"type.googleapis.com/google.cloud.functions.v2.OperationMetadata","createTime":"2026-02-05T16:04:30.622741317Z","target":"projects/moonstone-4ffb6/locations/us-central1/functions/createStory","verb":"update","cancelRequested":false,"apiVersion":"v2"},"done":false}
[debug] [2026-02-05T16:04:32.675Z] Checked if tokens are valid: true, expires at: 1770308555729
[debug] [2026-02-05T16:04:32.675Z] Checked if tokens are valid: true, expires at: 1770308555729
[debug] [2026-02-05T16:04:32.675Z] >>> [apiv2][query] GET https://cloudfunctions.googleapis.com/v2/projects/moonstone-4ffb6/locations/us-central1/operations/operation-1770307469959-64a15d3e3e1e3-9c651303-a65010cb [none]
[debug] [2026-02-05T16:04:32.676Z] <<< [apiv2][status] PATCH https://cloudfunctions.googleapis.com/v2/projects/moonstone-4ffb6/locations/us-central1/functions/previewVoice 200
[debug] [2026-02-05T16:04:32.676Z] <<< [apiv2][body] PATCH https://cloudfunctions.googleapis.com/v2/projects/moonstone-4ffb6/locations/us-central1/functions/previewVoice {"name":"projects/moonstone-4ffb6/locations/us-central1/operations/operation-1770307469925-64a15d3e35c8e-39a3132d-d1ed5cc7","metadata":{"@type":"type.googleapis.com/google.cloud.functions.v2.OperationMetadata","createTime":"2026-02-05T16:04:30.622575670Z","target":"projects/moonstone-4ffb6/locations/us-central1/functions/previewVoice","verb":"update","cancelRequested":false,"apiVersion":"v2"},"done":false}
[debug] [2026-02-05T16:04:32.677Z] Checked if tokens are valid: true, expires at: 1770308555729
[debug] [2026-02-05T16:04:32.677Z] Checked if tokens are valid: true, expires at: 1770308555729
[debug] [2026-02-05T16:04:32.677Z] >>> [apiv2][query] GET https://cloudfunctions.googleapis.com/v2/projects/moonstone-4ffb6/locations/us-central1/operations/operation-1770307469925-64a15d3e35c8e-39a3132d-d1ed5cc7 [none]
[debug] [2026-02-05T16:04:32.864Z] <<< [apiv2][status] GET https://cloudfunctions.googleapis.com/v2/projects/moonstone-4ffb6/locations/us-central1/operations/operation-1770307469925-64a15d3e35c8e-39a3132d-d1ed5cc7 200
[debug] [2026-02-05T16:04:32.865Z] <<< [apiv2][body] GET https://cloudfunctions.googleapis.com/v2/projects/moonstone-4ffb6/locations/us-central1/operations/operation-1770307469925-64a15d3e35c8e-39a3132d-d1ed5cc7 {"name":"projects/moonstone-4ffb6/locations/us-central1/operations/operation-1770307469925-64a15d3e35c8e-39a3132d-d1ed5cc7","metadata":{"@type":"type.googleapis.com/google.cloud.functions.v2.OperationMetadata","createTime":"2026-02-05T16:04:30.622575670Z","target":"projects/moonstone-4ffb6/locations/us-central1/functions/previewVoice","verb":"update","cancelRequested":false,"apiVersion":"v2","requestResource":{"@type":"type.googleapis.com/google.cloud.functions.v2.Function","name":"projects/moonstone-4ffb6/locations/us-central1/functions/previewVoice","buildConfig":{"runtime":"nodejs20","entryPoint":"previewVoice","source":{"storageSource":{"bucket":"gcf-v2-sources-209159062090-us-central1","object":"previewVoice/function-source.zip","generation":"1770307470574217"}},"environmentVariables":{"GOOGLE_NODE_RUN_SCRIPTS":""},"dockerRepository":"projects/moonstone-4ffb6/locations/us-central1/repositories/gcf-artifacts","sourceProvenance":{"resolvedStorageSource":{"bucket":"gcf-v2-sources-209159062090-us-central1","object":"previewVoice/function-source.zip","generation":"1770306322040150"}},"dockerRegistry":"ARTIFACT_REGISTRY","serviceAccount":"projects/moonstone-4ffb6/serviceAccounts/209159062090-compute@developer.gserviceaccount.com","automaticUpdatePolicy":{}},"serviceConfig":{"service":"projects/moonstone-4ffb6/locations/us-central1/services/previewvoice","timeoutSeconds":60,"environmentVariables":{"FIREBASE_CONFIG":"{\"projectId\":\"moonstone-4ffb6\",\"storageBucket\":\"moonstone-4ffb6.firebasestorage.app\"}","GCLOUD_PROJECT":"moonstone-4ffb6","EVENTARC_CLOUD_EVENT_SOURCE":"projects/moonstone-4ffb6/locations/us-central1/services/previewVoice","FUNCTION_TARGET":"previewVoice","LOG_EXECUTION_ID":"true"},"ingressSettings":"ALLOW_ALL","uri":"https://previewvoice-cblu2dsagq-uc.a.run.app","serviceAccountEmail":"209159062090-compute@developer.gserviceaccount.com","availableMemory":"512Mi","allTrafficOnLatestRevision":true,"revision":"previewvoice-00027-vif","maxInstanceRequestConcurrency":80,"availableCpu":"1"},"state":"ACTIVE","labels":{"deployment-tool":"cli-firebase","deployment-callable":"true","firebase-functions-hash":"7bbeefe44dd2fb04675612dc9aa4e05f050b0b2b"},"environment":"GEN_2","url":"https://us-central1-moonstone-4ffb6.cloudfunctions.net/previewVoice","satisfiesPzi":true},"stages":[{"name":"BUILD","state":"NOT_STARTED","stateMessages":[{"severity":"WARNING","type":"BuildAnalysisWarning","message":"Node.js 20 is no longer supported by the Node.js community as of 30 April, 2026. Node.js 20 will be deprecated on 2026-04-30. We recommend you to upgrade to the latest version of Node.js as soon as possible."}]},{"name":"SERVICE","state":"NOT_STARTED"}],"operationType":"UPDATE_FUNCTION"},"done":false}
[debug] [2026-02-05T16:04:32.873Z] <<< [apiv2][status] GET https://cloudfunctions.googleapis.com/v2/projects/moonstone-4ffb6/locations/us-central1/operations/operation-1770307469884-64a15d3e2bb4b-a5861e88-08d66d81 200
[debug] [2026-02-05T16:04:32.873Z] <<< [apiv2][body] GET https://cloudfunctions.googleapis.com/v2/projects/moonstone-4ffb6/locations/us-central1/operations/operation-1770307469884-64a15d3e2bb4b-a5861e88-08d66d81 {"name":"projects/moonstone-4ffb6/locations/us-central1/operations/operation-1770307469884-64a15d3e2bb4b-a5861e88-08d66d81","metadata":{"@type":"type.googleapis.com/google.cloud.functions.v2.OperationMetadata","createTime":"2026-02-05T16:04:30.602082585Z","target":"projects/moonstone-4ffb6/locations/us-central1/functions/addToLibrary","verb":"update","cancelRequested":false,"apiVersion":"v2","requestResource":{"@type":"type.googleapis.com/google.cloud.functions.v2.Function","name":"projects/moonstone-4ffb6/locations/us-central1/functions/addToLibrary","buildConfig":{"runtime":"nodejs20","entryPoint":"addToLibrary","source":{"storageSource":{"bucket":"gcf-v2-sources-209159062090-us-central1","object":"addToLibrary/function-source.zip","generation":"1770307470546449"}},"environmentVariables":{"GOOGLE_NODE_RUN_SCRIPTS":""},"dockerRepository":"projects/moonstone-4ffb6/locations/us-central1/repositories/gcf-artifacts","sourceProvenance":{"resolvedStorageSource":{"bucket":"gcf-v2-sources-209159062090-us-central1","object":"addToLibrary/function-source.zip","generation":"1770306321990882"}},"dockerRegistry":"ARTIFACT_REGISTRY","serviceAccount":"projects/moonstone-4ffb6/serviceAccounts/209159062090-compute@developer.gserviceaccount.com","automaticUpdatePolicy":{}},"serviceConfig":{"service":"projects/moonstone-4ffb6/locations/us-central1/services/addtolibrary","timeoutSeconds":60,"environmentVariables":{"FIREBASE_CONFIG":"{\"projectId\":\"moonstone-4ffb6\",\"storageBucket\":\"moonstone-4ffb6.firebasestorage.app\"}","GCLOUD_PROJECT":"moonstone-4ffb6","EVENTARC_CLOUD_EVENT_SOURCE":"projects/moonstone-4ffb6/locations/us-central1/services/addToLibrary","FUNCTION_TARGET":"addToLibrary","LOG_EXECUTION_ID":"true","FUNCTION_SIGNATURE_TYPE":"http"},"ingressSettings":"ALLOW_ALL","uri":"https://addtolibrary-cblu2dsagq-uc.a.run.app","serviceAccountEmail":"209159062090-compute@developer.gserviceaccount.com","availableMemory":"256Mi","allTrafficOnLatestRevision":true,"revision":"addtolibrary-00036-zum","maxInstanceRequestConcurrency":80,"availableCpu":"1"},"state":"ACTIVE","labels":{"deployment-tool":"cloudfunctions","deployment-callable":"true","firebase-functions-hash":"7bbeefe44dd2fb04675612dc9aa4e05f050b0b2b"},"environment":"GEN_2","url":"https://us-central1-moonstone-4ffb6.cloudfunctions.net/addToLibrary","satisfiesPzi":true},"stages":[{"name":"BUILD","state":"NOT_STARTED","stateMessages":[{"severity":"WARNING","type":"BuildAnalysisWarning","message":"Node.js 20 is no longer supported by the Node.js community as of 30 April, 2026. Node.js 20 will be deprecated on 2026-04-30. We recommend you to upgrade to the latest version of Node.js as soon as possible."}]},{"name":"SERVICE","state":"NOT_STARTED"}],"operationType":"UPDATE_FUNCTION"},"done":false}
[debug] [2026-02-05T16:04:32.883Z] <<< [apiv2][status] GET https://cloudfunctions.googleapis.com/v2/projects/moonstone-4ffb6/locations/us-central1/operations/operation-1770307469959-64a15d3e3e1e3-9c651303-a65010cb 200
[debug] [2026-02-05T16:04:32.883Z] <<< [apiv2][body] GET https://cloudfunctions.googleapis.com/v2/projects/moonstone-4ffb6/locations/us-central1/operations/operation-1770307469959-64a15d3e3e1e3-9c651303-a65010cb {"name":"projects/moonstone-4ffb6/locations/us-central1/operations/operation-1770307469959-64a15d3e3e1e3-9c651303-a65010cb","metadata":{"@type":"type.googleapis.com/google.cloud.functions.v2.OperationMetadata","createTime":"2026-02-05T16:04:30.622741317Z","target":"projects/moonstone-4ffb6/locations/us-central1/functions/createStory","verb":"update","cancelRequested":false,"apiVersion":"v2","requestResource":{"@type":"type.googleapis.com/google.cloud.functions.v2.Function","name":"projects/moonstone-4ffb6/locations/us-central1/functions/createStory","buildConfig":{"runtime":"nodejs20","entryPoint":"createStory","source":{"storageSource":{"bucket":"gcf-v2-sources-209159062090-us-central1","object":"createStory/function-source.zip","generation":"1770307470571183"}},"environmentVariables":{"GOOGLE_NODE_RUN_SCRIPTS":""},"dockerRepository":"projects/moonstone-4ffb6/locations/us-central1/repositories/gcf-artifacts","sourceProvenance":{"resolvedStorageSource":{"bucket":"gcf-v2-sources-209159062090-us-central1","object":"createStory/function-source.zip","generation":"1770306322005926"}},"dockerRegistry":"ARTIFACT_REGISTRY","serviceAccount":"projects/moonstone-4ffb6/serviceAccounts/209159062090-compute@developer.gserviceaccount.com","automaticUpdatePolicy":{}},"serviceConfig":{"service":"projects/moonstone-4ffb6/locations/us-central1/services/createstory","timeoutSeconds":540,"environmentVariables":{"FIREBASE_CONFIG":"{\"projectId\":\"moonstone-4ffb6\",\"storageBucket\":\"moonstone-4ffb6.firebasestorage.app\"}","GCLOUD_PROJECT":"moonstone-4ffb6","EVENTARC_CLOUD_EVENT_SOURCE":"projects/moonstone-4ffb6/locations/us-central1/services/createStory","FUNCTION_TARGET":"createStory","LOG_EXECUTION_ID":"true"},"ingressSettings":"ALLOW_ALL","uri":"https://createstory-cblu2dsagq-uc.a.run.app","serviceAccountEmail":"209159062090-compute@developer.gserviceaccount.com","availableMemory":"1024Mi","allTrafficOnLatestRevision":true,"revision":"createstory-00062-lel","maxInstanceRequestConcurrency":80,"availableCpu":"1"},"state":"ACTIVE","labels":{"deployment-tool":"cli-firebase","deployment-callable":"true","firebase-functions-hash":"7bbeefe44dd2fb04675612dc9aa4e05f050b0b2b"},"environment":"GEN_2","url":"https://us-central1-moonstone-4ffb6.cloudfunctions.net/createStory","satisfiesPzi":true},"stages":[{"name":"BUILD","state":"NOT_STARTED","stateMessages":[{"severity":"WARNING","type":"BuildAnalysisWarning","message":"Node.js 20 is no longer supported by the Node.js community as of 30 April, 2026. Node.js 20 will be deprecated on 2026-04-30. We recommend you to upgrade to the latest version of Node.js as soon as possible."}]},{"name":"SERVICE","state":"NOT_STARTED"}],"operationType":"UPDATE_FUNCTION"},"done":false}
[debug] [2026-02-05T16:04:32.932Z] [update-default-us-central1-onUserCreated] Retrying task index 0
[debug] [2026-02-05T16:04:32.932Z] Checked if tokens are valid: true, expires at: 1770308555729
[debug] [2026-02-05T16:04:32.933Z] Checked if tokens are valid: true, expires at: 1770308555729
[debug] [2026-02-05T16:04:32.933Z] >>> [apiv2][query] GET https://cloudfunctions.googleapis.com/v1/operations/bW9vbnN0b25lLTRmZmI2L3VzLWNlbnRyYWwxL29uVXNlckNyZWF0ZWQvWjJ5VTQwUjBZakE [none]
[debug] [2026-02-05T16:04:33.156Z] <<< [apiv2][status] GET https://cloudfunctions.googleapis.com/v1/operations/bW9vbnN0b25lLTRmZmI2L3VzLWNlbnRyYWwxL29uVXNlckNyZWF0ZWQvWjJ5VTQwUjBZakE 200
[debug] [2026-02-05T16:04:33.156Z] <<< [apiv2][body] GET https://cloudfunctions.googleapis.com/v1/operations/bW9vbnN0b25lLTRmZmI2L3VzLWNlbnRyYWwxL29uVXNlckNyZWF0ZWQvWjJ5VTQwUjBZakE {"name":"operations/bW9vbnN0b25lLTRmZmI2L3VzLWNlbnRyYWwxL29uVXNlckNyZWF0ZWQvWjJ5VTQwUjBZakE","metadata":{"@type":"type.googleapis.com/google.cloud.functions.v1.OperationMetadataV1","target":"projects/moonstone-4ffb6/locations/us-central1/functions/onUserCreated","type":"UPDATE_FUNCTION","request":{"@type":"type.googleapis.com/google.cloud.functions.v1.CloudFunction","name":"projects/moonstone-4ffb6/locations/us-central1/functions/onUserCreated","eventTrigger":{"eventType":"providers/firebase.auth/eventTypes/user.create","resource":"projects/moonstone-4ffb6","service":"firebaseauth.googleapis.com"},"status":"ACTIVE","entryPoint":"onUserCreated","updateTime":"2026-02-05T15:47:52.578Z","versionId":"37","labels":{"deployment-tool":"cli-firebase","firebase-functions-hash":"601a9d2c7821ba6b3231d8b73751faf9cff534f0"},"sourceUploadUrl":"https://storage.googleapis.com/uploads-103741382100.us-central1.cloudfunctions.appspot.com/fd5f4b10-979c-4e98-8fed-6ea9b74dbfdd.zip?GoogleAccessId=service-209159062090@gcf-admin-robot.iam.gserviceaccount.com&Expires=1770309269&Signature=ilJjefXq3lJUkA84HjrpUi4RDBqk01KPGYCZQm2TsbY7Kc5SoJWKZ6CH%2B5sH1%2FgFo8Ob0g8mVzKpsLMs%2FRJtTYvlt79c8%2FB02ZDiY1J23aBqfygefWZQXpeG3n8jBejT57h%2Bxp1SWbH9ounL%2FC4OQoaUfR2%2BqoQiawPyiuSDwdVefJ%2F4lXTkPW2q73gSsxF4C2hSstsFavTDPo6PDRPOYVZhGEPamDoNzTsxIBVQ%2F8P8FbpJdZtKuZTk8FpBTGZDkh73zwA5AWegbOsbxZ7GhKcMtl1WhwgSzS%2Bd1EIVzSocbKV6II9eZZu69vhrcs7gKzowVIpwQhT3hAshnFAboQ%3D%3D","environmentVariables":{"FIREBASE_CONFIG":"{\"projectId\":\"moonstone-4ffb6\",\"storageBucket\":\"moonstone-4ffb6.firebasestorage.app\"}","GCLOUD_PROJECT":"moonstone-4ffb6","EVENTARC_CLOUD_EVENT_SOURCE":"projects/moonstone-4ffb6/locations/us-central1/functions/onUserCreated"},"runtime":"nodejs20","buildId":"69f59c75-70a9-4043-acf7-a346c1545c96","buildEnvironmentVariables":{"GOOGLE_NODE_RUN_SCRIPTS":""},"buildName":"projects/209159062090/locations/us-central1/builds/69f59c75-70a9-4043-acf7-a346c1545c96","dockerRegistry":"ARTIFACT_REGISTRY","automaticUpdatePolicy":{},"buildServiceAccount":"projects/moonstone-4ffb6/serviceAccounts/209159062090-compute@developer.gserviceaccount.com"},"versionId":"38","updateTime":"2026-02-05T16:04:30Z","buildId":"8baebbba-7ede-4b99-ba2a-42efc01e5585","buildName":"projects/209159062090/locations/us-central1/builds/8baebbba-7ede-4b99-ba2a-42efc01e5585"}}
[debug] [2026-02-05T16:04:33.371Z] [update-default-us-central1-previewVoice] Retrying task index 0
[debug] [2026-02-05T16:04:33.371Z] Checked if tokens are valid: true, expires at: 1770308555729
[debug] [2026-02-05T16:04:33.371Z] Checked if tokens are valid: true, expires at: 1770308555729
[debug] [2026-02-05T16:04:33.371Z] >>> [apiv2][query] GET https://cloudfunctions.googleapis.com/v2/projects/moonstone-4ffb6/locations/us-central1/operations/operation-1770307469925-64a15d3e35c8e-39a3132d-d1ed5cc7 [none]
[debug] [2026-02-05T16:04:33.387Z] [update-default-us-central1-addToLibrary] Retrying task index 0
[debug] [2026-02-05T16:04:33.387Z] Checked if tokens are valid: true, expires at: 1770308555729
[debug] [2026-02-05T16:04:33.387Z] Checked if tokens are valid: true, expires at: 1770308555729
[debug] [2026-02-05T16:04:33.387Z] >>> [apiv2][query] GET https://cloudfunctions.googleapis.com/v2/projects/moonstone-4ffb6/locations/us-central1/operations/operation-1770307469884-64a15d3e2bb4b-a5861e88-08d66d81 [none]
[debug] [2026-02-05T16:04:33.387Z] [update-default-us-central1-createStory] Retrying task index 0
[debug] [2026-02-05T16:04:33.387Z] Checked if tokens are valid: true, expires at: 1770308555729
[debug] [2026-02-05T16:04:33.387Z] Checked if tokens are valid: true, expires at: 1770308555729
[debug] [2026-02-05T16:04:33.387Z] >>> [apiv2][query] GET https://cloudfunctions.googleapis.com/v2/projects/moonstone-4ffb6/locations/us-central1/operations/operation-1770307469959-64a15d3e3e1e3-9c651303-a65010cb [none]
[debug] [2026-02-05T16:04:33.560Z] <<< [apiv2][status] GET https://cloudfunctions.googleapis.com/v2/projects/moonstone-4ffb6/locations/us-central1/operations/operation-1770307469925-64a15d3e35c8e-39a3132d-d1ed5cc7 200
[debug] [2026-02-05T16:04:33.560Z] <<< [apiv2][body] GET https://cloudfunctions.googleapis.com/v2/projects/moonstone-4ffb6/locations/us-central1/operations/operation-1770307469925-64a15d3e35c8e-39a3132d-d1ed5cc7 {"name":"projects/moonstone-4ffb6/locations/us-central1/operations/operation-1770307469925-64a15d3e35c8e-39a3132d-d1ed5cc7","metadata":{"@type":"type.googleapis.com/google.cloud.functions.v2.OperationMetadata","createTime":"2026-02-05T16:04:30.622575670Z","target":"projects/moonstone-4ffb6/locations/us-central1/functions/previewVoice","verb":"update","cancelRequested":false,"apiVersion":"v2","requestResource":{"@type":"type.googleapis.com/google.cloud.functions.v2.Function","name":"projects/moonstone-4ffb6/locations/us-central1/functions/previewVoice","buildConfig":{"runtime":"nodejs20","entryPoint":"previewVoice","source":{"storageSource":{"bucket":"gcf-v2-sources-209159062090-us-central1","object":"previewVoice/function-source.zip","generation":"1770307470574217"}},"environmentVariables":{"GOOGLE_NODE_RUN_SCRIPTS":""},"dockerRepository":"projects/moonstone-4ffb6/locations/us-central1/repositories/gcf-artifacts","sourceProvenance":{"resolvedStorageSource":{"bucket":"gcf-v2-sources-209159062090-us-central1","object":"previewVoice/function-source.zip","generation":"1770306322040150"}},"dockerRegistry":"ARTIFACT_REGISTRY","serviceAccount":"projects/moonstone-4ffb6/serviceAccounts/209159062090-compute@developer.gserviceaccount.com","automaticUpdatePolicy":{}},"serviceConfig":{"service":"projects/moonstone-4ffb6/locations/us-central1/services/previewvoice","timeoutSeconds":60,"environmentVariables":{"FIREBASE_CONFIG":"{\"projectId\":\"moonstone-4ffb6\",\"storageBucket\":\"moonstone-4ffb6.firebasestorage.app\"}","GCLOUD_PROJECT":"moonstone-4ffb6","EVENTARC_CLOUD_EVENT_SOURCE":"projects/moonstone-4ffb6/locations/us-central1/services/previewVoice","FUNCTION_TARGET":"previewVoice","LOG_EXECUTION_ID":"true"},"ingressSettings":"ALLOW_ALL","uri":"https://previewvoice-cblu2dsagq-uc.a.run.app","serviceAccountEmail":"209159062090-compute@developer.gserviceaccount.com","availableMemory":"512Mi","allTrafficOnLatestRevision":true,"revision":"previewvoice-00027-vif","maxInstanceRequestConcurrency":80,"availableCpu":"1"},"state":"ACTIVE","labels":{"deployment-tool":"cli-firebase","deployment-callable":"true","firebase-functions-hash":"7bbeefe44dd2fb04675612dc9aa4e05f050b0b2b"},"environment":"GEN_2","url":"https://us-central1-moonstone-4ffb6.cloudfunctions.net/previewVoice","satisfiesPzi":true},"stages":[{"name":"BUILD","message":"Build in progress","state":"IN_PROGRESS","resource":"projects/209159062090/locations/us-central1/builds/68bd7e82-b514-403f-9791-758372b59bcb","resourceUri":"https://console.cloud.google.com/cloud-build/builds;region=us-central1/68bd7e82-b514-403f-9791-758372b59bcb?project=209159062090"},{"name":"SERVICE","state":"NOT_STARTED"}],"operationType":"UPDATE_FUNCTION","buildName":"projects/209159062090/locations/us-central1/builds/68bd7e82-b514-403f-9791-758372b59bcb"},"done":false}
[debug] [2026-02-05T16:04:33.597Z] <<< [apiv2][status] GET https://cloudfunctions.googleapis.com/v2/projects/moonstone-4ffb6/locations/us-central1/operations/operation-1770307469959-64a15d3e3e1e3-9c651303-a65010cb 200
[debug] [2026-02-05T16:04:33.597Z] <<< [apiv2][body] GET https://cloudfunctions.googleapis.com/v2/projects/moonstone-4ffb6/locations/us-central1/operations/operation-1770307469959-64a15d3e3e1e3-9c651303-a65010cb {"name":"projects/moonstone-4ffb6/locations/us-central1/operations/operation-1770307469959-64a15d3e3e1e3-9c651303-a65010cb","metadata":{"@type":"type.googleapis.com/google.cloud.functions.v2.OperationMetadata","createTime":"2026-02-05T16:04:30.622741317Z","target":"projects/moonstone-4ffb6/locations/us-central1/functions/createStory","verb":"update","cancelRequested":false,"apiVersion":"v2","requestResource":{"@type":"type.googleapis.com/google.cloud.functions.v2.Function","name":"projects/moonstone-4ffb6/locations/us-central1/functions/createStory","buildConfig":{"runtime":"nodejs20","entryPoint":"createStory","source":{"storageSource":{"bucket":"gcf-v2-sources-209159062090-us-central1","object":"createStory/function-source.zip","generation":"1770307470571183"}},"environmentVariables":{"GOOGLE_NODE_RUN_SCRIPTS":""},"dockerRepository":"projects/moonstone-4ffb6/locations/us-central1/repositories/gcf-artifacts","sourceProvenance":{"resolvedStorageSource":{"bucket":"gcf-v2-sources-209159062090-us-central1","object":"createStory/function-source.zip","generation":"1770306322005926"}},"dockerRegistry":"ARTIFACT_REGISTRY","serviceAccount":"projects/moonstone-4ffb6/serviceAccounts/209159062090-compute@developer.gserviceaccount.com","automaticUpdatePolicy":{}},"serviceConfig":{"service":"projects/moonstone-4ffb6/locations/us-central1/services/createstory","timeoutSeconds":540,"environmentVariables":{"FIREBASE_CONFIG":"{\"projectId\":\"moonstone-4ffb6\",\"storageBucket\":\"moonstone-4ffb6.firebasestorage.app\"}","GCLOUD_PROJECT":"moonstone-4ffb6","EVENTARC_CLOUD_EVENT_SOURCE":"projects/moonstone-4ffb6/locations/us-central1/services/createStory","FUNCTION_TARGET":"createStory","LOG_EXECUTION_ID":"true"},"ingressSettings":"ALLOW_ALL","uri":"https://createstory-cblu2dsagq-uc.a.run.app","serviceAccountEmail":"209159062090-compute@developer.gserviceaccount.com","availableMemory":"1024Mi","allTrafficOnLatestRevision":true,"revision":"createstory-00062-lel","maxInstanceRequestConcurrency":80,"availableCpu":"1"},"state":"ACTIVE","labels":{"deployment-tool":"cli-firebase","deployment-callable":"true","firebase-functions-hash":"7bbeefe44dd2fb04675612dc9aa4e05f050b0b2b"},"environment":"GEN_2","url":"https://us-central1-moonstone-4ffb6.cloudfunctions.net/createStory","satisfiesPzi":true},"stages":[{"name":"BUILD","message":"Build in progress","state":"IN_PROGRESS","resource":"projects/209159062090/locations/us-central1/builds/25c50249-3a7d-44ac-a749-66cd96fd1a69","resourceUri":"https://console.cloud.google.com/cloud-build/builds;region=us-central1/25c50249-3a7d-44ac-a749-66cd96fd1a69?project=209159062090"},{"name":"SERVICE","state":"NOT_STARTED"}],"operationType":"UPDATE_FUNCTION","buildName":"projects/209159062090/locations/us-central1/builds/25c50249-3a7d-44ac-a749-66cd96fd1a69"},"done":false}
[debug] [2026-02-05T16:04:33.603Z] <<< [apiv2][status] GET https://cloudfunctions.googleapis.com/v2/projects/moonstone-4ffb6/locations/us-central1/operations/operation-1770307469884-64a15d3e2bb4b-a5861e88-08d66d81 200
[debug] [2026-02-05T16:04:33.603Z] <<< [apiv2][body] GET https://cloudfunctions.googleapis.com/v2/projects/moonstone-4ffb6/locations/us-central1/operations/operation-1770307469884-64a15d3e2bb4b-a5861e88-08d66d81 {"name":"projects/moonstone-4ffb6/locations/us-central1/operations/operation-1770307469884-64a15d3e2bb4b-a5861e88-08d66d81","metadata":{"@type":"type.googleapis.com/google.cloud.functions.v2.OperationMetadata","createTime":"2026-02-05T16:04:30.602082585Z","target":"projects/moonstone-4ffb6/locations/us-central1/functions/addToLibrary","verb":"update","cancelRequested":false,"apiVersion":"v2","requestResource":{"@type":"type.googleapis.com/google.cloud.functions.v2.Function","name":"projects/moonstone-4ffb6/locations/us-central1/functions/addToLibrary","buildConfig":{"runtime":"nodejs20","entryPoint":"addToLibrary","source":{"storageSource":{"bucket":"gcf-v2-sources-209159062090-us-central1","object":"addToLibrary/function-source.zip","generation":"1770307470546449"}},"environmentVariables":{"GOOGLE_NODE_RUN_SCRIPTS":""},"dockerRepository":"projects/moonstone-4ffb6/locations/us-central1/repositories/gcf-artifacts","sourceProvenance":{"resolvedStorageSource":{"bucket":"gcf-v2-sources-209159062090-us-central1","object":"addToLibrary/function-source.zip","generation":"1770306321990882"}},"dockerRegistry":"ARTIFACT_REGISTRY","serviceAccount":"projects/moonstone-4ffb6/serviceAccounts/209159062090-compute@developer.gserviceaccount.com","automaticUpdatePolicy":{}},"serviceConfig":{"service":"projects/moonstone-4ffb6/locations/us-central1/services/addtolibrary","timeoutSeconds":60,"environmentVariables":{"FIREBASE_CONFIG":"{\"projectId\":\"moonstone-4ffb6\",\"storageBucket\":\"moonstone-4ffb6.firebasestorage.app\"}","GCLOUD_PROJECT":"moonstone-4ffb6","EVENTARC_CLOUD_EVENT_SOURCE":"projects/moonstone-4ffb6/locations/us-central1/services/addToLibrary","FUNCTION_TARGET":"addToLibrary","LOG_EXECUTION_ID":"true","FUNCTION_SIGNATURE_TYPE":"http"},"ingressSettings":"ALLOW_ALL","uri":"https://addtolibrary-cblu2dsagq-uc.a.run.app","serviceAccountEmail":"209159062090-compute@developer.gserviceaccount.com","availableMemory":"256Mi","allTrafficOnLatestRevision":true,"revision":"addtolibrary-00036-zum","maxInstanceRequestConcurrency":80,"availableCpu":"1"},"state":"ACTIVE","labels":{"deployment-tool":"cloudfunctions","deployment-callable":"true","firebase-functions-hash":"7bbeefe44dd2fb04675612dc9aa4e05f050b0b2b"},"environment":"GEN_2","url":"https://us-central1-moonstone-4ffb6.cloudfunctions.net/addToLibrary","satisfiesPzi":true},"stages":[{"name":"BUILD","message":"Build in progress","state":"IN_PROGRESS","resource":"projects/209159062090/locations/us-central1/builds/ee4e2110-d135-4dd6-9e8b-4bdd6d27be6d","resourceUri":"https://console.cloud.google.com/cloud-build/builds;region=us-central1/ee4e2110-d135-4dd6-9e8b-4bdd6d27be6d?project=209159062090"},{"name":"SERVICE","state":"NOT_STARTED"}],"operationType":"UPDATE_FUNCTION","buildName":"projects/209159062090/locations/us-central1/builds/ee4e2110-d135-4dd6-9e8b-4bdd6d27be6d"},"done":false}
[debug] [2026-02-05T16:04:34.158Z] [update-default-us-central1-onUserCreated] Retrying task index 0
[debug] [2026-02-05T16:04:34.158Z] Checked if tokens are valid: true, expires at: 1770308555729
[debug] [2026-02-05T16:04:34.158Z] Checked if tokens are valid: true, expires at: 1770308555729
[debug] [2026-02-05T16:04:34.158Z] >>> [apiv2][query] GET https://cloudfunctions.googleapis.com/v1/operations/bW9vbnN0b25lLTRmZmI2L3VzLWNlbnRyYWwxL29uVXNlckNyZWF0ZWQvWjJ5VTQwUjBZakE [none]
[debug] [2026-02-05T16:04:34.381Z] <<< [apiv2][status] GET https://cloudfunctions.googleapis.com/v1/operations/bW9vbnN0b25lLTRmZmI2L3VzLWNlbnRyYWwxL29uVXNlckNyZWF0ZWQvWjJ5VTQwUjBZakE 200
[debug] [2026-02-05T16:04:34.381Z] <<< [apiv2][body] GET https://cloudfunctions.googleapis.com/v1/operations/bW9vbnN0b25lLTRmZmI2L3VzLWNlbnRyYWwxL29uVXNlckNyZWF0ZWQvWjJ5VTQwUjBZakE {"name":"operations/bW9vbnN0b25lLTRmZmI2L3VzLWNlbnRyYWwxL29uVXNlckNyZWF0ZWQvWjJ5VTQwUjBZakE","metadata":{"@type":"type.googleapis.com/google.cloud.functions.v1.OperationMetadataV1","target":"projects/moonstone-4ffb6/locations/us-central1/functions/onUserCreated","type":"UPDATE_FUNCTION","request":{"@type":"type.googleapis.com/google.cloud.functions.v1.CloudFunction","name":"projects/moonstone-4ffb6/locations/us-central1/functions/onUserCreated","eventTrigger":{"eventType":"providers/firebase.auth/eventTypes/user.create","resource":"projects/moonstone-4ffb6","service":"firebaseauth.googleapis.com"},"status":"ACTIVE","entryPoint":"onUserCreated","updateTime":"2026-02-05T15:47:52.578Z","versionId":"37","labels":{"deployment-tool":"cli-firebase","firebase-functions-hash":"601a9d2c7821ba6b3231d8b73751faf9cff534f0"},"sourceUploadUrl":"https://storage.googleapis.com/uploads-103741382100.us-central1.cloudfunctions.appspot.com/fd5f4b10-979c-4e98-8fed-6ea9b74dbfdd.zip?GoogleAccessId=service-209159062090@gcf-admin-robot.iam.gserviceaccount.com&Expires=1770309269&Signature=ilJjefXq3lJUkA84HjrpUi4RDBqk01KPGYCZQm2TsbY7Kc5SoJWKZ6CH%2B5sH1%2FgFo8Ob0g8mVzKpsLMs%2FRJtTYvlt79c8%2FB02ZDiY1J23aBqfygefWZQXpeG3n8jBejT57h%2Bxp1SWbH9ounL%2FC4OQoaUfR2%2BqoQiawPyiuSDwdVefJ%2F4lXTkPW2q73gSsxF4C2hSstsFavTDPo6PDRPOYVZhGEPamDoNzTsxIBVQ%2F8P8FbpJdZtKuZTk8FpBTGZDkh73zwA5AWegbOsbxZ7GhKcMtl1WhwgSzS%2Bd1EIVzSocbKV6II9eZZu69vhrcs7gKzowVIpwQhT3hAshnFAboQ%3D%3D","environmentVariables":{"FIREBASE_CONFIG":"{\"projectId\":\"moonstone-4ffb6\",\"storageBucket\":\"moonstone-4ffb6.firebasestorage.app\"}","GCLOUD_PROJECT":"moonstone-4ffb6","EVENTARC_CLOUD_EVENT_SOURCE":"projects/moonstone-4ffb6/locations/us-central1/functions/onUserCreated"},"runtime":"nodejs20","buildId":"69f59c75-70a9-4043-acf7-a346c1545c96","buildEnvironmentVariables":{"GOOGLE_NODE_RUN_SCRIPTS":""},"buildName":"projects/209159062090/locations/us-central1/builds/69f59c75-70a9-4043-acf7-a346c1545c96","dockerRegistry":"ARTIFACT_REGISTRY","automaticUpdatePolicy":{},"buildServiceAccount":"projects/moonstone-4ffb6/serviceAccounts/209159062090-compute@developer.gserviceaccount.com"},"versionId":"38","updateTime":"2026-02-05T16:04:30Z","buildId":"8baebbba-7ede-4b99-ba2a-42efc01e5585","buildName":"projects/209159062090/locations/us-central1/builds/8baebbba-7ede-4b99-ba2a-42efc01e5585"}}
[debug] [2026-02-05T16:04:34.573Z] [update-default-us-central1-previewVoice] Retrying task index 0
[debug] [2026-02-05T16:04:34.573Z] Checked if tokens are valid: true, expires at: 1770308555729
[debug] [2026-02-05T16:04:34.573Z] Checked if tokens are valid: true, expires at: 1770308555729
[debug] [2026-02-05T16:04:34.573Z] >>> [apiv2][query] GET https://cloudfunctions.googleapis.com/v2/projects/moonstone-4ffb6/locations/us-central1/operations/operation-1770307469925-64a15d3e35c8e-39a3132d-d1ed5cc7 [none]
[debug] [2026-02-05T16:04:34.604Z] [update-default-us-central1-createStory] Retrying task index 0
[debug] [2026-02-05T16:04:34.604Z] Checked if tokens are valid: true, expires at: 1770308555729
[debug] [2026-02-05T16:04:34.604Z] Checked if tokens are valid: true, expires at: 1770308555729
[debug] [2026-02-05T16:04:34.605Z] >>> [apiv2][query] GET https://cloudfunctions.googleapis.com/v2/projects/moonstone-4ffb6/locations/us-central1/operations/operation-1770307469959-64a15d3e3e1e3-9c651303-a65010cb [none]
[debug] [2026-02-05T16:04:34.605Z] [update-default-us-central1-addToLibrary] Retrying task index 0
[debug] [2026-02-05T16:04:34.605Z] Checked if tokens are valid: true, expires at: 1770308555729
[debug] [2026-02-05T16:04:34.605Z] Checked if tokens are valid: true, expires at: 1770308555729
[debug] [2026-02-05T16:04:34.605Z] >>> [apiv2][query] GET https://cloudfunctions.googleapis.com/v2/projects/moonstone-4ffb6/locations/us-central1/operations/operation-1770307469884-64a15d3e2bb4b-a5861e88-08d66d81 [none]
[debug] [2026-02-05T16:04:34.777Z] <<< [apiv2][status] GET https://cloudfunctions.googleapis.com/v2/projects/moonstone-4ffb6/locations/us-central1/operations/operation-1770307469925-64a15d3e35c8e-39a3132d-d1ed5cc7 200
[debug] [2026-02-05T16:04:34.777Z] <<< [apiv2][body] GET https://cloudfunctions.googleapis.com/v2/projects/moonstone-4ffb6/locations/us-central1/operations/operation-1770307469925-64a15d3e35c8e-39a3132d-d1ed5cc7 {"name":"projects/moonstone-4ffb6/locations/us-central1/operations/operation-1770307469925-64a15d3e35c8e-39a3132d-d1ed5cc7","metadata":{"@type":"type.googleapis.com/google.cloud.functions.v2.OperationMetadata","createTime":"2026-02-05T16:04:30.622575670Z","target":"projects/moonstone-4ffb6/locations/us-central1/functions/previewVoice","verb":"update","cancelRequested":false,"apiVersion":"v2","requestResource":{"@type":"type.googleapis.com/google.cloud.functions.v2.Function","name":"projects/moonstone-4ffb6/locations/us-central1/functions/previewVoice","buildConfig":{"runtime":"nodejs20","entryPoint":"previewVoice","source":{"storageSource":{"bucket":"gcf-v2-sources-209159062090-us-central1","object":"previewVoice/function-source.zip","generation":"1770307470574217"}},"environmentVariables":{"GOOGLE_NODE_RUN_SCRIPTS":""},"dockerRepository":"projects/moonstone-4ffb6/locations/us-central1/repositories/gcf-artifacts","sourceProvenance":{"resolvedStorageSource":{"bucket":"gcf-v2-sources-209159062090-us-central1","object":"previewVoice/function-source.zip","generation":"1770306322040150"}},"dockerRegistry":"ARTIFACT_REGISTRY","serviceAccount":"projects/moonstone-4ffb6/serviceAccounts/209159062090-compute@developer.gserviceaccount.com","automaticUpdatePolicy":{}},"serviceConfig":{"service":"projects/moonstone-4ffb6/locations/us-central1/services/previewvoice","timeoutSeconds":60,"environmentVariables":{"FIREBASE_CONFIG":"{\"projectId\":\"moonstone-4ffb6\",\"storageBucket\":\"moonstone-4ffb6.firebasestorage.app\"}","GCLOUD_PROJECT":"moonstone-4ffb6","EVENTARC_CLOUD_EVENT_SOURCE":"projects/moonstone-4ffb6/locations/us-central1/services/previewVoice","FUNCTION_TARGET":"previewVoice","LOG_EXECUTION_ID":"true"},"ingressSettings":"ALLOW_ALL","uri":"https://previewvoice-cblu2dsagq-uc.a.run.app","serviceAccountEmail":"209159062090-compute@developer.gserviceaccount.com","availableMemory":"512Mi","allTrafficOnLatestRevision":true,"revision":"previewvoice-00027-vif","maxInstanceRequestConcurrency":80,"availableCpu":"1"},"state":"ACTIVE","labels":{"deployment-tool":"cli-firebase","deployment-callable":"true","firebase-functions-hash":"7bbeefe44dd2fb04675612dc9aa4e05f050b0b2b"},"environment":"GEN_2","url":"https://us-central1-moonstone-4ffb6.cloudfunctions.net/previewVoice","satisfiesPzi":true},"stages":[{"name":"BUILD","message":"Build in progress","state":"IN_PROGRESS","resource":"projects/209159062090/locations/us-central1/builds/68bd7e82-b514-403f-9791-758372b59bcb","resourceUri":"https://console.cloud.google.com/cloud-build/builds;region=us-central1/68bd7e82-b514-403f-9791-758372b59bcb?project=209159062090"},{"name":"SERVICE","state":"NOT_STARTED"}],"operationType":"UPDATE_FUNCTION","buildName":"projects/209159062090/locations/us-central1/builds/68bd7e82-b514-403f-9791-758372b59bcb"},"done":false}
[debug] [2026-02-05T16:04:34.797Z] <<< [apiv2][status] GET https://cloudfunctions.googleapis.com/v2/projects/moonstone-4ffb6/locations/us-central1/operations/operation-1770307469884-64a15d3e2bb4b-a5861e88-08d66d81 200
[debug] [2026-02-05T16:04:34.797Z] <<< [apiv2][body] GET https://cloudfunctions.googleapis.com/v2/projects/moonstone-4ffb6/locations/us-central1/operations/operation-1770307469884-64a15d3e2bb4b-a5861e88-08d66d81 {"name":"projects/moonstone-4ffb6/locations/us-central1/operations/operation-1770307469884-64a15d3e2bb4b-a5861e88-08d66d81","metadata":{"@type":"type.googleapis.com/google.cloud.functions.v2.OperationMetadata","createTime":"2026-02-05T16:04:30.602082585Z","target":"projects/moonstone-4ffb6/locations/us-central1/functions/addToLibrary","verb":"update","cancelRequested":false,"apiVersion":"v2","requestResource":{"@type":"type.googleapis.com/google.cloud.functions.v2.Function","name":"projects/moonstone-4ffb6/locations/us-central1/functions/addToLibrary","buildConfig":{"runtime":"nodejs20","entryPoint":"addToLibrary","source":{"storageSource":{"bucket":"gcf-v2-sources-209159062090-us-central1","object":"addToLibrary/function-source.zip","generation":"1770307470546449"}},"environmentVariables":{"GOOGLE_NODE_RUN_SCRIPTS":""},"dockerRepository":"projects/moonstone-4ffb6/locations/us-central1/repositories/gcf-artifacts","sourceProvenance":{"resolvedStorageSource":{"bucket":"gcf-v2-sources-209159062090-us-central1","object":"addToLibrary/function-source.zip","generation":"1770306321990882"}},"dockerRegistry":"ARTIFACT_REGISTRY","serviceAccount":"projects/moonstone-4ffb6/serviceAccounts/209159062090-compute@developer.gserviceaccount.com","automaticUpdatePolicy":{}},"serviceConfig":{"service":"projects/moonstone-4ffb6/locations/us-central1/services/addtolibrary","timeoutSeconds":60,"environmentVariables":{"FIREBASE_CONFIG":"{\"projectId\":\"moonstone-4ffb6\",\"storageBucket\":\"moonstone-4ffb6.firebasestorage.app\"}","GCLOUD_PROJECT":"moonstone-4ffb6","EVENTARC_CLOUD_EVENT_SOURCE":"projects/moonstone-4ffb6/locations/us-central1/services/addToLibrary","FUNCTION_TARGET":"addToLibrary","LOG_EXECUTION_ID":"true","FUNCTION_SIGNATURE_TYPE":"http"},"ingressSettings":"ALLOW_ALL","uri":"https://addtolibrary-cblu2dsagq-uc.a.run.app","serviceAccountEmail":"209159062090-compute@developer.gserviceaccount.com","availableMemory":"256Mi","allTrafficOnLatestRevision":true,"revision":"addtolibrary-00036-zum","maxInstanceRequestConcurrency":80,"availableCpu":"1"},"state":"ACTIVE","labels":{"deployment-tool":"cloudfunctions","deployment-callable":"true","firebase-functions-hash":"7bbeefe44dd2fb04675612dc9aa4e05f050b0b2b"},"environment":"GEN_2","url":"https://us-central1-moonstone-4ffb6.cloudfunctions.net/addToLibrary","satisfiesPzi":true},"stages":[{"name":"BUILD","message":"Build in progress","state":"IN_PROGRESS","resource":"projects/209159062090/locations/us-central1/builds/ee4e2110-d135-4dd6-9e8b-4bdd6d27be6d","resourceUri":"https://console.cloud.google.com/cloud-build/builds;region=us-central1/ee4e2110-d135-4dd6-9e8b-4bdd6d27be6d?project=209159062090"},{"name":"SERVICE","state":"NOT_STARTED"}],"operationType":"UPDATE_FUNCTION","buildName":"projects/209159062090/locations/us-central1/builds/ee4e2110-d135-4dd6-9e8b-4bdd6d27be6d"},"done":false}
[debug] [2026-02-05T16:04:34.813Z] <<< [apiv2][status] GET https://cloudfunctions.googleapis.com/v2/projects/moonstone-4ffb6/locations/us-central1/operations/operation-1770307469959-64a15d3e3e1e3-9c651303-a65010cb 200
[debug] [2026-02-05T16:04:34.814Z] <<< [apiv2][body] GET https://cloudfunctions.googleapis.com/v2/projects/moonstone-4ffb6/locations/us-central1/operations/operation-1770307469959-64a15d3e3e1e3-9c651303-a65010cb {"name":"projects/moonstone-4ffb6/locations/us-central1/operations/operation-1770307469959-64a15d3e3e1e3-9c651303-a65010cb","metadata":{"@type":"type.googleapis.com/google.cloud.functions.v2.OperationMetadata","createTime":"2026-02-05T16:04:30.622741317Z","target":"projects/moonstone-4ffb6/locations/us-central1/functions/createStory","verb":"update","cancelRequested":false,"apiVersion":"v2","requestResource":{"@type":"type.googleapis.com/google.cloud.functions.v2.Function","name":"projects/moonstone-4ffb6/locations/us-central1/functions/createStory","buildConfig":{"runtime":"nodejs20","entryPoint":"createStory","source":{"storageSource":{"bucket":"gcf-v2-sources-209159062090-us-central1","object":"createStory/function-source.zip","generation":"1770307470571183"}},"environmentVariables":{"GOOGLE_NODE_RUN_SCRIPTS":""},"dockerRepository":"projects/moonstone-4ffb6/locations/us-central1/repositories/gcf-artifacts","sourceProvenance":{"resolvedStorageSource":{"bucket":"gcf-v2-sources-209159062090-us-central1","object":"createStory/function-source.zip","generation":"1770306322005926"}},"dockerRegistry":"ARTIFACT_REGISTRY","serviceAccount":"projects/moonstone-4ffb6/serviceAccounts/209159062090-compute@developer.gserviceaccount.com","automaticUpdatePolicy":{}},"serviceConfig":{"service":"projects/moonstone-4ffb6/locations/us-central1/services/createstory","timeoutSeconds":540,"environmentVariables":{"FIREBASE_CONFIG":"{\"projectId\":\"moonstone-4ffb6\",\"storageBucket\":\"moonstone-4ffb6.firebasestorage.app\"}","GCLOUD_PROJECT":"moonstone-4ffb6","EVENTARC_CLOUD_EVENT_SOURCE":"projects/moonstone-4ffb6/locations/us-central1/services/createStory","FUNCTION_TARGET":"createStory","LOG_EXECUTION_ID":"true"},"ingressSettings":"ALLOW_ALL","uri":"https://createstory-cblu2dsagq-uc.a.run.app","serviceAccountEmail":"209159062090-compute@developer.gserviceaccount.com","availableMemory":"1024Mi","allTrafficOnLatestRevision":true,"revision":"createstory-00062-lel","maxInstanceRequestConcurrency":80,"availableCpu":"1"},"state":"ACTIVE","labels":{"deployment-tool":"cli-firebase","deployment-callable":"true","firebase-functions-hash":"7bbeefe44dd2fb04675612dc9aa4e05f050b0b2b"},"environment":"GEN_2","url":"https://us-central1-moonstone-4ffb6.cloudfunctions.net/createStory","satisfiesPzi":true},"stages":[{"name":"BUILD","message":"Build in progress","state":"IN_PROGRESS","resource":"projects/209159062090/locations/us-central1/builds/25c50249-3a7d-44ac-a749-66cd96fd1a69","resourceUri":"https://console.cloud.google.com/cloud-build/builds;region=us-central1/25c50249-3a7d-44ac-a749-66cd96fd1a69?project=209159062090"},{"name":"SERVICE","state":"NOT_STARTED"}],"operationType":"UPDATE_FUNCTION","buildName":"projects/209159062090/locations/us-central1/builds/25c50249-3a7d-44ac-a749-66cd96fd1a69"},"done":false}
[debug] [2026-02-05T16:04:36.383Z] [update-default-us-central1-onUserCreated] Retrying task index 0
[debug] [2026-02-05T16:04:36.384Z] Checked if tokens are valid: true, expires at: 1770308555729
[debug] [2026-02-05T16:04:36.384Z] Checked if tokens are valid: true, expires at: 1770308555729
[debug] [2026-02-05T16:04:36.384Z] >>> [apiv2][query] GET https://cloudfunctions.googleapis.com/v1/operations/bW9vbnN0b25lLTRmZmI2L3VzLWNlbnRyYWwxL29uVXNlckNyZWF0ZWQvWjJ5VTQwUjBZakE [none]
[debug] [2026-02-05T16:04:36.485Z] <<< [apiv2][status] GET https://cloudfunctions.googleapis.com/v1/operations/bW9vbnN0b25lLTRmZmI2L3VzLWNlbnRyYWwxL29uVXNlckNyZWF0ZWQvWjJ5VTQwUjBZakE 200
[debug] [2026-02-05T16:04:36.485Z] <<< [apiv2][body] GET https://cloudfunctions.googleapis.com/v1/operations/bW9vbnN0b25lLTRmZmI2L3VzLWNlbnRyYWwxL29uVXNlckNyZWF0ZWQvWjJ5VTQwUjBZakE {"name":"operations/bW9vbnN0b25lLTRmZmI2L3VzLWNlbnRyYWwxL29uVXNlckNyZWF0ZWQvWjJ5VTQwUjBZakE","metadata":{"@type":"type.googleapis.com/google.cloud.functions.v1.OperationMetadataV1","target":"projects/moonstone-4ffb6/locations/us-central1/functions/onUserCreated","type":"UPDATE_FUNCTION","request":{"@type":"type.googleapis.com/google.cloud.functions.v1.CloudFunction","name":"projects/moonstone-4ffb6/locations/us-central1/functions/onUserCreated","eventTrigger":{"eventType":"providers/firebase.auth/eventTypes/user.create","resource":"projects/moonstone-4ffb6","service":"firebaseauth.googleapis.com"},"status":"ACTIVE","entryPoint":"onUserCreated","updateTime":"2026-02-05T15:47:52.578Z","versionId":"37","labels":{"deployment-tool":"cli-firebase","firebase-functions-hash":"601a9d2c7821ba6b3231d8b73751faf9cff534f0"},"sourceUploadUrl":"https://storage.googleapis.com/uploads-103741382100.us-central1.cloudfunctions.appspot.com/fd5f4b10-979c-4e98-8fed-6ea9b74dbfdd.zip?GoogleAccessId=service-209159062090@gcf-admin-robot.iam.gserviceaccount.com&Expires=1770309269&Signature=ilJjefXq3lJUkA84HjrpUi4RDBqk01KPGYCZQm2TsbY7Kc5SoJWKZ6CH%2B5sH1%2FgFo8Ob0g8mVzKpsLMs%2FRJtTYvlt79c8%2FB02ZDiY1J23aBqfygefWZQXpeG3n8jBejT57h%2Bxp1SWbH9ounL%2FC4OQoaUfR2%2BqoQiawPyiuSDwdVefJ%2F4lXTkPW2q73gSsxF4C2hSstsFavTDPo6PDRPOYVZhGEPamDoNzTsxIBVQ%2F8P8FbpJdZtKuZTk8FpBTGZDkh73zwA5AWegbOsbxZ7GhKcMtl1WhwgSzS%2Bd1EIVzSocbKV6II9eZZu69vhrcs7gKzowVIpwQhT3hAshnFAboQ%3D%3D","environmentVariables":{"FIREBASE_CONFIG":"{\"projectId\":\"moonstone-4ffb6\",\"storageBucket\":\"moonstone-4ffb6.firebasestorage.app\"}","GCLOUD_PROJECT":"moonstone-4ffb6","EVENTARC_CLOUD_EVENT_SOURCE":"projects/moonstone-4ffb6/locations/us-central1/functions/onUserCreated"},"runtime":"nodejs20","buildId":"69f59c75-70a9-4043-acf7-a346c1545c96","buildEnvironmentVariables":{"GOOGLE_NODE_RUN_SCRIPTS":""},"buildName":"projects/209159062090/locations/us-central1/builds/69f59c75-70a9-4043-acf7-a346c1545c96","dockerRegistry":"ARTIFACT_REGISTRY","automaticUpdatePolicy":{},"buildServiceAccount":"projects/moonstone-4ffb6/serviceAccounts/209159062090-compute@developer.gserviceaccount.com"},"versionId":"38","updateTime":"2026-02-05T16:04:30Z","buildId":"8baebbba-7ede-4b99-ba2a-42efc01e5585","buildName":"projects/209159062090/locations/us-central1/builds/8baebbba-7ede-4b99-ba2a-42efc01e5585"}}
[debug] [2026-02-05T16:04:36.790Z] [update-default-us-central1-previewVoice] Retrying task index 0
[debug] [2026-02-05T16:04:36.791Z] Checked if tokens are valid: true, expires at: 1770308555729
[debug] [2026-02-05T16:04:36.791Z] Checked if tokens are valid: true, expires at: 1770308555729
[debug] [2026-02-05T16:04:36.791Z] >>> [apiv2][query] GET https://cloudfunctions.googleapis.com/v2/projects/moonstone-4ffb6/locations/us-central1/operations/operation-1770307469925-64a15d3e35c8e-39a3132d-d1ed5cc7 [none]
[debug] [2026-02-05T16:04:36.805Z] [update-default-us-central1-addToLibrary] Retrying task index 0
[debug] [2026-02-05T16:04:36.805Z] Checked if tokens are valid: true, expires at: 1770308555729
[debug] [2026-02-05T16:04:36.805Z] Checked if tokens are valid: true, expires at: 1770308555729
[debug] [2026-02-05T16:04:36.806Z] >>> [apiv2][query] GET https://cloudfunctions.googleapis.com/v2/projects/moonstone-4ffb6/locations/us-central1/operations/operation-1770307469884-64a15d3e2bb4b-a5861e88-08d66d81 [none]
[debug] [2026-02-05T16:04:36.821Z] [update-default-us-central1-createStory] Retrying task index 0
[debug] [2026-02-05T16:04:36.822Z] Checked if tokens are valid: true, expires at: 1770308555729
[debug] [2026-02-05T16:04:36.822Z] Checked if tokens are valid: true, expires at: 1770308555729
[debug] [2026-02-05T16:04:36.822Z] >>> [apiv2][query] GET https://cloudfunctions.googleapis.com/v2/projects/moonstone-4ffb6/locations/us-central1/operations/operation-1770307469959-64a15d3e3e1e3-9c651303-a65010cb [none]
[debug] [2026-02-05T16:04:36.972Z] <<< [apiv2][status] GET https://cloudfunctions.googleapis.com/v2/projects/moonstone-4ffb6/locations/us-central1/operations/operation-1770307469925-64a15d3e35c8e-39a3132d-d1ed5cc7 200
[debug] [2026-02-05T16:04:36.972Z] <<< [apiv2][body] GET https://cloudfunctions.googleapis.com/v2/projects/moonstone-4ffb6/locations/us-central1/operations/operation-1770307469925-64a15d3e35c8e-39a3132d-d1ed5cc7 {"name":"projects/moonstone-4ffb6/locations/us-central1/operations/operation-1770307469925-64a15d3e35c8e-39a3132d-d1ed5cc7","metadata":{"@type":"type.googleapis.com/google.cloud.functions.v2.OperationMetadata","createTime":"2026-02-05T16:04:30.622575670Z","target":"projects/moonstone-4ffb6/locations/us-central1/functions/previewVoice","verb":"update","cancelRequested":false,"apiVersion":"v2","requestResource":{"@type":"type.googleapis.com/google.cloud.functions.v2.Function","name":"projects/moonstone-4ffb6/locations/us-central1/functions/previewVoice","buildConfig":{"runtime":"nodejs20","entryPoint":"previewVoice","source":{"storageSource":{"bucket":"gcf-v2-sources-209159062090-us-central1","object":"previewVoice/function-source.zip","generation":"1770307470574217"}},"environmentVariables":{"GOOGLE_NODE_RUN_SCRIPTS":""},"dockerRepository":"projects/moonstone-4ffb6/locations/us-central1/repositories/gcf-artifacts","sourceProvenance":{"resolvedStorageSource":{"bucket":"gcf-v2-sources-209159062090-us-central1","object":"previewVoice/function-source.zip","generation":"1770306322040150"}},"dockerRegistry":"ARTIFACT_REGISTRY","serviceAccount":"projects/moonstone-4ffb6/serviceAccounts/209159062090-compute@developer.gserviceaccount.com","automaticUpdatePolicy":{}},"serviceConfig":{"service":"projects/moonstone-4ffb6/locations/us-central1/services/previewvoice","timeoutSeconds":60,"environmentVariables":{"FIREBASE_CONFIG":"{\"projectId\":\"moonstone-4ffb6\",\"storageBucket\":\"moonstone-4ffb6.firebasestorage.app\"}","GCLOUD_PROJECT":"moonstone-4ffb6","EVENTARC_CLOUD_EVENT_SOURCE":"projects/moonstone-4ffb6/locations/us-central1/services/previewVoice","FUNCTION_TARGET":"previewVoice","LOG_EXECUTION_ID":"true"},"ingressSettings":"ALLOW_ALL","uri":"https://previewvoice-cblu2dsagq-uc.a.run.app","serviceAccountEmail":"209159062090-compute@developer.gserviceaccount.com","availableMemory":"512Mi","allTrafficOnLatestRevision":true,"revision":"previewvoice-00027-vif","maxInstanceRequestConcurrency":80,"availableCpu":"1"},"state":"ACTIVE","labels":{"deployment-tool":"cli-firebase","deployment-callable":"true","firebase-functions-hash":"7bbeefe44dd2fb04675612dc9aa4e05f050b0b2b"},"environment":"GEN_2","url":"https://us-central1-moonstone-4ffb6.cloudfunctions.net/previewVoice","satisfiesPzi":true},"stages":[{"name":"BUILD","message":"Build in progress","state":"IN_PROGRESS","resource":"projects/209159062090/locations/us-central1/builds/68bd7e82-b514-403f-9791-758372b59bcb","resourceUri":"https://console.cloud.google.com/cloud-build/builds;region=us-central1/68bd7e82-b514-403f-9791-758372b59bcb?project=209159062090"},{"name":"SERVICE","state":"NOT_STARTED"}],"operationType":"UPDATE_FUNCTION","buildName":"projects/209159062090/locations/us-central1/builds/68bd7e82-b514-403f-9791-758372b59bcb"},"done":false}
[debug] [2026-02-05T16:04:36.997Z] <<< [apiv2][status] GET https://cloudfunctions.googleapis.com/v2/projects/moonstone-4ffb6/locations/us-central1/operations/operation-1770307469884-64a15d3e2bb4b-a5861e88-08d66d81 200
[debug] [2026-02-05T16:04:36.997Z] <<< [apiv2][body] GET https://cloudfunctions.googleapis.com/v2/projects/moonstone-4ffb6/locations/us-central1/operations/operation-1770307469884-64a15d3e2bb4b-a5861e88-08d66d81 {"name":"projects/moonstone-4ffb6/locations/us-central1/operations/operation-1770307469884-64a15d3e2bb4b-a5861e88-08d66d81","metadata":{"@type":"type.googleapis.com/google.cloud.functions.v2.OperationMetadata","createTime":"2026-02-05T16:04:30.602082585Z","target":"projects/moonstone-4ffb6/locations/us-central1/functions/addToLibrary","verb":"update","cancelRequested":false,"apiVersion":"v2","requestResource":{"@type":"type.googleapis.com/google.cloud.functions.v2.Function","name":"projects/moonstone-4ffb6/locations/us-central1/functions/addToLibrary","buildConfig":{"runtime":"nodejs20","entryPoint":"addToLibrary","source":{"storageSource":{"bucket":"gcf-v2-sources-209159062090-us-central1","object":"addToLibrary/function-source.zip","generation":"1770307470546449"}},"environmentVariables":{"GOOGLE_NODE_RUN_SCRIPTS":""},"dockerRepository":"projects/moonstone-4ffb6/locations/us-central1/repositories/gcf-artifacts","sourceProvenance":{"resolvedStorageSource":{"bucket":"gcf-v2-sources-209159062090-us-central1","object":"addToLibrary/function-source.zip","generation":"1770306321990882"}},"dockerRegistry":"ARTIFACT_REGISTRY","serviceAccount":"projects/moonstone-4ffb6/serviceAccounts/209159062090-compute@developer.gserviceaccount.com","automaticUpdatePolicy":{}},"serviceConfig":{"service":"projects/moonstone-4ffb6/locations/us-central1/services/addtolibrary","timeoutSeconds":60,"environmentVariables":{"FIREBASE_CONFIG":"{\"projectId\":\"moonstone-4ffb6\",\"storageBucket\":\"moonstone-4ffb6.firebasestorage.app\"}","GCLOUD_PROJECT":"moonstone-4ffb6","EVENTARC_CLOUD_EVENT_SOURCE":"projects/moonstone-4ffb6/locations/us-central1/services/addToLibrary","FUNCTION_TARGET":"addToLibrary","LOG_EXECUTION_ID":"true","FUNCTION_SIGNATURE_TYPE":"http"},"ingressSettings":"ALLOW_ALL","uri":"https://addtolibrary-cblu2dsagq-uc.a.run.app","serviceAccountEmail":"209159062090-compute@developer.gserviceaccount.com","availableMemory":"256Mi","allTrafficOnLatestRevision":true,"revision":"addtolibrary-00036-zum","maxInstanceRequestConcurrency":80,"availableCpu":"1"},"state":"ACTIVE","labels":{"deployment-tool":"cloudfunctions","deployment-callable":"true","firebase-functions-hash":"7bbeefe44dd2fb04675612dc9aa4e05f050b0b2b"},"environment":"GEN_2","url":"https://us-central1-moonstone-4ffb6.cloudfunctions.net/addToLibrary","satisfiesPzi":true},"stages":[{"name":"BUILD","message":"Build in progress","state":"IN_PROGRESS","resource":"projects/209159062090/locations/us-central1/builds/ee4e2110-d135-4dd6-9e8b-4bdd6d27be6d","resourceUri":"https://console.cloud.google.com/cloud-build/builds;region=us-central1/ee4e2110-d135-4dd6-9e8b-4bdd6d27be6d?project=209159062090"},{"name":"SERVICE","state":"NOT_STARTED"}],"operationType":"UPDATE_FUNCTION","buildName":"projects/209159062090/locations/us-central1/builds/ee4e2110-d135-4dd6-9e8b-4bdd6d27be6d"},"done":false}
[debug] [2026-02-05T16:04:37.001Z] <<< [apiv2][status] GET https://cloudfunctions.googleapis.com/v2/projects/moonstone-4ffb6/locations/us-central1/operations/operation-1770307469959-64a15d3e3e1e3-9c651303-a65010cb 200
[debug] [2026-02-05T16:04:37.001Z] <<< [apiv2][body] GET https://cloudfunctions.googleapis.com/v2/projects/moonstone-4ffb6/locations/us-central1/operations/operation-1770307469959-64a15d3e3e1e3-9c651303-a65010cb {"name":"projects/moonstone-4ffb6/locations/us-central1/operations/operation-1770307469959-64a15d3e3e1e3-9c651303-a65010cb","metadata":{"@type":"type.googleapis.com/google.cloud.functions.v2.OperationMetadata","createTime":"2026-02-05T16:04:30.622741317Z","target":"projects/moonstone-4ffb6/locations/us-central1/functions/createStory","verb":"update","cancelRequested":false,"apiVersion":"v2","requestResource":{"@type":"type.googleapis.com/google.cloud.functions.v2.Function","name":"projects/moonstone-4ffb6/locations/us-central1/functions/createStory","buildConfig":{"runtime":"nodejs20","entryPoint":"createStory","source":{"storageSource":{"bucket":"gcf-v2-sources-209159062090-us-central1","object":"createStory/function-source.zip","generation":"1770307470571183"}},"environmentVariables":{"GOOGLE_NODE_RUN_SCRIPTS":""},"dockerRepository":"projects/moonstone-4ffb6/locations/us-central1/repositories/gcf-artifacts","sourceProvenance":{"resolvedStorageSource":{"bucket":"gcf-v2-sources-209159062090-us-central1","object":"createStory/function-source.zip","generation":"1770306322005926"}},"dockerRegistry":"ARTIFACT_REGISTRY","serviceAccount":"projects/moonstone-4ffb6/serviceAccounts/209159062090-compute@developer.gserviceaccount.com","automaticUpdatePolicy":{}},"serviceConfig":{"service":"projects/moonstone-4ffb6/locations/us-central1/services/createstory","timeoutSeconds":540,"environmentVariables":{"FIREBASE_CONFIG":"{\"projectId\":\"moonstone-4ffb6\",\"storageBucket\":\"moonstone-4ffb6.firebasestorage.app\"}","GCLOUD_PROJECT":"moonstone-4ffb6","EVENTARC_CLOUD_EVENT_SOURCE":"projects/moonstone-4ffb6/locations/us-central1/services/createStory","FUNCTION_TARGET":"createStory","LOG_EXECUTION_ID":"true"},"ingressSettings":"ALLOW_ALL","uri":"https://createstory-cblu2dsagq-uc.a.run.app","serviceAccountEmail":"209159062090-compute@developer.gserviceaccount.com","availableMemory":"1024Mi","allTrafficOnLatestRevision":true,"revision":"createstory-00062-lel","maxInstanceRequestConcurrency":80,"availableCpu":"1"},"state":"ACTIVE","labels":{"deployment-tool":"cli-firebase","deployment-callable":"true","firebase-functions-hash":"7bbeefe44dd2fb04675612dc9aa4e05f050b0b2b"},"environment":"GEN_2","url":"https://us-central1-moonstone-4ffb6.cloudfunctions.net/createStory","satisfiesPzi":true},"stages":[{"name":"BUILD","message":"Build in progress","state":"IN_PROGRESS","resource":"projects/209159062090/locations/us-central1/builds/25c50249-3a7d-44ac-a749-66cd96fd1a69","resourceUri":"https://console.cloud.google.com/cloud-build/builds;region=us-central1/25c50249-3a7d-44ac-a749-66cd96fd1a69?project=209159062090"},{"name":"SERVICE","state":"NOT_STARTED"}],"operationType":"UPDATE_FUNCTION","buildName":"projects/209159062090/locations/us-central1/builds/25c50249-3a7d-44ac-a749-66cd96fd1a69"},"done":false}
[debug] [2026-02-05T16:04:40.491Z] [update-default-us-central1-onUserCreated] Retrying task index 0
[debug] [2026-02-05T16:04:40.491Z] Checked if tokens are valid: true, expires at: 1770308555729
[debug] [2026-02-05T16:04:40.491Z] Checked if tokens are valid: true, expires at: 1770308555729
[debug] [2026-02-05T16:04:40.491Z] >>> [apiv2][query] GET https://cloudfunctions.googleapis.com/v1/operations/bW9vbnN0b25lLTRmZmI2L3VzLWNlbnRyYWwxL29uVXNlckNyZWF0ZWQvWjJ5VTQwUjBZakE [none]
[debug] [2026-02-05T16:04:40.667Z] <<< [apiv2][status] GET https://cloudfunctions.googleapis.com/v1/operations/bW9vbnN0b25lLTRmZmI2L3VzLWNlbnRyYWwxL29uVXNlckNyZWF0ZWQvWjJ5VTQwUjBZakE 200
[debug] [2026-02-05T16:04:40.668Z] <<< [apiv2][body] GET https://cloudfunctions.googleapis.com/v1/operations/bW9vbnN0b25lLTRmZmI2L3VzLWNlbnRyYWwxL29uVXNlckNyZWF0ZWQvWjJ5VTQwUjBZakE {"name":"operations/bW9vbnN0b25lLTRmZmI2L3VzLWNlbnRyYWwxL29uVXNlckNyZWF0ZWQvWjJ5VTQwUjBZakE","metadata":{"@type":"type.googleapis.com/google.cloud.functions.v1.OperationMetadataV1","target":"projects/moonstone-4ffb6/locations/us-central1/functions/onUserCreated","type":"UPDATE_FUNCTION","request":{"@type":"type.googleapis.com/google.cloud.functions.v1.CloudFunction","name":"projects/moonstone-4ffb6/locations/us-central1/functions/onUserCreated","eventTrigger":{"eventType":"providers/firebase.auth/eventTypes/user.create","resource":"projects/moonstone-4ffb6","service":"firebaseauth.googleapis.com"},"status":"ACTIVE","entryPoint":"onUserCreated","updateTime":"2026-02-05T15:47:52.578Z","versionId":"37","labels":{"deployment-tool":"cli-firebase","firebase-functions-hash":"601a9d2c7821ba6b3231d8b73751faf9cff534f0"},"sourceUploadUrl":"https://storage.googleapis.com/uploads-103741382100.us-central1.cloudfunctions.appspot.com/fd5f4b10-979c-4e98-8fed-6ea9b74dbfdd.zip?GoogleAccessId=service-209159062090@gcf-admin-robot.iam.gserviceaccount.com&Expires=1770309269&Signature=ilJjefXq3lJUkA84HjrpUi4RDBqk01KPGYCZQm2TsbY7Kc5SoJWKZ6CH%2B5sH1%2FgFo8Ob0g8mVzKpsLMs%2FRJtTYvlt79c8%2FB02ZDiY1J23aBqfygefWZQXpeG3n8jBejT57h%2Bxp1SWbH9ounL%2FC4OQoaUfR2%2BqoQiawPyiuSDwdVefJ%2F4lXTkPW2q73gSsxF4C2hSstsFavTDPo6PDRPOYVZhGEPamDoNzTsxIBVQ%2F8P8FbpJdZtKuZTk8FpBTGZDkh73zwA5AWegbOsbxZ7GhKcMtl1WhwgSzS%2Bd1EIVzSocbKV6II9eZZu69vhrcs7gKzowVIpwQhT3hAshnFAboQ%3D%3D","environmentVariables":{"FIREBASE_CONFIG":"{\"projectId\":\"moonstone-4ffb6\",\"storageBucket\":\"moonstone-4ffb6.firebasestorage.app\"}","GCLOUD_PROJECT":"moonstone-4ffb6","EVENTARC_CLOUD_EVENT_SOURCE":"projects/moonstone-4ffb6/locations/us-central1/functions/onUserCreated"},"runtime":"nodejs20","buildId":"69f59c75-70a9-4043-acf7-a346c1545c96","buildEnvironmentVariables":{"GOOGLE_NODE_RUN_SCRIPTS":""},"buildName":"projects/209159062090/locations/us-central1/builds/69f59c75-70a9-4043-acf7-a346c1545c96","dockerRegistry":"ARTIFACT_REGISTRY","automaticUpdatePolicy":{},"buildServiceAccount":"projects/moonstone-4ffb6/serviceAccounts/209159062090-compute@developer.gserviceaccount.com"},"versionId":"38","updateTime":"2026-02-05T16:04:30Z","buildId":"8baebbba-7ede-4b99-ba2a-42efc01e5585","buildName":"projects/209159062090/locations/us-central1/builds/8baebbba-7ede-4b99-ba2a-42efc01e5585"}}
[debug] [2026-02-05T16:04:40.979Z] [update-default-us-central1-previewVoice] Retrying task index 0
[debug] [2026-02-05T16:04:40.979Z] Checked if tokens are valid: true, expires at: 1770308555729
[debug] [2026-02-05T16:04:40.979Z] Checked if tokens are valid: true, expires at: 1770308555729
[debug] [2026-02-05T16:04:40.979Z] >>> [apiv2][query] GET https://cloudfunctions.googleapis.com/v2/projects/moonstone-4ffb6/locations/us-central1/operations/operation-1770307469925-64a15d3e35c8e-39a3132d-d1ed5cc7 [none]
[debug] [2026-02-05T16:04:41.009Z] [update-default-us-central1-addToLibrary] Retrying task index 0
[debug] [2026-02-05T16:04:41.009Z] Checked if tokens are valid: true, expires at: 1770308555729
[debug] [2026-02-05T16:04:41.009Z] Checked if tokens are valid: true, expires at: 1770308555729
[debug] [2026-02-05T16:04:41.010Z] >>> [apiv2][query] GET https://cloudfunctions.googleapis.com/v2/projects/moonstone-4ffb6/locations/us-central1/operations/operation-1770307469884-64a15d3e2bb4b-a5861e88-08d66d81 [none]
[debug] [2026-02-05T16:04:41.010Z] [update-default-us-central1-createStory] Retrying task index 0
[debug] [2026-02-05T16:04:41.010Z] Checked if tokens are valid: true, expires at: 1770308555729
[debug] [2026-02-05T16:04:41.010Z] Checked if tokens are valid: true, expires at: 1770308555729
[debug] [2026-02-05T16:04:41.010Z] >>> [apiv2][query] GET https://cloudfunctions.googleapis.com/v2/projects/moonstone-4ffb6/locations/us-central1/operations/operation-1770307469959-64a15d3e3e1e3-9c651303-a65010cb [none]
[debug] [2026-02-05T16:04:41.182Z] <<< [apiv2][status] GET https://cloudfunctions.googleapis.com/v2/projects/moonstone-4ffb6/locations/us-central1/operations/operation-1770307469925-64a15d3e35c8e-39a3132d-d1ed5cc7 200
[debug] [2026-02-05T16:04:41.182Z] <<< [apiv2][body] GET https://cloudfunctions.googleapis.com/v2/projects/moonstone-4ffb6/locations/us-central1/operations/operation-1770307469925-64a15d3e35c8e-39a3132d-d1ed5cc7 {"name":"projects/moonstone-4ffb6/locations/us-central1/operations/operation-1770307469925-64a15d3e35c8e-39a3132d-d1ed5cc7","metadata":{"@type":"type.googleapis.com/google.cloud.functions.v2.OperationMetadata","createTime":"2026-02-05T16:04:30.622575670Z","target":"projects/moonstone-4ffb6/locations/us-central1/functions/previewVoice","verb":"update","cancelRequested":false,"apiVersion":"v2","requestResource":{"@type":"type.googleapis.com/google.cloud.functions.v2.Function","name":"projects/moonstone-4ffb6/locations/us-central1/functions/previewVoice","buildConfig":{"runtime":"nodejs20","entryPoint":"previewVoice","source":{"storageSource":{"bucket":"gcf-v2-sources-209159062090-us-central1","object":"previewVoice/function-source.zip","generation":"1770307470574217"}},"environmentVariables":{"GOOGLE_NODE_RUN_SCRIPTS":""},"dockerRepository":"projects/moonstone-4ffb6/locations/us-central1/repositories/gcf-artifacts","sourceProvenance":{"resolvedStorageSource":{"bucket":"gcf-v2-sources-209159062090-us-central1","object":"previewVoice/function-source.zip","generation":"1770306322040150"}},"dockerRegistry":"ARTIFACT_REGISTRY","serviceAccount":"projects/moonstone-4ffb6/serviceAccounts/209159062090-compute@developer.gserviceaccount.com","automaticUpdatePolicy":{}},"serviceConfig":{"service":"projects/moonstone-4ffb6/locations/us-central1/services/previewvoice","timeoutSeconds":60,"environmentVariables":{"FIREBASE_CONFIG":"{\"projectId\":\"moonstone-4ffb6\",\"storageBucket\":\"moonstone-4ffb6.firebasestorage.app\"}","GCLOUD_PROJECT":"moonstone-4ffb6","EVENTARC_CLOUD_EVENT_SOURCE":"projects/moonstone-4ffb6/locations/us-central1/services/previewVoice","FUNCTION_TARGET":"previewVoice","LOG_EXECUTION_ID":"true"},"ingressSettings":"ALLOW_ALL","uri":"https://previewvoice-cblu2dsagq-uc.a.run.app","serviceAccountEmail":"209159062090-compute@developer.gserviceaccount.com","availableMemory":"512Mi","allTrafficOnLatestRevision":true,"revision":"previewvoice-00027-vif","maxInstanceRequestConcurrency":80,"availableCpu":"1"},"state":"ACTIVE","labels":{"deployment-tool":"cli-firebase","deployment-callable":"true","firebase-functions-hash":"7bbeefe44dd2fb04675612dc9aa4e05f050b0b2b"},"environment":"GEN_2","url":"https://us-central1-moonstone-4ffb6.cloudfunctions.net/previewVoice","satisfiesPzi":true},"stages":[{"name":"BUILD","message":"Build in progress","state":"IN_PROGRESS","resource":"projects/209159062090/locations/us-central1/builds/68bd7e82-b514-403f-9791-758372b59bcb","resourceUri":"https://console.cloud.google.com/cloud-build/builds;region=us-central1/68bd7e82-b514-403f-9791-758372b59bcb?project=209159062090"},{"name":"SERVICE","state":"NOT_STARTED"}],"operationType":"UPDATE_FUNCTION","buildName":"projects/209159062090/locations/us-central1/builds/68bd7e82-b514-403f-9791-758372b59bcb"},"done":false}
[debug] [2026-02-05T16:04:41.202Z] <<< [apiv2][status] GET https://cloudfunctions.googleapis.com/v2/projects/moonstone-4ffb6/locations/us-central1/operations/operation-1770307469959-64a15d3e3e1e3-9c651303-a65010cb 200
[debug] [2026-02-05T16:04:41.202Z] <<< [apiv2][body] GET https://cloudfunctions.googleapis.com/v2/projects/moonstone-4ffb6/locations/us-central1/operations/operation-1770307469959-64a15d3e3e1e3-9c651303-a65010cb {"name":"projects/moonstone-4ffb6/locations/us-central1/operations/operation-1770307469959-64a15d3e3e1e3-9c651303-a65010cb","metadata":{"@type":"type.googleapis.com/google.cloud.functions.v2.OperationMetadata","createTime":"2026-02-05T16:04:30.622741317Z","target":"projects/moonstone-4ffb6/locations/us-central1/functions/createStory","verb":"update","cancelRequested":false,"apiVersion":"v2","requestResource":{"@type":"type.googleapis.com/google.cloud.functions.v2.Function","name":"projects/moonstone-4ffb6/locations/us-central1/functions/createStory","buildConfig":{"runtime":"nodejs20","entryPoint":"createStory","source":{"storageSource":{"bucket":"gcf-v2-sources-209159062090-us-central1","object":"createStory/function-source.zip","generation":"1770307470571183"}},"environmentVariables":{"GOOGLE_NODE_RUN_SCRIPTS":""},"dockerRepository":"projects/moonstone-4ffb6/locations/us-central1/repositories/gcf-artifacts","sourceProvenance":{"resolvedStorageSource":{"bucket":"gcf-v2-sources-209159062090-us-central1","object":"createStory/function-source.zip","generation":"1770306322005926"}},"dockerRegistry":"ARTIFACT_REGISTRY","serviceAccount":"projects/moonstone-4ffb6/serviceAccounts/209159062090-compute@developer.gserviceaccount.com","automaticUpdatePolicy":{}},"serviceConfig":{"service":"projects/moonstone-4ffb6/locations/us-central1/services/createstory","timeoutSeconds":540,"environmentVariables":{"FIREBASE_CONFIG":"{\"projectId\":\"moonstone-4ffb6\",\"storageBucket\":\"moonstone-4ffb6.firebasestorage.app\"}","GCLOUD_PROJECT":"moonstone-4ffb6","EVENTARC_CLOUD_EVENT_SOURCE":"projects/moonstone-4ffb6/locations/us-central1/services/createStory","FUNCTION_TARGET":"createStory","LOG_EXECUTION_ID":"true"},"ingressSettings":"ALLOW_ALL","uri":"https://createstory-cblu2dsagq-uc.a.run.app","serviceAccountEmail":"209159062090-compute@developer.gserviceaccount.com","availableMemory":"1024Mi","allTrafficOnLatestRevision":true,"revision":"createstory-00062-lel","maxInstanceRequestConcurrency":80,"availableCpu":"1"},"state":"ACTIVE","labels":{"deployment-tool":"cli-firebase","deployment-callable":"true","firebase-functions-hash":"7bbeefe44dd2fb04675612dc9aa4e05f050b0b2b"},"environment":"GEN_2","url":"https://us-central1-moonstone-4ffb6.cloudfunctions.net/createStory","satisfiesPzi":true},"stages":[{"name":"BUILD","message":"Build in progress","state":"IN_PROGRESS","resource":"projects/209159062090/locations/us-central1/builds/25c50249-3a7d-44ac-a749-66cd96fd1a69","resourceUri":"https://console.cloud.google.com/cloud-build/builds;region=us-central1/25c50249-3a7d-44ac-a749-66cd96fd1a69?project=209159062090"},{"name":"SERVICE","state":"NOT_STARTED"}],"operationType":"UPDATE_FUNCTION","buildName":"projects/209159062090/locations/us-central1/builds/25c50249-3a7d-44ac-a749-66cd96fd1a69"},"done":false}
[debug] [2026-02-05T16:04:41.211Z] <<< [apiv2][status] GET https://cloudfunctions.googleapis.com/v2/projects/moonstone-4ffb6/locations/us-central1/operations/operation-1770307469884-64a15d3e2bb4b-a5861e88-08d66d81 200
[debug] [2026-02-05T16:04:41.211Z] <<< [apiv2][body] GET https://cloudfunctions.googleapis.com/v2/projects/moonstone-4ffb6/locations/us-central1/operations/operation-1770307469884-64a15d3e2bb4b-a5861e88-08d66d81 {"name":"projects/moonstone-4ffb6/locations/us-central1/operations/operation-1770307469884-64a15d3e2bb4b-a5861e88-08d66d81","metadata":{"@type":"type.googleapis.com/google.cloud.functions.v2.OperationMetadata","createTime":"2026-02-05T16:04:30.602082585Z","target":"projects/moonstone-4ffb6/locations/us-central1/functions/addToLibrary","verb":"update","cancelRequested":false,"apiVersion":"v2","requestResource":{"@type":"type.googleapis.com/google.cloud.functions.v2.Function","name":"projects/moonstone-4ffb6/locations/us-central1/functions/addToLibrary","buildConfig":{"runtime":"nodejs20","entryPoint":"addToLibrary","source":{"storageSource":{"bucket":"gcf-v2-sources-209159062090-us-central1","object":"addToLibrary/function-source.zip","generation":"1770307470546449"}},"environmentVariables":{"GOOGLE_NODE_RUN_SCRIPTS":""},"dockerRepository":"projects/moonstone-4ffb6/locations/us-central1/repositories/gcf-artifacts","sourceProvenance":{"resolvedStorageSource":{"bucket":"gcf-v2-sources-209159062090-us-central1","object":"addToLibrary/function-source.zip","generation":"1770306321990882"}},"dockerRegistry":"ARTIFACT_REGISTRY","serviceAccount":"projects/moonstone-4ffb6/serviceAccounts/209159062090-compute@developer.gserviceaccount.com","automaticUpdatePolicy":{}},"serviceConfig":{"service":"projects/moonstone-4ffb6/locations/us-central1/services/addtolibrary","timeoutSeconds":60,"environmentVariables":{"FIREBASE_CONFIG":"{\"projectId\":\"moonstone-4ffb6\",\"storageBucket\":\"moonstone-4ffb6.firebasestorage.app\"}","GCLOUD_PROJECT":"moonstone-4ffb6","EVENTARC_CLOUD_EVENT_SOURCE":"projects/moonstone-4ffb6/locations/us-central1/services/addToLibrary","FUNCTION_TARGET":"addToLibrary","LOG_EXECUTION_ID":"true","FUNCTION_SIGNATURE_TYPE":"http"},"ingressSettings":"ALLOW_ALL","uri":"https://addtolibrary-cblu2dsagq-uc.a.run.app","serviceAccountEmail":"209159062090-compute@developer.gserviceaccount.com","availableMemory":"256Mi","allTrafficOnLatestRevision":true,"revision":"addtolibrary-00036-zum","maxInstanceRequestConcurrency":80,"availableCpu":"1"},"state":"ACTIVE","labels":{"deployment-tool":"cloudfunctions","deployment-callable":"true","firebase-functions-hash":"7bbeefe44dd2fb04675612dc9aa4e05f050b0b2b"},"environment":"GEN_2","url":"https://us-central1-moonstone-4ffb6.cloudfunctions.net/addToLibrary","satisfiesPzi":true},"stages":[{"name":"BUILD","message":"Build in progress","state":"IN_PROGRESS","resource":"projects/209159062090/locations/us-central1/builds/ee4e2110-d135-4dd6-9e8b-4bdd6d27be6d","resourceUri":"https://console.cloud.google.com/cloud-build/builds;region=us-central1/ee4e2110-d135-4dd6-9e8b-4bdd6d27be6d?project=209159062090"},{"name":"SERVICE","state":"NOT_STARTED"}],"operationType":"UPDATE_FUNCTION","buildName":"projects/209159062090/locations/us-central1/builds/ee4e2110-d135-4dd6-9e8b-4bdd6d27be6d"},"done":false}
[debug] [2026-02-05T16:04:48.681Z] [update-default-us-central1-onUserCreated] Retrying task index 0
[debug] [2026-02-05T16:04:48.681Z] Checked if tokens are valid: true, expires at: 1770308555729
[debug] [2026-02-05T16:04:48.681Z] Checked if tokens are valid: true, expires at: 1770308555729
[debug] [2026-02-05T16:04:48.681Z] >>> [apiv2][query] GET https://cloudfunctions.googleapis.com/v1/operations/bW9vbnN0b25lLTRmZmI2L3VzLWNlbnRyYWwxL29uVXNlckNyZWF0ZWQvWjJ5VTQwUjBZakE [none]
[debug] [2026-02-05T16:04:48.853Z] <<< [apiv2][status] GET https://cloudfunctions.googleapis.com/v1/operations/bW9vbnN0b25lLTRmZmI2L3VzLWNlbnRyYWwxL29uVXNlckNyZWF0ZWQvWjJ5VTQwUjBZakE 200
[debug] [2026-02-05T16:04:48.853Z] <<< [apiv2][body] GET https://cloudfunctions.googleapis.com/v1/operations/bW9vbnN0b25lLTRmZmI2L3VzLWNlbnRyYWwxL29uVXNlckNyZWF0ZWQvWjJ5VTQwUjBZakE {"name":"operations/bW9vbnN0b25lLTRmZmI2L3VzLWNlbnRyYWwxL29uVXNlckNyZWF0ZWQvWjJ5VTQwUjBZakE","metadata":{"@type":"type.googleapis.com/google.cloud.functions.v1.OperationMetadataV1","target":"projects/moonstone-4ffb6/locations/us-central1/functions/onUserCreated","type":"UPDATE_FUNCTION","request":{"@type":"type.googleapis.com/google.cloud.functions.v1.CloudFunction","name":"projects/moonstone-4ffb6/locations/us-central1/functions/onUserCreated","eventTrigger":{"eventType":"providers/firebase.auth/eventTypes/user.create","resource":"projects/moonstone-4ffb6","service":"firebaseauth.googleapis.com"},"status":"ACTIVE","entryPoint":"onUserCreated","updateTime":"2026-02-05T15:47:52.578Z","versionId":"37","labels":{"deployment-tool":"cli-firebase","firebase-functions-hash":"601a9d2c7821ba6b3231d8b73751faf9cff534f0"},"sourceUploadUrl":"https://storage.googleapis.com/uploads-103741382100.us-central1.cloudfunctions.appspot.com/fd5f4b10-979c-4e98-8fed-6ea9b74dbfdd.zip?GoogleAccessId=service-209159062090@gcf-admin-robot.iam.gserviceaccount.com&Expires=1770309269&Signature=ilJjefXq3lJUkA84HjrpUi4RDBqk01KPGYCZQm2TsbY7Kc5SoJWKZ6CH%2B5sH1%2FgFo8Ob0g8mVzKpsLMs%2FRJtTYvlt79c8%2FB02ZDiY1J23aBqfygefWZQXpeG3n8jBejT57h%2Bxp1SWbH9ounL%2FC4OQoaUfR2%2BqoQiawPyiuSDwdVefJ%2F4lXTkPW2q73gSsxF4C2hSstsFavTDPo6PDRPOYVZhGEPamDoNzTsxIBVQ%2F8P8FbpJdZtKuZTk8FpBTGZDkh73zwA5AWegbOsbxZ7GhKcMtl1WhwgSzS%2Bd1EIVzSocbKV6II9eZZu69vhrcs7gKzowVIpwQhT3hAshnFAboQ%3D%3D","environmentVariables":{"FIREBASE_CONFIG":"{\"projectId\":\"moonstone-4ffb6\",\"storageBucket\":\"moonstone-4ffb6.firebasestorage.app\"}","GCLOUD_PROJECT":"moonstone-4ffb6","EVENTARC_CLOUD_EVENT_SOURCE":"projects/moonstone-4ffb6/locations/us-central1/functions/onUserCreated"},"runtime":"nodejs20","buildId":"69f59c75-70a9-4043-acf7-a346c1545c96","buildEnvironmentVariables":{"GOOGLE_NODE_RUN_SCRIPTS":""},"buildName":"projects/209159062090/locations/us-central1/builds/69f59c75-70a9-4043-acf7-a346c1545c96","dockerRegistry":"ARTIFACT_REGISTRY","automaticUpdatePolicy":{},"buildServiceAccount":"projects/moonstone-4ffb6/serviceAccounts/209159062090-compute@developer.gserviceaccount.com"},"versionId":"38","updateTime":"2026-02-05T16:04:30Z","buildId":"8baebbba-7ede-4b99-ba2a-42efc01e5585","buildName":"projects/209159062090/locations/us-central1/builds/8baebbba-7ede-4b99-ba2a-42efc01e5585"}}
[debug] [2026-02-05T16:04:49.197Z] [update-default-us-central1-previewVoice] Retrying task index 0
[debug] [2026-02-05T16:04:49.197Z] Checked if tokens are valid: true, expires at: 1770308555729
[debug] [2026-02-05T16:04:49.197Z] Checked if tokens are valid: true, expires at: 1770308555729
[debug] [2026-02-05T16:04:49.197Z] >>> [apiv2][query] GET https://cloudfunctions.googleapis.com/v2/projects/moonstone-4ffb6/locations/us-central1/operations/operation-1770307469925-64a15d3e35c8e-39a3132d-d1ed5cc7 [none]
[debug] [2026-02-05T16:04:49.212Z] [update-default-us-central1-createStory] Retrying task index 0
[debug] [2026-02-05T16:04:49.213Z] Checked if tokens are valid: true, expires at: 1770308555729
[debug] [2026-02-05T16:04:49.213Z] Checked if tokens are valid: true, expires at: 1770308555729
[debug] [2026-02-05T16:04:49.213Z] >>> [apiv2][query] GET https://cloudfunctions.googleapis.com/v2/projects/moonstone-4ffb6/locations/us-central1/operations/operation-1770307469959-64a15d3e3e1e3-9c651303-a65010cb [none]
[debug] [2026-02-05T16:04:49.213Z] [update-default-us-central1-addToLibrary] Retrying task index 0
[debug] [2026-02-05T16:04:49.213Z] Checked if tokens are valid: true, expires at: 1770308555729
[debug] [2026-02-05T16:04:49.213Z] Checked if tokens are valid: true, expires at: 1770308555729
[debug] [2026-02-05T16:04:49.214Z] >>> [apiv2][query] GET https://cloudfunctions.googleapis.com/v2/projects/moonstone-4ffb6/locations/us-central1/operations/operation-1770307469884-64a15d3e2bb4b-a5861e88-08d66d81 [none]
[debug] [2026-02-05T16:04:49.393Z] <<< [apiv2][status] GET https://cloudfunctions.googleapis.com/v2/projects/moonstone-4ffb6/locations/us-central1/operations/operation-1770307469925-64a15d3e35c8e-39a3132d-d1ed5cc7 200
[debug] [2026-02-05T16:04:49.393Z] <<< [apiv2][body] GET https://cloudfunctions.googleapis.com/v2/projects/moonstone-4ffb6/locations/us-central1/operations/operation-1770307469925-64a15d3e35c8e-39a3132d-d1ed5cc7 {"name":"projects/moonstone-4ffb6/locations/us-central1/operations/operation-1770307469925-64a15d3e35c8e-39a3132d-d1ed5cc7","metadata":{"@type":"type.googleapis.com/google.cloud.functions.v2.OperationMetadata","createTime":"2026-02-05T16:04:30.622575670Z","target":"projects/moonstone-4ffb6/locations/us-central1/functions/previewVoice","verb":"update","cancelRequested":false,"apiVersion":"v2","requestResource":{"@type":"type.googleapis.com/google.cloud.functions.v2.Function","name":"projects/moonstone-4ffb6/locations/us-central1/functions/previewVoice","buildConfig":{"runtime":"nodejs20","entryPoint":"previewVoice","source":{"storageSource":{"bucket":"gcf-v2-sources-209159062090-us-central1","object":"previewVoice/function-source.zip","generation":"1770307470574217"}},"environmentVariables":{"GOOGLE_NODE_RUN_SCRIPTS":""},"dockerRepository":"projects/moonstone-4ffb6/locations/us-central1/repositories/gcf-artifacts","sourceProvenance":{"resolvedStorageSource":{"bucket":"gcf-v2-sources-209159062090-us-central1","object":"previewVoice/function-source.zip","generation":"1770306322040150"}},"dockerRegistry":"ARTIFACT_REGISTRY","serviceAccount":"projects/moonstone-4ffb6/serviceAccounts/209159062090-compute@developer.gserviceaccount.com","automaticUpdatePolicy":{}},"serviceConfig":{"service":"projects/moonstone-4ffb6/locations/us-central1/services/previewvoice","timeoutSeconds":60,"environmentVariables":{"FIREBASE_CONFIG":"{\"projectId\":\"moonstone-4ffb6\",\"storageBucket\":\"moonstone-4ffb6.firebasestorage.app\"}","GCLOUD_PROJECT":"moonstone-4ffb6","EVENTARC_CLOUD_EVENT_SOURCE":"projects/moonstone-4ffb6/locations/us-central1/services/previewVoice","FUNCTION_TARGET":"previewVoice","LOG_EXECUTION_ID":"true"},"ingressSettings":"ALLOW_ALL","uri":"https://previewvoice-cblu2dsagq-uc.a.run.app","serviceAccountEmail":"209159062090-compute@developer.gserviceaccount.com","availableMemory":"512Mi","allTrafficOnLatestRevision":true,"revision":"previewvoice-00027-vif","maxInstanceRequestConcurrency":80,"availableCpu":"1"},"state":"ACTIVE","labels":{"deployment-tool":"cli-firebase","deployment-callable":"true","firebase-functions-hash":"7bbeefe44dd2fb04675612dc9aa4e05f050b0b2b"},"environment":"GEN_2","url":"https://us-central1-moonstone-4ffb6.cloudfunctions.net/previewVoice","satisfiesPzi":true},"stages":[{"name":"BUILD","message":"Build in progress","state":"IN_PROGRESS","resource":"projects/209159062090/locations/us-central1/builds/68bd7e82-b514-403f-9791-758372b59bcb","resourceUri":"https://console.cloud.google.com/cloud-build/builds;region=us-central1/68bd7e82-b514-403f-9791-758372b59bcb?project=209159062090"},{"name":"SERVICE","state":"NOT_STARTED"}],"operationType":"UPDATE_FUNCTION","buildName":"projects/209159062090/locations/us-central1/builds/68bd7e82-b514-403f-9791-758372b59bcb"},"done":false}
[debug] [2026-02-05T16:04:49.439Z] <<< [apiv2][status] GET https://cloudfunctions.googleapis.com/v2/projects/moonstone-4ffb6/locations/us-central1/operations/operation-1770307469884-64a15d3e2bb4b-a5861e88-08d66d81 200
[debug] [2026-02-05T16:04:49.439Z] <<< [apiv2][body] GET https://cloudfunctions.googleapis.com/v2/projects/moonstone-4ffb6/locations/us-central1/operations/operation-1770307469884-64a15d3e2bb4b-a5861e88-08d66d81 {"name":"projects/moonstone-4ffb6/locations/us-central1/operations/operation-1770307469884-64a15d3e2bb4b-a5861e88-08d66d81","metadata":{"@type":"type.googleapis.com/google.cloud.functions.v2.OperationMetadata","createTime":"2026-02-05T16:04:30.602082585Z","target":"projects/moonstone-4ffb6/locations/us-central1/functions/addToLibrary","verb":"update","cancelRequested":false,"apiVersion":"v2","requestResource":{"@type":"type.googleapis.com/google.cloud.functions.v2.Function","name":"projects/moonstone-4ffb6/locations/us-central1/functions/addToLibrary","buildConfig":{"runtime":"nodejs20","entryPoint":"addToLibrary","source":{"storageSource":{"bucket":"gcf-v2-sources-209159062090-us-central1","object":"addToLibrary/function-source.zip","generation":"1770307470546449"}},"environmentVariables":{"GOOGLE_NODE_RUN_SCRIPTS":""},"dockerRepository":"projects/moonstone-4ffb6/locations/us-central1/repositories/gcf-artifacts","sourceProvenance":{"resolvedStorageSource":{"bucket":"gcf-v2-sources-209159062090-us-central1","object":"addToLibrary/function-source.zip","generation":"1770306321990882"}},"dockerRegistry":"ARTIFACT_REGISTRY","serviceAccount":"projects/moonstone-4ffb6/serviceAccounts/209159062090-compute@developer.gserviceaccount.com","automaticUpdatePolicy":{}},"serviceConfig":{"service":"projects/moonstone-4ffb6/locations/us-central1/services/addtolibrary","timeoutSeconds":60,"environmentVariables":{"FIREBASE_CONFIG":"{\"projectId\":\"moonstone-4ffb6\",\"storageBucket\":\"moonstone-4ffb6.firebasestorage.app\"}","GCLOUD_PROJECT":"moonstone-4ffb6","EVENTARC_CLOUD_EVENT_SOURCE":"projects/moonstone-4ffb6/locations/us-central1/services/addToLibrary","FUNCTION_TARGET":"addToLibrary","LOG_EXECUTION_ID":"true","FUNCTION_SIGNATURE_TYPE":"http"},"ingressSettings":"ALLOW_ALL","uri":"https://addtolibrary-cblu2dsagq-uc.a.run.app","serviceAccountEmail":"209159062090-compute@developer.gserviceaccount.com","availableMemory":"256Mi","allTrafficOnLatestRevision":true,"revision":"addtolibrary-00036-zum","maxInstanceRequestConcurrency":80,"availableCpu":"1"},"state":"ACTIVE","labels":{"deployment-tool":"cloudfunctions","deployment-callable":"true","firebase-functions-hash":"7bbeefe44dd2fb04675612dc9aa4e05f050b0b2b"},"environment":"GEN_2","url":"https://us-central1-moonstone-4ffb6.cloudfunctions.net/addToLibrary","satisfiesPzi":true},"stages":[{"name":"BUILD","message":"Build in progress","state":"IN_PROGRESS","resource":"projects/209159062090/locations/us-central1/builds/ee4e2110-d135-4dd6-9e8b-4bdd6d27be6d","resourceUri":"https://console.cloud.google.com/cloud-build/builds;region=us-central1/ee4e2110-d135-4dd6-9e8b-4bdd6d27be6d?project=209159062090"},{"name":"SERVICE","state":"NOT_STARTED"}],"operationType":"UPDATE_FUNCTION","buildName":"projects/209159062090/locations/us-central1/builds/ee4e2110-d135-4dd6-9e8b-4bdd6d27be6d"},"done":false}
[debug] [2026-02-05T16:04:49.463Z] <<< [apiv2][status] GET https://cloudfunctions.googleapis.com/v2/projects/moonstone-4ffb6/locations/us-central1/operations/operation-1770307469959-64a15d3e3e1e3-9c651303-a65010cb 200
[debug] [2026-02-05T16:04:49.463Z] <<< [apiv2][body] GET https://cloudfunctions.googleapis.com/v2/projects/moonstone-4ffb6/locations/us-central1/operations/operation-1770307469959-64a15d3e3e1e3-9c651303-a65010cb {"name":"projects/moonstone-4ffb6/locations/us-central1/operations/operation-1770307469959-64a15d3e3e1e3-9c651303-a65010cb","metadata":{"@type":"type.googleapis.com/google.cloud.functions.v2.OperationMetadata","createTime":"2026-02-05T16:04:30.622741317Z","target":"projects/moonstone-4ffb6/locations/us-central1/functions/createStory","verb":"update","cancelRequested":false,"apiVersion":"v2","requestResource":{"@type":"type.googleapis.com/google.cloud.functions.v2.Function","name":"projects/moonstone-4ffb6/locations/us-central1/functions/createStory","buildConfig":{"runtime":"nodejs20","entryPoint":"createStory","source":{"storageSource":{"bucket":"gcf-v2-sources-209159062090-us-central1","object":"createStory/function-source.zip","generation":"1770307470571183"}},"environmentVariables":{"GOOGLE_NODE_RUN_SCRIPTS":""},"dockerRepository":"projects/moonstone-4ffb6/locations/us-central1/repositories/gcf-artifacts","sourceProvenance":{"resolvedStorageSource":{"bucket":"gcf-v2-sources-209159062090-us-central1","object":"createStory/function-source.zip","generation":"1770306322005926"}},"dockerRegistry":"ARTIFACT_REGISTRY","serviceAccount":"projects/moonstone-4ffb6/serviceAccounts/209159062090-compute@developer.gserviceaccount.com","automaticUpdatePolicy":{}},"serviceConfig":{"service":"projects/moonstone-4ffb6/locations/us-central1/services/createstory","timeoutSeconds":540,"environmentVariables":{"FIREBASE_CONFIG":"{\"projectId\":\"moonstone-4ffb6\",\"storageBucket\":\"moonstone-4ffb6.firebasestorage.app\"}","GCLOUD_PROJECT":"moonstone-4ffb6","EVENTARC_CLOUD_EVENT_SOURCE":"projects/moonstone-4ffb6/locations/us-central1/services/createStory","FUNCTION_TARGET":"createStory","LOG_EXECUTION_ID":"true"},"ingressSettings":"ALLOW_ALL","uri":"https://createstory-cblu2dsagq-uc.a.run.app","serviceAccountEmail":"209159062090-compute@developer.gserviceaccount.com","availableMemory":"1024Mi","allTrafficOnLatestRevision":true,"revision":"createstory-00062-lel","maxInstanceRequestConcurrency":80,"availableCpu":"1"},"state":"ACTIVE","labels":{"deployment-tool":"cli-firebase","deployment-callable":"true","firebase-functions-hash":"7bbeefe44dd2fb04675612dc9aa4e05f050b0b2b"},"environment":"GEN_2","url":"https://us-central1-moonstone-4ffb6.cloudfunctions.net/createStory","satisfiesPzi":true},"stages":[{"name":"BUILD","message":"Build in progress","state":"IN_PROGRESS","resource":"projects/209159062090/locations/us-central1/builds/25c50249-3a7d-44ac-a749-66cd96fd1a69","resourceUri":"https://console.cloud.google.com/cloud-build/builds;region=us-central1/25c50249-3a7d-44ac-a749-66cd96fd1a69?project=209159062090"},{"name":"SERVICE","state":"NOT_STARTED"}],"operationType":"UPDATE_FUNCTION","buildName":"projects/209159062090/locations/us-central1/builds/25c50249-3a7d-44ac-a749-66cd96fd1a69"},"done":false}
[debug] [2026-02-05T16:04:58.861Z] [update-default-us-central1-onUserCreated] Retrying task index 0
[debug] [2026-02-05T16:04:58.861Z] Checked if tokens are valid: true, expires at: 1770308555729
[debug] [2026-02-05T16:04:58.861Z] Checked if tokens are valid: true, expires at: 1770308555729
[debug] [2026-02-05T16:04:58.861Z] >>> [apiv2][query] GET https://cloudfunctions.googleapis.com/v1/operations/bW9vbnN0b25lLTRmZmI2L3VzLWNlbnRyYWwxL29uVXNlckNyZWF0ZWQvWjJ5VTQwUjBZakE [none]
[debug] [2026-02-05T16:04:59.013Z] <<< [apiv2][status] GET https://cloudfunctions.googleapis.com/v1/operations/bW9vbnN0b25lLTRmZmI2L3VzLWNlbnRyYWwxL29uVXNlckNyZWF0ZWQvWjJ5VTQwUjBZakE 200
[debug] [2026-02-05T16:04:59.013Z] <<< [apiv2][body] GET https://cloudfunctions.googleapis.com/v1/operations/bW9vbnN0b25lLTRmZmI2L3VzLWNlbnRyYWwxL29uVXNlckNyZWF0ZWQvWjJ5VTQwUjBZakE {"name":"operations/bW9vbnN0b25lLTRmZmI2L3VzLWNlbnRyYWwxL29uVXNlckNyZWF0ZWQvWjJ5VTQwUjBZakE","metadata":{"@type":"type.googleapis.com/google.cloud.functions.v1.OperationMetadataV1","target":"projects/moonstone-4ffb6/locations/us-central1/functions/onUserCreated","type":"UPDATE_FUNCTION","request":{"@type":"type.googleapis.com/google.cloud.functions.v1.CloudFunction","name":"projects/moonstone-4ffb6/locations/us-central1/functions/onUserCreated","eventTrigger":{"eventType":"providers/firebase.auth/eventTypes/user.create","resource":"projects/moonstone-4ffb6","service":"firebaseauth.googleapis.com"},"status":"ACTIVE","entryPoint":"onUserCreated","updateTime":"2026-02-05T15:47:52.578Z","versionId":"37","labels":{"deployment-tool":"cli-firebase","firebase-functions-hash":"601a9d2c7821ba6b3231d8b73751faf9cff534f0"},"sourceUploadUrl":"https://storage.googleapis.com/uploads-103741382100.us-central1.cloudfunctions.appspot.com/fd5f4b10-979c-4e98-8fed-6ea9b74dbfdd.zip?GoogleAccessId=service-209159062090@gcf-admin-robot.iam.gserviceaccount.com&Expires=1770309269&Signature=ilJjefXq3lJUkA84HjrpUi4RDBqk01KPGYCZQm2TsbY7Kc5SoJWKZ6CH%2B5sH1%2FgFo8Ob0g8mVzKpsLMs%2FRJtTYvlt79c8%2FB02ZDiY1J23aBqfygefWZQXpeG3n8jBejT57h%2Bxp1SWbH9ounL%2FC4OQoaUfR2%2BqoQiawPyiuSDwdVefJ%2F4lXTkPW2q73gSsxF4C2hSstsFavTDPo6PDRPOYVZhGEPamDoNzTsxIBVQ%2F8P8FbpJdZtKuZTk8FpBTGZDkh73zwA5AWegbOsbxZ7GhKcMtl1WhwgSzS%2Bd1EIVzSocbKV6II9eZZu69vhrcs7gKzowVIpwQhT3hAshnFAboQ%3D%3D","environmentVariables":{"FIREBASE_CONFIG":"{\"projectId\":\"moonstone-4ffb6\",\"storageBucket\":\"moonstone-4ffb6.firebasestorage.app\"}","GCLOUD_PROJECT":"moonstone-4ffb6","EVENTARC_CLOUD_EVENT_SOURCE":"projects/moonstone-4ffb6/locations/us-central1/functions/onUserCreated"},"runtime":"nodejs20","buildId":"69f59c75-70a9-4043-acf7-a346c1545c96","buildEnvironmentVariables":{"GOOGLE_NODE_RUN_SCRIPTS":""},"buildName":"projects/209159062090/locations/us-central1/builds/69f59c75-70a9-4043-acf7-a346c1545c96","dockerRegistry":"ARTIFACT_REGISTRY","automaticUpdatePolicy":{},"buildServiceAccount":"projects/moonstone-4ffb6/serviceAccounts/209159062090-compute@developer.gserviceaccount.com"},"versionId":"38","updateTime":"2026-02-05T16:04:30Z","buildId":"8baebbba-7ede-4b99-ba2a-42efc01e5585","buildName":"projects/209159062090/locations/us-central1/builds/8baebbba-7ede-4b99-ba2a-42efc01e5585"}}
[debug] [2026-02-05T16:04:59.406Z] [update-default-us-central1-previewVoice] Retrying task index 0
[debug] [2026-02-05T16:04:59.406Z] Checked if tokens are valid: true, expires at: 1770308555729
[debug] [2026-02-05T16:04:59.406Z] Checked if tokens are valid: true, expires at: 1770308555729
[debug] [2026-02-05T16:04:59.406Z] >>> [apiv2][query] GET https://cloudfunctions.googleapis.com/v2/projects/moonstone-4ffb6/locations/us-central1/operations/operation-1770307469925-64a15d3e35c8e-39a3132d-d1ed5cc7 [none]
[debug] [2026-02-05T16:04:59.453Z] [update-default-us-central1-addToLibrary] Retrying task index 0
[debug] [2026-02-05T16:04:59.453Z] Checked if tokens are valid: true, expires at: 1770308555729
[debug] [2026-02-05T16:04:59.453Z] Checked if tokens are valid: true, expires at: 1770308555729
[debug] [2026-02-05T16:04:59.453Z] >>> [apiv2][query] GET https://cloudfunctions.googleapis.com/v2/projects/moonstone-4ffb6/locations/us-central1/operations/operation-1770307469884-64a15d3e2bb4b-a5861e88-08d66d81 [none]
[debug] [2026-02-05T16:04:59.469Z] [update-default-us-central1-createStory] Retrying task index 0
[debug] [2026-02-05T16:04:59.469Z] Checked if tokens are valid: true, expires at: 1770308555729
[debug] [2026-02-05T16:04:59.469Z] Checked if tokens are valid: true, expires at: 1770308555729
[debug] [2026-02-05T16:04:59.469Z] >>> [apiv2][query] GET https://cloudfunctions.googleapis.com/v2/projects/moonstone-4ffb6/locations/us-central1/operations/operation-1770307469959-64a15d3e3e1e3-9c651303-a65010cb [none]
[debug] [2026-02-05T16:04:59.593Z] <<< [apiv2][status] GET https://cloudfunctions.googleapis.com/v2/projects/moonstone-4ffb6/locations/us-central1/operations/operation-1770307469925-64a15d3e35c8e-39a3132d-d1ed5cc7 200
[debug] [2026-02-05T16:04:59.593Z] <<< [apiv2][body] GET https://cloudfunctions.googleapis.com/v2/projects/moonstone-4ffb6/locations/us-central1/operations/operation-1770307469925-64a15d3e35c8e-39a3132d-d1ed5cc7 {"name":"projects/moonstone-4ffb6/locations/us-central1/operations/operation-1770307469925-64a15d3e35c8e-39a3132d-d1ed5cc7","metadata":{"@type":"type.googleapis.com/google.cloud.functions.v2.OperationMetadata","createTime":"2026-02-05T16:04:30.622575670Z","target":"projects/moonstone-4ffb6/locations/us-central1/functions/previewVoice","verb":"update","cancelRequested":false,"apiVersion":"v2","requestResource":{"@type":"type.googleapis.com/google.cloud.functions.v2.Function","name":"projects/moonstone-4ffb6/locations/us-central1/functions/previewVoice","buildConfig":{"runtime":"nodejs20","entryPoint":"previewVoice","source":{"storageSource":{"bucket":"gcf-v2-sources-209159062090-us-central1","object":"previewVoice/function-source.zip","generation":"1770307470574217"}},"environmentVariables":{"GOOGLE_NODE_RUN_SCRIPTS":""},"dockerRepository":"projects/moonstone-4ffb6/locations/us-central1/repositories/gcf-artifacts","sourceProvenance":{"resolvedStorageSource":{"bucket":"gcf-v2-sources-209159062090-us-central1","object":"previewVoice/function-source.zip","generation":"1770306322040150"}},"dockerRegistry":"ARTIFACT_REGISTRY","serviceAccount":"projects/moonstone-4ffb6/serviceAccounts/209159062090-compute@developer.gserviceaccount.com","automaticUpdatePolicy":{}},"serviceConfig":{"service":"projects/moonstone-4ffb6/locations/us-central1/services/previewvoice","timeoutSeconds":60,"environmentVariables":{"FIREBASE_CONFIG":"{\"projectId\":\"moonstone-4ffb6\",\"storageBucket\":\"moonstone-4ffb6.firebasestorage.app\"}","GCLOUD_PROJECT":"moonstone-4ffb6","EVENTARC_CLOUD_EVENT_SOURCE":"projects/moonstone-4ffb6/locations/us-central1/services/previewVoice","FUNCTION_TARGET":"previewVoice","LOG_EXECUTION_ID":"true"},"ingressSettings":"ALLOW_ALL","uri":"https://previewvoice-cblu2dsagq-uc.a.run.app","serviceAccountEmail":"209159062090-compute@developer.gserviceaccount.com","availableMemory":"512Mi","allTrafficOnLatestRevision":true,"revision":"previewvoice-00027-vif","maxInstanceRequestConcurrency":80,"availableCpu":"1"},"state":"ACTIVE","labels":{"deployment-tool":"cli-firebase","deployment-callable":"true","firebase-functions-hash":"7bbeefe44dd2fb04675612dc9aa4e05f050b0b2b"},"environment":"GEN_2","url":"https://us-central1-moonstone-4ffb6.cloudfunctions.net/previewVoice","satisfiesPzi":true},"stages":[{"name":"BUILD","message":"Build in progress","state":"IN_PROGRESS","resource":"projects/209159062090/locations/us-central1/builds/68bd7e82-b514-403f-9791-758372b59bcb","resourceUri":"https://console.cloud.google.com/cloud-build/builds;region=us-central1/68bd7e82-b514-403f-9791-758372b59bcb?project=209159062090"},{"name":"SERVICE","state":"NOT_STARTED"}],"operationType":"UPDATE_FUNCTION","buildName":"projects/209159062090/locations/us-central1/builds/68bd7e82-b514-403f-9791-758372b59bcb"},"done":false}
[debug] [2026-02-05T16:04:59.686Z] <<< [apiv2][status] GET https://cloudfunctions.googleapis.com/v2/projects/moonstone-4ffb6/locations/us-central1/operations/operation-1770307469884-64a15d3e2bb4b-a5861e88-08d66d81 200
[debug] [2026-02-05T16:04:59.686Z] <<< [apiv2][body] GET https://cloudfunctions.googleapis.com/v2/projects/moonstone-4ffb6/locations/us-central1/operations/operation-1770307469884-64a15d3e2bb4b-a5861e88-08d66d81 {"name":"projects/moonstone-4ffb6/locations/us-central1/operations/operation-1770307469884-64a15d3e2bb4b-a5861e88-08d66d81","metadata":{"@type":"type.googleapis.com/google.cloud.functions.v2.OperationMetadata","createTime":"2026-02-05T16:04:30.602082585Z","target":"projects/moonstone-4ffb6/locations/us-central1/functions/addToLibrary","verb":"update","cancelRequested":false,"apiVersion":"v2","requestResource":{"@type":"type.googleapis.com/google.cloud.functions.v2.Function","name":"projects/moonstone-4ffb6/locations/us-central1/functions/addToLibrary","buildConfig":{"runtime":"nodejs20","entryPoint":"addToLibrary","source":{"storageSource":{"bucket":"gcf-v2-sources-209159062090-us-central1","object":"addToLibrary/function-source.zip","generation":"1770307470546449"}},"environmentVariables":{"GOOGLE_NODE_RUN_SCRIPTS":""},"dockerRepository":"projects/moonstone-4ffb6/locations/us-central1/repositories/gcf-artifacts","sourceProvenance":{"resolvedStorageSource":{"bucket":"gcf-v2-sources-209159062090-us-central1","object":"addToLibrary/function-source.zip","generation":"1770306321990882"}},"dockerRegistry":"ARTIFACT_REGISTRY","serviceAccount":"projects/moonstone-4ffb6/serviceAccounts/209159062090-compute@developer.gserviceaccount.com","automaticUpdatePolicy":{}},"serviceConfig":{"service":"projects/moonstone-4ffb6/locations/us-central1/services/addtolibrary","timeoutSeconds":60,"environmentVariables":{"FIREBASE_CONFIG":"{\"projectId\":\"moonstone-4ffb6\",\"storageBucket\":\"moonstone-4ffb6.firebasestorage.app\"}","GCLOUD_PROJECT":"moonstone-4ffb6","EVENTARC_CLOUD_EVENT_SOURCE":"projects/moonstone-4ffb6/locations/us-central1/services/addToLibrary","FUNCTION_TARGET":"addToLibrary","LOG_EXECUTION_ID":"true","FUNCTION_SIGNATURE_TYPE":"http"},"ingressSettings":"ALLOW_ALL","uri":"https://addtolibrary-cblu2dsagq-uc.a.run.app","serviceAccountEmail":"209159062090-compute@developer.gserviceaccount.com","availableMemory":"256Mi","allTrafficOnLatestRevision":true,"revision":"addtolibrary-00036-zum","maxInstanceRequestConcurrency":80,"availableCpu":"1"},"state":"ACTIVE","labels":{"deployment-tool":"cloudfunctions","deployment-callable":"true","firebase-functions-hash":"7bbeefe44dd2fb04675612dc9aa4e05f050b0b2b"},"environment":"GEN_2","url":"https://us-central1-moonstone-4ffb6.cloudfunctions.net/addToLibrary","satisfiesPzi":true},"stages":[{"name":"BUILD","message":"Build in progress","state":"IN_PROGRESS","resource":"projects/209159062090/locations/us-central1/builds/ee4e2110-d135-4dd6-9e8b-4bdd6d27be6d","resourceUri":"https://console.cloud.google.com/cloud-build/builds;region=us-central1/ee4e2110-d135-4dd6-9e8b-4bdd6d27be6d?project=209159062090"},{"name":"SERVICE","state":"NOT_STARTED"}],"operationType":"UPDATE_FUNCTION","buildName":"projects/209159062090/locations/us-central1/builds/ee4e2110-d135-4dd6-9e8b-4bdd6d27be6d"},"done":false}
[debug] [2026-02-05T16:04:59.688Z] <<< [apiv2][status] GET https://cloudfunctions.googleapis.com/v2/projects/moonstone-4ffb6/locations/us-central1/operations/operation-1770307469959-64a15d3e3e1e3-9c651303-a65010cb 200
[debug] [2026-02-05T16:04:59.688Z] <<< [apiv2][body] GET https://cloudfunctions.googleapis.com/v2/projects/moonstone-4ffb6/locations/us-central1/operations/operation-1770307469959-64a15d3e3e1e3-9c651303-a65010cb {"name":"projects/moonstone-4ffb6/locations/us-central1/operations/operation-1770307469959-64a15d3e3e1e3-9c651303-a65010cb","metadata":{"@type":"type.googleapis.com/google.cloud.functions.v2.OperationMetadata","createTime":"2026-02-05T16:04:30.622741317Z","target":"projects/moonstone-4ffb6/locations/us-central1/functions/createStory","verb":"update","cancelRequested":false,"apiVersion":"v2","requestResource":{"@type":"type.googleapis.com/google.cloud.functions.v2.Function","name":"projects/moonstone-4ffb6/locations/us-central1/functions/createStory","buildConfig":{"runtime":"nodejs20","entryPoint":"createStory","source":{"storageSource":{"bucket":"gcf-v2-sources-209159062090-us-central1","object":"createStory/function-source.zip","generation":"1770307470571183"}},"environmentVariables":{"GOOGLE_NODE_RUN_SCRIPTS":""},"dockerRepository":"projects/moonstone-4ffb6/locations/us-central1/repositories/gcf-artifacts","sourceProvenance":{"resolvedStorageSource":{"bucket":"gcf-v2-sources-209159062090-us-central1","object":"createStory/function-source.zip","generation":"1770306322005926"}},"dockerRegistry":"ARTIFACT_REGISTRY","serviceAccount":"projects/moonstone-4ffb6/serviceAccounts/209159062090-compute@developer.gserviceaccount.com","automaticUpdatePolicy":{}},"serviceConfig":{"service":"projects/moonstone-4ffb6/locations/us-central1/services/createstory","timeoutSeconds":540,"environmentVariables":{"FIREBASE_CONFIG":"{\"projectId\":\"moonstone-4ffb6\",\"storageBucket\":\"moonstone-4ffb6.firebasestorage.app\"}","GCLOUD_PROJECT":"moonstone-4ffb6","EVENTARC_CLOUD_EVENT_SOURCE":"projects/moonstone-4ffb6/locations/us-central1/services/createStory","FUNCTION_TARGET":"createStory","LOG_EXECUTION_ID":"true"},"ingressSettings":"ALLOW_ALL","uri":"https://createstory-cblu2dsagq-uc.a.run.app","serviceAccountEmail":"209159062090-compute@developer.gserviceaccount.com","availableMemory":"1024Mi","allTrafficOnLatestRevision":true,"revision":"createstory-00062-lel","maxInstanceRequestConcurrency":80,"availableCpu":"1"},"state":"ACTIVE","labels":{"deployment-tool":"cli-firebase","deployment-callable":"true","firebase-functions-hash":"7bbeefe44dd2fb04675612dc9aa4e05f050b0b2b"},"environment":"GEN_2","url":"https://us-central1-moonstone-4ffb6.cloudfunctions.net/createStory","satisfiesPzi":true},"stages":[{"name":"BUILD","message":"Build in progress","state":"IN_PROGRESS","resource":"projects/209159062090/locations/us-central1/builds/25c50249-3a7d-44ac-a749-66cd96fd1a69","resourceUri":"https://console.cloud.google.com/cloud-build/builds;region=us-central1/25c50249-3a7d-44ac-a749-66cd96fd1a69?project=209159062090"},{"name":"SERVICE","state":"NOT_STARTED"}],"operationType":"UPDATE_FUNCTION","buildName":"projects/209159062090/locations/us-central1/builds/25c50249-3a7d-44ac-a749-66cd96fd1a69"},"done":false}
[debug] [2026-02-05T16:05:09.021Z] [update-default-us-central1-onUserCreated] Retrying task index 0
[debug] [2026-02-05T16:05:09.021Z] Checked if tokens are valid: true, expires at: 1770308555729
[debug] [2026-02-05T16:05:09.021Z] Checked if tokens are valid: true, expires at: 1770308555729
[debug] [2026-02-05T16:05:09.022Z] >>> [apiv2][query] GET https://cloudfunctions.googleapis.com/v1/operations/bW9vbnN0b25lLTRmZmI2L3VzLWNlbnRyYWwxL29uVXNlckNyZWF0ZWQvWjJ5VTQwUjBZakE [none]
[debug] [2026-02-05T16:05:09.209Z] <<< [apiv2][status] GET https://cloudfunctions.googleapis.com/v1/operations/bW9vbnN0b25lLTRmZmI2L3VzLWNlbnRyYWwxL29uVXNlckNyZWF0ZWQvWjJ5VTQwUjBZakE 200
[debug] [2026-02-05T16:05:09.209Z] <<< [apiv2][body] GET https://cloudfunctions.googleapis.com/v1/operations/bW9vbnN0b25lLTRmZmI2L3VzLWNlbnRyYWwxL29uVXNlckNyZWF0ZWQvWjJ5VTQwUjBZakE {"name":"operations/bW9vbnN0b25lLTRmZmI2L3VzLWNlbnRyYWwxL29uVXNlckNyZWF0ZWQvWjJ5VTQwUjBZakE","metadata":{"@type":"type.googleapis.com/google.cloud.functions.v1.OperationMetadataV1","target":"projects/moonstone-4ffb6/locations/us-central1/functions/onUserCreated","type":"UPDATE_FUNCTION","request":{"@type":"type.googleapis.com/google.cloud.functions.v1.CloudFunction","name":"projects/moonstone-4ffb6/locations/us-central1/functions/onUserCreated","eventTrigger":{"eventType":"providers/firebase.auth/eventTypes/user.create","resource":"projects/moonstone-4ffb6","service":"firebaseauth.googleapis.com"},"status":"ACTIVE","entryPoint":"onUserCreated","updateTime":"2026-02-05T15:47:52.578Z","versionId":"37","labels":{"deployment-tool":"cli-firebase","firebase-functions-hash":"601a9d2c7821ba6b3231d8b73751faf9cff534f0"},"sourceUploadUrl":"https://storage.googleapis.com/uploads-103741382100.us-central1.cloudfunctions.appspot.com/fd5f4b10-979c-4e98-8fed-6ea9b74dbfdd.zip?GoogleAccessId=service-209159062090@gcf-admin-robot.iam.gserviceaccount.com&Expires=1770309269&Signature=ilJjefXq3lJUkA84HjrpUi4RDBqk01KPGYCZQm2TsbY7Kc5SoJWKZ6CH%2B5sH1%2FgFo8Ob0g8mVzKpsLMs%2FRJtTYvlt79c8%2FB02ZDiY1J23aBqfygefWZQXpeG3n8jBejT57h%2Bxp1SWbH9ounL%2FC4OQoaUfR2%2BqoQiawPyiuSDwdVefJ%2F4lXTkPW2q73gSsxF4C2hSstsFavTDPo6PDRPOYVZhGEPamDoNzTsxIBVQ%2F8P8FbpJdZtKuZTk8FpBTGZDkh73zwA5AWegbOsbxZ7GhKcMtl1WhwgSzS%2Bd1EIVzSocbKV6II9eZZu69vhrcs7gKzowVIpwQhT3hAshnFAboQ%3D%3D","environmentVariables":{"FIREBASE_CONFIG":"{\"projectId\":\"moonstone-4ffb6\",\"storageBucket\":\"moonstone-4ffb6.firebasestorage.app\"}","GCLOUD_PROJECT":"moonstone-4ffb6","EVENTARC_CLOUD_EVENT_SOURCE":"projects/moonstone-4ffb6/locations/us-central1/functions/onUserCreated"},"runtime":"nodejs20","buildId":"69f59c75-70a9-4043-acf7-a346c1545c96","buildEnvironmentVariables":{"GOOGLE_NODE_RUN_SCRIPTS":""},"buildName":"projects/209159062090/locations/us-central1/builds/69f59c75-70a9-4043-acf7-a346c1545c96","dockerRegistry":"ARTIFACT_REGISTRY","automaticUpdatePolicy":{},"buildServiceAccount":"projects/moonstone-4ffb6/serviceAccounts/209159062090-compute@developer.gserviceaccount.com"},"versionId":"38","updateTime":"2026-02-05T16:04:30Z","buildId":"8baebbba-7ede-4b99-ba2a-42efc01e5585","buildName":"projects/209159062090/locations/us-central1/builds/8baebbba-7ede-4b99-ba2a-42efc01e5585"}}
[debug] [2026-02-05T16:05:09.603Z] [update-default-us-central1-previewVoice] Retrying task index 0
[debug] [2026-02-05T16:05:09.604Z] Checked if tokens are valid: true, expires at: 1770308555729
[debug] [2026-02-05T16:05:09.604Z] Checked if tokens are valid: true, expires at: 1770308555729
[debug] [2026-02-05T16:05:09.604Z] >>> [apiv2][query] GET https://cloudfunctions.googleapis.com/v2/projects/moonstone-4ffb6/locations/us-central1/operations/operation-1770307469925-64a15d3e35c8e-39a3132d-d1ed5cc7 [none]
[debug] [2026-02-05T16:05:09.697Z] [update-default-us-central1-addToLibrary] Retrying task index 0
[debug] [2026-02-05T16:05:09.697Z] Checked if tokens are valid: true, expires at: 1770308555729
[debug] [2026-02-05T16:05:09.697Z] Checked if tokens are valid: true, expires at: 1770308555729
[debug] [2026-02-05T16:05:09.697Z] >>> [apiv2][query] GET https://cloudfunctions.googleapis.com/v2/projects/moonstone-4ffb6/locations/us-central1/operations/operation-1770307469884-64a15d3e2bb4b-a5861e88-08d66d81 [none]
[debug] [2026-02-05T16:05:09.698Z] [update-default-us-central1-createStory] Retrying task index 0
[debug] [2026-02-05T16:05:09.698Z] Checked if tokens are valid: true, expires at: 1770308555729
[debug] [2026-02-05T16:05:09.698Z] Checked if tokens are valid: true, expires at: 1770308555729
[debug] [2026-02-05T16:05:09.698Z] >>> [apiv2][query] GET https://cloudfunctions.googleapis.com/v2/projects/moonstone-4ffb6/locations/us-central1/operations/operation-1770307469959-64a15d3e3e1e3-9c651303-a65010cb [none]
[debug] [2026-02-05T16:05:09.802Z] <<< [apiv2][status] GET https://cloudfunctions.googleapis.com/v2/projects/moonstone-4ffb6/locations/us-central1/operations/operation-1770307469925-64a15d3e35c8e-39a3132d-d1ed5cc7 200
[debug] [2026-02-05T16:05:09.802Z] <<< [apiv2][body] GET https://cloudfunctions.googleapis.com/v2/projects/moonstone-4ffb6/locations/us-central1/operations/operation-1770307469925-64a15d3e35c8e-39a3132d-d1ed5cc7 {"name":"projects/moonstone-4ffb6/locations/us-central1/operations/operation-1770307469925-64a15d3e35c8e-39a3132d-d1ed5cc7","metadata":{"@type":"type.googleapis.com/google.cloud.functions.v2.OperationMetadata","createTime":"2026-02-05T16:04:30.622575670Z","target":"projects/moonstone-4ffb6/locations/us-central1/functions/previewVoice","verb":"update","cancelRequested":false,"apiVersion":"v2","requestResource":{"@type":"type.googleapis.com/google.cloud.functions.v2.Function","name":"projects/moonstone-4ffb6/locations/us-central1/functions/previewVoice","buildConfig":{"runtime":"nodejs20","entryPoint":"previewVoice","source":{"storageSource":{"bucket":"gcf-v2-sources-209159062090-us-central1","object":"previewVoice/function-source.zip","generation":"1770307470574217"}},"environmentVariables":{"GOOGLE_NODE_RUN_SCRIPTS":""},"dockerRepository":"projects/moonstone-4ffb6/locations/us-central1/repositories/gcf-artifacts","sourceProvenance":{"resolvedStorageSource":{"bucket":"gcf-v2-sources-209159062090-us-central1","object":"previewVoice/function-source.zip","generation":"1770306322040150"}},"dockerRegistry":"ARTIFACT_REGISTRY","serviceAccount":"projects/moonstone-4ffb6/serviceAccounts/209159062090-compute@developer.gserviceaccount.com","automaticUpdatePolicy":{}},"serviceConfig":{"service":"projects/moonstone-4ffb6/locations/us-central1/services/previewvoice","timeoutSeconds":60,"environmentVariables":{"FIREBASE_CONFIG":"{\"projectId\":\"moonstone-4ffb6\",\"storageBucket\":\"moonstone-4ffb6.firebasestorage.app\"}","GCLOUD_PROJECT":"moonstone-4ffb6","EVENTARC_CLOUD_EVENT_SOURCE":"projects/moonstone-4ffb6/locations/us-central1/services/previewVoice","FUNCTION_TARGET":"previewVoice","LOG_EXECUTION_ID":"true"},"ingressSettings":"ALLOW_ALL","uri":"https://previewvoice-cblu2dsagq-uc.a.run.app","serviceAccountEmail":"209159062090-compute@developer.gserviceaccount.com","availableMemory":"512Mi","allTrafficOnLatestRevision":true,"revision":"previewvoice-00027-vif","maxInstanceRequestConcurrency":80,"availableCpu":"1"},"state":"ACTIVE","labels":{"deployment-tool":"cli-firebase","deployment-callable":"true","firebase-functions-hash":"7bbeefe44dd2fb04675612dc9aa4e05f050b0b2b"},"environment":"GEN_2","url":"https://us-central1-moonstone-4ffb6.cloudfunctions.net/previewVoice","satisfiesPzi":true},"stages":[{"name":"BUILD","message":"Build in progress","state":"IN_PROGRESS","resource":"projects/209159062090/locations/us-central1/builds/68bd7e82-b514-403f-9791-758372b59bcb","resourceUri":"https://console.cloud.google.com/cloud-build/builds;region=us-central1/68bd7e82-b514-403f-9791-758372b59bcb?project=209159062090"},{"name":"SERVICE","state":"NOT_STARTED"}],"operationType":"UPDATE_FUNCTION","buildName":"projects/209159062090/locations/us-central1/builds/68bd7e82-b514-403f-9791-758372b59bcb"},"done":false}
[debug] [2026-02-05T16:05:09.933Z] <<< [apiv2][status] GET https://cloudfunctions.googleapis.com/v2/projects/moonstone-4ffb6/locations/us-central1/operations/operation-1770307469884-64a15d3e2bb4b-a5861e88-08d66d81 200
[debug] [2026-02-05T16:05:09.933Z] <<< [apiv2][body] GET https://cloudfunctions.googleapis.com/v2/projects/moonstone-4ffb6/locations/us-central1/operations/operation-1770307469884-64a15d3e2bb4b-a5861e88-08d66d81 {"name":"projects/moonstone-4ffb6/locations/us-central1/operations/operation-1770307469884-64a15d3e2bb4b-a5861e88-08d66d81","metadata":{"@type":"type.googleapis.com/google.cloud.functions.v2.OperationMetadata","createTime":"2026-02-05T16:04:30.602082585Z","target":"projects/moonstone-4ffb6/locations/us-central1/functions/addToLibrary","verb":"update","cancelRequested":false,"apiVersion":"v2","requestResource":{"@type":"type.googleapis.com/google.cloud.functions.v2.Function","name":"projects/moonstone-4ffb6/locations/us-central1/functions/addToLibrary","buildConfig":{"runtime":"nodejs20","entryPoint":"addToLibrary","source":{"storageSource":{"bucket":"gcf-v2-sources-209159062090-us-central1","object":"addToLibrary/function-source.zip","generation":"1770307470546449"}},"environmentVariables":{"GOOGLE_NODE_RUN_SCRIPTS":""},"dockerRepository":"projects/moonstone-4ffb6/locations/us-central1/repositories/gcf-artifacts","sourceProvenance":{"resolvedStorageSource":{"bucket":"gcf-v2-sources-209159062090-us-central1","object":"addToLibrary/function-source.zip","generation":"1770306321990882"}},"dockerRegistry":"ARTIFACT_REGISTRY","serviceAccount":"projects/moonstone-4ffb6/serviceAccounts/209159062090-compute@developer.gserviceaccount.com","automaticUpdatePolicy":{}},"serviceConfig":{"service":"projects/moonstone-4ffb6/locations/us-central1/services/addtolibrary","timeoutSeconds":60,"environmentVariables":{"FIREBASE_CONFIG":"{\"projectId\":\"moonstone-4ffb6\",\"storageBucket\":\"moonstone-4ffb6.firebasestorage.app\"}","GCLOUD_PROJECT":"moonstone-4ffb6","EVENTARC_CLOUD_EVENT_SOURCE":"projects/moonstone-4ffb6/locations/us-central1/services/addToLibrary","FUNCTION_TARGET":"addToLibrary","LOG_EXECUTION_ID":"true","FUNCTION_SIGNATURE_TYPE":"http"},"ingressSettings":"ALLOW_ALL","uri":"https://addtolibrary-cblu2dsagq-uc.a.run.app","serviceAccountEmail":"209159062090-compute@developer.gserviceaccount.com","availableMemory":"256Mi","allTrafficOnLatestRevision":true,"revision":"addtolibrary-00036-zum","maxInstanceRequestConcurrency":80,"availableCpu":"1"},"state":"ACTIVE","labels":{"deployment-tool":"cloudfunctions","deployment-callable":"true","firebase-functions-hash":"7bbeefe44dd2fb04675612dc9aa4e05f050b0b2b"},"environment":"GEN_2","url":"https://us-central1-moonstone-4ffb6.cloudfunctions.net/addToLibrary","satisfiesPzi":true},"stages":[{"name":"BUILD","message":"Build in progress","state":"IN_PROGRESS","resource":"projects/209159062090/locations/us-central1/builds/ee4e2110-d135-4dd6-9e8b-4bdd6d27be6d","resourceUri":"https://console.cloud.google.com/cloud-build/builds;region=us-central1/ee4e2110-d135-4dd6-9e8b-4bdd6d27be6d?project=209159062090"},{"name":"SERVICE","state":"NOT_STARTED"}],"operationType":"UPDATE_FUNCTION","buildName":"projects/209159062090/locations/us-central1/builds/ee4e2110-d135-4dd6-9e8b-4bdd6d27be6d"},"done":false}
[debug] [2026-02-05T16:05:09.937Z] <<< [apiv2][status] GET https://cloudfunctions.googleapis.com/v2/projects/moonstone-4ffb6/locations/us-central1/operations/operation-1770307469959-64a15d3e3e1e3-9c651303-a65010cb 200
[debug] [2026-02-05T16:05:09.937Z] <<< [apiv2][body] GET https://cloudfunctions.googleapis.com/v2/projects/moonstone-4ffb6/locations/us-central1/operations/operation-1770307469959-64a15d3e3e1e3-9c651303-a65010cb {"name":"projects/moonstone-4ffb6/locations/us-central1/operations/operation-1770307469959-64a15d3e3e1e3-9c651303-a65010cb","metadata":{"@type":"type.googleapis.com/google.cloud.functions.v2.OperationMetadata","createTime":"2026-02-05T16:04:30.622741317Z","target":"projects/moonstone-4ffb6/locations/us-central1/functions/createStory","verb":"update","cancelRequested":false,"apiVersion":"v2","requestResource":{"@type":"type.googleapis.com/google.cloud.functions.v2.Function","name":"projects/moonstone-4ffb6/locations/us-central1/functions/createStory","buildConfig":{"runtime":"nodejs20","entryPoint":"createStory","source":{"storageSource":{"bucket":"gcf-v2-sources-209159062090-us-central1","object":"createStory/function-source.zip","generation":"1770307470571183"}},"environmentVariables":{"GOOGLE_NODE_RUN_SCRIPTS":""},"dockerRepository":"projects/moonstone-4ffb6/locations/us-central1/repositories/gcf-artifacts","sourceProvenance":{"resolvedStorageSource":{"bucket":"gcf-v2-sources-209159062090-us-central1","object":"createStory/function-source.zip","generation":"1770306322005926"}},"dockerRegistry":"ARTIFACT_REGISTRY","serviceAccount":"projects/moonstone-4ffb6/serviceAccounts/209159062090-compute@developer.gserviceaccount.com","automaticUpdatePolicy":{}},"serviceConfig":{"service":"projects/moonstone-4ffb6/locations/us-central1/services/createstory","timeoutSeconds":540,"environmentVariables":{"FIREBASE_CONFIG":"{\"projectId\":\"moonstone-4ffb6\",\"storageBucket\":\"moonstone-4ffb6.firebasestorage.app\"}","GCLOUD_PROJECT":"moonstone-4ffb6","EVENTARC_CLOUD_EVENT_SOURCE":"projects/moonstone-4ffb6/locations/us-central1/services/createStory","FUNCTION_TARGET":"createStory","LOG_EXECUTION_ID":"true"},"ingressSettings":"ALLOW_ALL","uri":"https://createstory-cblu2dsagq-uc.a.run.app","serviceAccountEmail":"209159062090-compute@developer.gserviceaccount.com","availableMemory":"1024Mi","allTrafficOnLatestRevision":true,"revision":"createstory-00062-lel","maxInstanceRequestConcurrency":80,"availableCpu":"1"},"state":"ACTIVE","labels":{"deployment-tool":"cli-firebase","deployment-callable":"true","firebase-functions-hash":"7bbeefe44dd2fb04675612dc9aa4e05f050b0b2b"},"environment":"GEN_2","url":"https://us-central1-moonstone-4ffb6.cloudfunctions.net/createStory","satisfiesPzi":true},"stages":[{"name":"BUILD","message":"Build in progress","state":"IN_PROGRESS","resource":"projects/209159062090/locations/us-central1/builds/25c50249-3a7d-44ac-a749-66cd96fd1a69","resourceUri":"https://console.cloud.google.com/cloud-build/builds;region=us-central1/25c50249-3a7d-44ac-a749-66cd96fd1a69?project=209159062090"},{"name":"SERVICE","state":"NOT_STARTED"}],"operationType":"UPDATE_FUNCTION","buildName":"projects/209159062090/locations/us-central1/builds/25c50249-3a7d-44ac-a749-66cd96fd1a69"},"done":false}
[debug] [2026-02-05T16:05:19.210Z] [update-default-us-central1-onUserCreated] Retrying task index 0
[debug] [2026-02-05T16:05:19.210Z] Checked if tokens are valid: true, expires at: 1770308555729
[debug] [2026-02-05T16:05:19.210Z] Checked if tokens are valid: true, expires at: 1770308555729
[debug] [2026-02-05T16:05:19.210Z] >>> [apiv2][query] GET https://cloudfunctions.googleapis.com/v1/operations/bW9vbnN0b25lLTRmZmI2L3VzLWNlbnRyYWwxL29uVXNlckNyZWF0ZWQvWjJ5VTQwUjBZakE [none]
[debug] [2026-02-05T16:05:19.350Z] <<< [apiv2][status] GET https://cloudfunctions.googleapis.com/v1/operations/bW9vbnN0b25lLTRmZmI2L3VzLWNlbnRyYWwxL29uVXNlckNyZWF0ZWQvWjJ5VTQwUjBZakE 200
[debug] [2026-02-05T16:05:19.350Z] <<< [apiv2][body] GET https://cloudfunctions.googleapis.com/v1/operations/bW9vbnN0b25lLTRmZmI2L3VzLWNlbnRyYWwxL29uVXNlckNyZWF0ZWQvWjJ5VTQwUjBZakE {"name":"operations/bW9vbnN0b25lLTRmZmI2L3VzLWNlbnRyYWwxL29uVXNlckNyZWF0ZWQvWjJ5VTQwUjBZakE","metadata":{"@type":"type.googleapis.com/google.cloud.functions.v1.OperationMetadataV1","target":"projects/moonstone-4ffb6/locations/us-central1/functions/onUserCreated","type":"UPDATE_FUNCTION","request":{"@type":"type.googleapis.com/google.cloud.functions.v1.CloudFunction","name":"projects/moonstone-4ffb6/locations/us-central1/functions/onUserCreated","eventTrigger":{"eventType":"providers/firebase.auth/eventTypes/user.create","resource":"projects/moonstone-4ffb6","service":"firebaseauth.googleapis.com"},"status":"ACTIVE","entryPoint":"onUserCreated","updateTime":"2026-02-05T15:47:52.578Z","versionId":"37","labels":{"deployment-tool":"cli-firebase","firebase-functions-hash":"601a9d2c7821ba6b3231d8b73751faf9cff534f0"},"sourceUploadUrl":"https://storage.googleapis.com/uploads-103741382100.us-central1.cloudfunctions.appspot.com/fd5f4b10-979c-4e98-8fed-6ea9b74dbfdd.zip?GoogleAccessId=service-209159062090@gcf-admin-robot.iam.gserviceaccount.com&Expires=1770309269&Signature=ilJjefXq3lJUkA84HjrpUi4RDBqk01KPGYCZQm2TsbY7Kc5SoJWKZ6CH%2B5sH1%2FgFo8Ob0g8mVzKpsLMs%2FRJtTYvlt79c8%2FB02ZDiY1J23aBqfygefWZQXpeG3n8jBejT57h%2Bxp1SWbH9ounL%2FC4OQoaUfR2%2BqoQiawPyiuSDwdVefJ%2F4lXTkPW2q73gSsxF4C2hSstsFavTDPo6PDRPOYVZhGEPamDoNzTsxIBVQ%2F8P8FbpJdZtKuZTk8FpBTGZDkh73zwA5AWegbOsbxZ7GhKcMtl1WhwgSzS%2Bd1EIVzSocbKV6II9eZZu69vhrcs7gKzowVIpwQhT3hAshnFAboQ%3D%3D","environmentVariables":{"FIREBASE_CONFIG":"{\"projectId\":\"moonstone-4ffb6\",\"storageBucket\":\"moonstone-4ffb6.firebasestorage.app\"}","GCLOUD_PROJECT":"moonstone-4ffb6","EVENTARC_CLOUD_EVENT_SOURCE":"projects/moonstone-4ffb6/locations/us-central1/functions/onUserCreated"},"runtime":"nodejs20","buildId":"69f59c75-70a9-4043-acf7-a346c1545c96","buildEnvironmentVariables":{"GOOGLE_NODE_RUN_SCRIPTS":""},"buildName":"projects/209159062090/locations/us-central1/builds/69f59c75-70a9-4043-acf7-a346c1545c96","dockerRegistry":"ARTIFACT_REGISTRY","automaticUpdatePolicy":{},"buildServiceAccount":"projects/moonstone-4ffb6/serviceAccounts/209159062090-compute@developer.gserviceaccount.com"},"versionId":"38","updateTime":"2026-02-05T16:04:30Z","buildId":"8baebbba-7ede-4b99-ba2a-42efc01e5585","buildName":"projects/209159062090/locations/us-central1/builds/8baebbba-7ede-4b99-ba2a-42efc01e5585"}}
[debug] [2026-02-05T16:05:19.803Z] [update-default-us-central1-previewVoice] Retrying task index 0
[debug] [2026-02-05T16:05:19.803Z] Checked if tokens are valid: true, expires at: 1770308555729
[debug] [2026-02-05T16:05:19.803Z] Checked if tokens are valid: true, expires at: 1770308555729
[debug] [2026-02-05T16:05:19.803Z] >>> [apiv2][query] GET https://cloudfunctions.googleapis.com/v2/projects/moonstone-4ffb6/locations/us-central1/operations/operation-1770307469925-64a15d3e35c8e-39a3132d-d1ed5cc7 [none]
[debug] [2026-02-05T16:05:19.944Z] [update-default-us-central1-addToLibrary] Retrying task index 0
[debug] [2026-02-05T16:05:19.944Z] Checked if tokens are valid: true, expires at: 1770308555729
[debug] [2026-02-05T16:05:19.944Z] Checked if tokens are valid: true, expires at: 1770308555729
[debug] [2026-02-05T16:05:19.944Z] >>> [apiv2][query] GET https://cloudfunctions.googleapis.com/v2/projects/moonstone-4ffb6/locations/us-central1/operations/operation-1770307469884-64a15d3e2bb4b-a5861e88-08d66d81 [none]
[debug] [2026-02-05T16:05:19.945Z] [update-default-us-central1-createStory] Retrying task index 0
[debug] [2026-02-05T16:05:19.945Z] Checked if tokens are valid: true, expires at: 1770308555729
[debug] [2026-02-05T16:05:19.945Z] Checked if tokens are valid: true, expires at: 1770308555729
[debug] [2026-02-05T16:05:19.945Z] >>> [apiv2][query] GET https://cloudfunctions.googleapis.com/v2/projects/moonstone-4ffb6/locations/us-central1/operations/operation-1770307469959-64a15d3e3e1e3-9c651303-a65010cb [none]
[debug] [2026-02-05T16:05:19.974Z] <<< [apiv2][status] GET https://cloudfunctions.googleapis.com/v2/projects/moonstone-4ffb6/locations/us-central1/operations/operation-1770307469925-64a15d3e35c8e-39a3132d-d1ed5cc7 200
[debug] [2026-02-05T16:05:19.974Z] <<< [apiv2][body] GET https://cloudfunctions.googleapis.com/v2/projects/moonstone-4ffb6/locations/us-central1/operations/operation-1770307469925-64a15d3e35c8e-39a3132d-d1ed5cc7 {"name":"projects/moonstone-4ffb6/locations/us-central1/operations/operation-1770307469925-64a15d3e35c8e-39a3132d-d1ed5cc7","metadata":{"@type":"type.googleapis.com/google.cloud.functions.v2.OperationMetadata","createTime":"2026-02-05T16:04:30.622575670Z","target":"projects/moonstone-4ffb6/locations/us-central1/functions/previewVoice","verb":"update","cancelRequested":false,"apiVersion":"v2","requestResource":{"@type":"type.googleapis.com/google.cloud.functions.v2.Function","name":"projects/moonstone-4ffb6/locations/us-central1/functions/previewVoice","buildConfig":{"runtime":"nodejs20","entryPoint":"previewVoice","source":{"storageSource":{"bucket":"gcf-v2-sources-209159062090-us-central1","object":"previewVoice/function-source.zip","generation":"1770307470574217"}},"environmentVariables":{"GOOGLE_NODE_RUN_SCRIPTS":""},"dockerRepository":"projects/moonstone-4ffb6/locations/us-central1/repositories/gcf-artifacts","sourceProvenance":{"resolvedStorageSource":{"bucket":"gcf-v2-sources-209159062090-us-central1","object":"previewVoice/function-source.zip","generation":"1770306322040150"}},"dockerRegistry":"ARTIFACT_REGISTRY","serviceAccount":"projects/moonstone-4ffb6/serviceAccounts/209159062090-compute@developer.gserviceaccount.com","automaticUpdatePolicy":{}},"serviceConfig":{"service":"projects/moonstone-4ffb6/locations/us-central1/services/previewvoice","timeoutSeconds":60,"environmentVariables":{"FIREBASE_CONFIG":"{\"projectId\":\"moonstone-4ffb6\",\"storageBucket\":\"moonstone-4ffb6.firebasestorage.app\"}","GCLOUD_PROJECT":"moonstone-4ffb6","EVENTARC_CLOUD_EVENT_SOURCE":"projects/moonstone-4ffb6/locations/us-central1/services/previewVoice","FUNCTION_TARGET":"previewVoice","LOG_EXECUTION_ID":"true"},"ingressSettings":"ALLOW_ALL","uri":"https://previewvoice-cblu2dsagq-uc.a.run.app","serviceAccountEmail":"209159062090-compute@developer.gserviceaccount.com","availableMemory":"512Mi","allTrafficOnLatestRevision":true,"revision":"previewvoice-00027-vif","maxInstanceRequestConcurrency":80,"availableCpu":"1"},"state":"ACTIVE","labels":{"deployment-tool":"cli-firebase","deployment-callable":"true","firebase-functions-hash":"7bbeefe44dd2fb04675612dc9aa4e05f050b0b2b"},"environment":"GEN_2","url":"https://us-central1-moonstone-4ffb6.cloudfunctions.net/previewVoice","satisfiesPzi":true},"stages":[{"name":"BUILD","message":"Build in progress","state":"IN_PROGRESS","resource":"projects/209159062090/locations/us-central1/builds/68bd7e82-b514-403f-9791-758372b59bcb","resourceUri":"https://console.cloud.google.com/cloud-build/builds;region=us-central1/68bd7e82-b514-403f-9791-758372b59bcb?project=209159062090"},{"name":"SERVICE","state":"NOT_STARTED"}],"operationType":"UPDATE_FUNCTION","buildName":"projects/209159062090/locations/us-central1/builds/68bd7e82-b514-403f-9791-758372b59bcb"},"done":false}
[debug] [2026-02-05T16:05:20.194Z] <<< [apiv2][status] GET https://cloudfunctions.googleapis.com/v2/projects/moonstone-4ffb6/locations/us-central1/operations/operation-1770307469959-64a15d3e3e1e3-9c651303-a65010cb 200
[debug] [2026-02-05T16:05:20.194Z] <<< [apiv2][body] GET https://cloudfunctions.googleapis.com/v2/projects/moonstone-4ffb6/locations/us-central1/operations/operation-1770307469959-64a15d3e3e1e3-9c651303-a65010cb {"name":"projects/moonstone-4ffb6/locations/us-central1/operations/operation-1770307469959-64a15d3e3e1e3-9c651303-a65010cb","metadata":{"@type":"type.googleapis.com/google.cloud.functions.v2.OperationMetadata","createTime":"2026-02-05T16:04:30.622741317Z","target":"projects/moonstone-4ffb6/locations/us-central1/functions/createStory","verb":"update","cancelRequested":false,"apiVersion":"v2","requestResource":{"@type":"type.googleapis.com/google.cloud.functions.v2.Function","name":"projects/moonstone-4ffb6/locations/us-central1/functions/createStory","buildConfig":{"runtime":"nodejs20","entryPoint":"createStory","source":{"storageSource":{"bucket":"gcf-v2-sources-209159062090-us-central1","object":"createStory/function-source.zip","generation":"1770307470571183"}},"environmentVariables":{"GOOGLE_NODE_RUN_SCRIPTS":""},"dockerRepository":"projects/moonstone-4ffb6/locations/us-central1/repositories/gcf-artifacts","sourceProvenance":{"resolvedStorageSource":{"bucket":"gcf-v2-sources-209159062090-us-central1","object":"createStory/function-source.zip","generation":"1770306322005926"}},"dockerRegistry":"ARTIFACT_REGISTRY","serviceAccount":"projects/moonstone-4ffb6/serviceAccounts/209159062090-compute@developer.gserviceaccount.com","automaticUpdatePolicy":{}},"serviceConfig":{"service":"projects/moonstone-4ffb6/locations/us-central1/services/createstory","timeoutSeconds":540,"environmentVariables":{"FIREBASE_CONFIG":"{\"projectId\":\"moonstone-4ffb6\",\"storageBucket\":\"moonstone-4ffb6.firebasestorage.app\"}","GCLOUD_PROJECT":"moonstone-4ffb6","EVENTARC_CLOUD_EVENT_SOURCE":"projects/moonstone-4ffb6/locations/us-central1/services/createStory","FUNCTION_TARGET":"createStory","LOG_EXECUTION_ID":"true"},"ingressSettings":"ALLOW_ALL","uri":"https://createstory-cblu2dsagq-uc.a.run.app","serviceAccountEmail":"209159062090-compute@developer.gserviceaccount.com","availableMemory":"1024Mi","allTrafficOnLatestRevision":true,"revision":"createstory-00062-lel","maxInstanceRequestConcurrency":80,"availableCpu":"1"},"state":"ACTIVE","labels":{"deployment-tool":"cli-firebase","deployment-callable":"true","firebase-functions-hash":"7bbeefe44dd2fb04675612dc9aa4e05f050b0b2b"},"environment":"GEN_2","url":"https://us-central1-moonstone-4ffb6.cloudfunctions.net/createStory","satisfiesPzi":true},"stages":[{"name":"BUILD","message":"Build in progress","state":"IN_PROGRESS","resource":"projects/209159062090/locations/us-central1/builds/25c50249-3a7d-44ac-a749-66cd96fd1a69","resourceUri":"https://console.cloud.google.com/cloud-build/builds;region=us-central1/25c50249-3a7d-44ac-a749-66cd96fd1a69?project=209159062090"},{"name":"SERVICE","state":"NOT_STARTED"}],"operationType":"UPDATE_FUNCTION","buildName":"projects/209159062090/locations/us-central1/builds/25c50249-3a7d-44ac-a749-66cd96fd1a69"},"done":false}
[debug] [2026-02-05T16:05:20.208Z] <<< [apiv2][status] GET https://cloudfunctions.googleapis.com/v2/projects/moonstone-4ffb6/locations/us-central1/operations/operation-1770307469884-64a15d3e2bb4b-a5861e88-08d66d81 200
[debug] [2026-02-05T16:05:20.208Z] <<< [apiv2][body] GET https://cloudfunctions.googleapis.com/v2/projects/moonstone-4ffb6/locations/us-central1/operations/operation-1770307469884-64a15d3e2bb4b-a5861e88-08d66d81 {"name":"projects/moonstone-4ffb6/locations/us-central1/operations/operation-1770307469884-64a15d3e2bb4b-a5861e88-08d66d81","metadata":{"@type":"type.googleapis.com/google.cloud.functions.v2.OperationMetadata","createTime":"2026-02-05T16:04:30.602082585Z","target":"projects/moonstone-4ffb6/locations/us-central1/functions/addToLibrary","verb":"update","cancelRequested":false,"apiVersion":"v2","requestResource":{"@type":"type.googleapis.com/google.cloud.functions.v2.Function","name":"projects/moonstone-4ffb6/locations/us-central1/functions/addToLibrary","buildConfig":{"runtime":"nodejs20","entryPoint":"addToLibrary","source":{"storageSource":{"bucket":"gcf-v2-sources-209159062090-us-central1","object":"addToLibrary/function-source.zip","generation":"1770307470546449"}},"environmentVariables":{"GOOGLE_NODE_RUN_SCRIPTS":""},"dockerRepository":"projects/moonstone-4ffb6/locations/us-central1/repositories/gcf-artifacts","sourceProvenance":{"resolvedStorageSource":{"bucket":"gcf-v2-sources-209159062090-us-central1","object":"addToLibrary/function-source.zip","generation":"1770306321990882"}},"dockerRegistry":"ARTIFACT_REGISTRY","serviceAccount":"projects/moonstone-4ffb6/serviceAccounts/209159062090-compute@developer.gserviceaccount.com","automaticUpdatePolicy":{}},"serviceConfig":{"service":"projects/moonstone-4ffb6/locations/us-central1/services/addtolibrary","timeoutSeconds":60,"environmentVariables":{"FIREBASE_CONFIG":"{\"projectId\":\"moonstone-4ffb6\",\"storageBucket\":\"moonstone-4ffb6.firebasestorage.app\"}","GCLOUD_PROJECT":"moonstone-4ffb6","EVENTARC_CLOUD_EVENT_SOURCE":"projects/moonstone-4ffb6/locations/us-central1/services/addToLibrary","FUNCTION_TARGET":"addToLibrary","LOG_EXECUTION_ID":"true","FUNCTION_SIGNATURE_TYPE":"http"},"ingressSettings":"ALLOW_ALL","uri":"https://addtolibrary-cblu2dsagq-uc.a.run.app","serviceAccountEmail":"209159062090-compute@developer.gserviceaccount.com","availableMemory":"256Mi","allTrafficOnLatestRevision":true,"revision":"addtolibrary-00036-zum","maxInstanceRequestConcurrency":80,"availableCpu":"1"},"state":"ACTIVE","labels":{"deployment-tool":"cloudfunctions","deployment-callable":"true","firebase-functions-hash":"7bbeefe44dd2fb04675612dc9aa4e05f050b0b2b"},"environment":"GEN_2","url":"https://us-central1-moonstone-4ffb6.cloudfunctions.net/addToLibrary","satisfiesPzi":true},"stages":[{"name":"BUILD","message":"Build in progress","state":"IN_PROGRESS","resource":"projects/209159062090/locations/us-central1/builds/ee4e2110-d135-4dd6-9e8b-4bdd6d27be6d","resourceUri":"https://console.cloud.google.com/cloud-build/builds;region=us-central1/ee4e2110-d135-4dd6-9e8b-4bdd6d27be6d?project=209159062090"},{"name":"SERVICE","state":"NOT_STARTED"}],"operationType":"UPDATE_FUNCTION","buildName":"projects/209159062090/locations/us-central1/builds/ee4e2110-d135-4dd6-9e8b-4bdd6d27be6d"},"done":false}
[debug] [2026-02-05T16:05:29.354Z] [update-default-us-central1-onUserCreated] Retrying task index 0
[debug] [2026-02-05T16:05:29.354Z] Checked if tokens are valid: true, expires at: 1770308555729
[debug] [2026-02-05T16:05:29.354Z] Checked if tokens are valid: true, expires at: 1770308555729
[debug] [2026-02-05T16:05:29.354Z] >>> [apiv2][query] GET https://cloudfunctions.googleapis.com/v1/operations/bW9vbnN0b25lLTRmZmI2L3VzLWNlbnRyYWwxL29uVXNlckNyZWF0ZWQvWjJ5VTQwUjBZakE [none]
[debug] [2026-02-05T16:05:29.533Z] <<< [apiv2][status] GET https://cloudfunctions.googleapis.com/v1/operations/bW9vbnN0b25lLTRmZmI2L3VzLWNlbnRyYWwxL29uVXNlckNyZWF0ZWQvWjJ5VTQwUjBZakE 200
[debug] [2026-02-05T16:05:29.533Z] <<< [apiv2][body] GET https://cloudfunctions.googleapis.com/v1/operations/bW9vbnN0b25lLTRmZmI2L3VzLWNlbnRyYWwxL29uVXNlckNyZWF0ZWQvWjJ5VTQwUjBZakE {"name":"operations/bW9vbnN0b25lLTRmZmI2L3VzLWNlbnRyYWwxL29uVXNlckNyZWF0ZWQvWjJ5VTQwUjBZakE","metadata":{"@type":"type.googleapis.com/google.cloud.functions.v1.OperationMetadataV1","target":"projects/moonstone-4ffb6/locations/us-central1/functions/onUserCreated","type":"UPDATE_FUNCTION","request":{"@type":"type.googleapis.com/google.cloud.functions.v1.CloudFunction","name":"projects/moonstone-4ffb6/locations/us-central1/functions/onUserCreated","eventTrigger":{"eventType":"providers/firebase.auth/eventTypes/user.create","resource":"projects/moonstone-4ffb6","service":"firebaseauth.googleapis.com"},"status":"ACTIVE","entryPoint":"onUserCreated","updateTime":"2026-02-05T15:47:52.578Z","versionId":"37","labels":{"deployment-tool":"cli-firebase","firebase-functions-hash":"601a9d2c7821ba6b3231d8b73751faf9cff534f0"},"sourceUploadUrl":"https://storage.googleapis.com/uploads-103741382100.us-central1.cloudfunctions.appspot.com/fd5f4b10-979c-4e98-8fed-6ea9b74dbfdd.zip?GoogleAccessId=service-209159062090@gcf-admin-robot.iam.gserviceaccount.com&Expires=1770309269&Signature=ilJjefXq3lJUkA84HjrpUi4RDBqk01KPGYCZQm2TsbY7Kc5SoJWKZ6CH%2B5sH1%2FgFo8Ob0g8mVzKpsLMs%2FRJtTYvlt79c8%2FB02ZDiY1J23aBqfygefWZQXpeG3n8jBejT57h%2Bxp1SWbH9ounL%2FC4OQoaUfR2%2BqoQiawPyiuSDwdVefJ%2F4lXTkPW2q73gSsxF4C2hSstsFavTDPo6PDRPOYVZhGEPamDoNzTsxIBVQ%2F8P8FbpJdZtKuZTk8FpBTGZDkh73zwA5AWegbOsbxZ7GhKcMtl1WhwgSzS%2Bd1EIVzSocbKV6II9eZZu69vhrcs7gKzowVIpwQhT3hAshnFAboQ%3D%3D","environmentVariables":{"FIREBASE_CONFIG":"{\"projectId\":\"moonstone-4ffb6\",\"storageBucket\":\"moonstone-4ffb6.firebasestorage.app\"}","GCLOUD_PROJECT":"moonstone-4ffb6","EVENTARC_CLOUD_EVENT_SOURCE":"projects/moonstone-4ffb6/locations/us-central1/functions/onUserCreated"},"runtime":"nodejs20","buildId":"69f59c75-70a9-4043-acf7-a346c1545c96","buildEnvironmentVariables":{"GOOGLE_NODE_RUN_SCRIPTS":""},"buildName":"projects/209159062090/locations/us-central1/builds/69f59c75-70a9-4043-acf7-a346c1545c96","dockerRegistry":"ARTIFACT_REGISTRY","automaticUpdatePolicy":{},"buildServiceAccount":"projects/moonstone-4ffb6/serviceAccounts/209159062090-compute@developer.gserviceaccount.com"},"versionId":"38","updateTime":"2026-02-05T16:04:30Z","buildId":"8baebbba-7ede-4b99-ba2a-42efc01e5585","buildName":"projects/209159062090/locations/us-central1/builds/8baebbba-7ede-4b99-ba2a-42efc01e5585"}}
[debug] [2026-02-05T16:05:29.988Z] [update-default-us-central1-previewVoice] Retrying task index 0
[debug] [2026-02-05T16:05:29.988Z] Checked if tokens are valid: true, expires at: 1770308555729
[debug] [2026-02-05T16:05:29.988Z] Checked if tokens are valid: true, expires at: 1770308555729
[debug] [2026-02-05T16:05:29.988Z] >>> [apiv2][query] GET https://cloudfunctions.googleapis.com/v2/projects/moonstone-4ffb6/locations/us-central1/operations/operation-1770307469925-64a15d3e35c8e-39a3132d-d1ed5cc7 [none]
[debug] [2026-02-05T16:05:30.160Z] <<< [apiv2][status] GET https://cloudfunctions.googleapis.com/v2/projects/moonstone-4ffb6/locations/us-central1/operations/operation-1770307469925-64a15d3e35c8e-39a3132d-d1ed5cc7 200
[debug] [2026-02-05T16:05:30.161Z] <<< [apiv2][body] GET https://cloudfunctions.googleapis.com/v2/projects/moonstone-4ffb6/locations/us-central1/operations/operation-1770307469925-64a15d3e35c8e-39a3132d-d1ed5cc7 {"name":"projects/moonstone-4ffb6/locations/us-central1/operations/operation-1770307469925-64a15d3e35c8e-39a3132d-d1ed5cc7","metadata":{"@type":"type.googleapis.com/google.cloud.functions.v2.OperationMetadata","createTime":"2026-02-05T16:04:30.622575670Z","target":"projects/moonstone-4ffb6/locations/us-central1/functions/previewVoice","verb":"update","cancelRequested":false,"apiVersion":"v2","requestResource":{"@type":"type.googleapis.com/google.cloud.functions.v2.Function","name":"projects/moonstone-4ffb6/locations/us-central1/functions/previewVoice","buildConfig":{"runtime":"nodejs20","entryPoint":"previewVoice","source":{"storageSource":{"bucket":"gcf-v2-sources-209159062090-us-central1","object":"previewVoice/function-source.zip","generation":"1770307470574217"}},"environmentVariables":{"GOOGLE_NODE_RUN_SCRIPTS":""},"dockerRepository":"projects/moonstone-4ffb6/locations/us-central1/repositories/gcf-artifacts","sourceProvenance":{"resolvedStorageSource":{"bucket":"gcf-v2-sources-209159062090-us-central1","object":"previewVoice/function-source.zip","generation":"1770306322040150"}},"dockerRegistry":"ARTIFACT_REGISTRY","serviceAccount":"projects/moonstone-4ffb6/serviceAccounts/209159062090-compute@developer.gserviceaccount.com","automaticUpdatePolicy":{}},"serviceConfig":{"service":"projects/moonstone-4ffb6/locations/us-central1/services/previewvoice","timeoutSeconds":60,"environmentVariables":{"FIREBASE_CONFIG":"{\"projectId\":\"moonstone-4ffb6\",\"storageBucket\":\"moonstone-4ffb6.firebasestorage.app\"}","GCLOUD_PROJECT":"moonstone-4ffb6","EVENTARC_CLOUD_EVENT_SOURCE":"projects/moonstone-4ffb6/locations/us-central1/services/previewVoice","FUNCTION_TARGET":"previewVoice","LOG_EXECUTION_ID":"true"},"ingressSettings":"ALLOW_ALL","uri":"https://previewvoice-cblu2dsagq-uc.a.run.app","serviceAccountEmail":"209159062090-compute@developer.gserviceaccount.com","availableMemory":"512Mi","allTrafficOnLatestRevision":true,"revision":"previewvoice-00027-vif","maxInstanceRequestConcurrency":80,"availableCpu":"1"},"state":"ACTIVE","labels":{"deployment-tool":"cli-firebase","deployment-callable":"true","firebase-functions-hash":"7bbeefe44dd2fb04675612dc9aa4e05f050b0b2b"},"environment":"GEN_2","url":"https://us-central1-moonstone-4ffb6.cloudfunctions.net/previewVoice","satisfiesPzi":true},"stages":[{"name":"BUILD","message":"Build in progress","state":"IN_PROGRESS","resource":"projects/209159062090/locations/us-central1/builds/68bd7e82-b514-403f-9791-758372b59bcb","resourceUri":"https://console.cloud.google.com/cloud-build/builds;region=us-central1/68bd7e82-b514-403f-9791-758372b59bcb?project=209159062090"},{"name":"SERVICE","state":"NOT_STARTED"}],"operationType":"UPDATE_FUNCTION","buildName":"projects/209159062090/locations/us-central1/builds/68bd7e82-b514-403f-9791-758372b59bcb"},"done":false}
[debug] [2026-02-05T16:05:30.206Z] [update-default-us-central1-createStory] Retrying task index 0
[debug] [2026-02-05T16:05:30.207Z] Checked if tokens are valid: true, expires at: 1770308555729
[debug] [2026-02-05T16:05:30.207Z] Checked if tokens are valid: true, expires at: 1770308555729
[debug] [2026-02-05T16:05:30.207Z] >>> [apiv2][query] GET https://cloudfunctions.googleapis.com/v2/projects/moonstone-4ffb6/locations/us-central1/operations/operation-1770307469959-64a15d3e3e1e3-9c651303-a65010cb [none]
[debug] [2026-02-05T16:05:30.207Z] [update-default-us-central1-addToLibrary] Retrying task index 0
[debug] [2026-02-05T16:05:30.207Z] Checked if tokens are valid: true, expires at: 1770308555729
[debug] [2026-02-05T16:05:30.208Z] Checked if tokens are valid: true, expires at: 1770308555729
[debug] [2026-02-05T16:05:30.208Z] >>> [apiv2][query] GET https://cloudfunctions.googleapis.com/v2/projects/moonstone-4ffb6/locations/us-central1/operations/operation-1770307469884-64a15d3e2bb4b-a5861e88-08d66d81 [none]
[debug] [2026-02-05T16:05:30.412Z] <<< [apiv2][status] GET https://cloudfunctions.googleapis.com/v2/projects/moonstone-4ffb6/locations/us-central1/operations/operation-1770307469959-64a15d3e3e1e3-9c651303-a65010cb 200
[debug] [2026-02-05T16:05:30.412Z] <<< [apiv2][body] GET https://cloudfunctions.googleapis.com/v2/projects/moonstone-4ffb6/locations/us-central1/operations/operation-1770307469959-64a15d3e3e1e3-9c651303-a65010cb {"name":"projects/moonstone-4ffb6/locations/us-central1/operations/operation-1770307469959-64a15d3e3e1e3-9c651303-a65010cb","metadata":{"@type":"type.googleapis.com/google.cloud.functions.v2.OperationMetadata","createTime":"2026-02-05T16:04:30.622741317Z","target":"projects/moonstone-4ffb6/locations/us-central1/functions/createStory","verb":"update","cancelRequested":false,"apiVersion":"v2","requestResource":{"@type":"type.googleapis.com/google.cloud.functions.v2.Function","name":"projects/moonstone-4ffb6/locations/us-central1/functions/createStory","buildConfig":{"runtime":"nodejs20","entryPoint":"createStory","source":{"storageSource":{"bucket":"gcf-v2-sources-209159062090-us-central1","object":"createStory/function-source.zip","generation":"1770307470571183"}},"environmentVariables":{"GOOGLE_NODE_RUN_SCRIPTS":""},"dockerRepository":"projects/moonstone-4ffb6/locations/us-central1/repositories/gcf-artifacts","sourceProvenance":{"resolvedStorageSource":{"bucket":"gcf-v2-sources-209159062090-us-central1","object":"createStory/function-source.zip","generation":"1770306322005926"}},"dockerRegistry":"ARTIFACT_REGISTRY","serviceAccount":"projects/moonstone-4ffb6/serviceAccounts/209159062090-compute@developer.gserviceaccount.com","automaticUpdatePolicy":{}},"serviceConfig":{"service":"projects/moonstone-4ffb6/locations/us-central1/services/createstory","timeoutSeconds":540,"environmentVariables":{"FIREBASE_CONFIG":"{\"projectId\":\"moonstone-4ffb6\",\"storageBucket\":\"moonstone-4ffb6.firebasestorage.app\"}","GCLOUD_PROJECT":"moonstone-4ffb6","EVENTARC_CLOUD_EVENT_SOURCE":"projects/moonstone-4ffb6/locations/us-central1/services/createStory","FUNCTION_TARGET":"createStory","LOG_EXECUTION_ID":"true"},"ingressSettings":"ALLOW_ALL","uri":"https://createstory-cblu2dsagq-uc.a.run.app","serviceAccountEmail":"209159062090-compute@developer.gserviceaccount.com","availableMemory":"1024Mi","allTrafficOnLatestRevision":true,"revision":"createstory-00062-lel","maxInstanceRequestConcurrency":80,"availableCpu":"1"},"state":"ACTIVE","labels":{"deployment-tool":"cli-firebase","deployment-callable":"true","firebase-functions-hash":"7bbeefe44dd2fb04675612dc9aa4e05f050b0b2b"},"environment":"GEN_2","url":"https://us-central1-moonstone-4ffb6.cloudfunctions.net/createStory","satisfiesPzi":true},"stages":[{"name":"BUILD","message":"Build in progress","state":"IN_PROGRESS","resource":"projects/209159062090/locations/us-central1/builds/25c50249-3a7d-44ac-a749-66cd96fd1a69","resourceUri":"https://console.cloud.google.com/cloud-build/builds;region=us-central1/25c50249-3a7d-44ac-a749-66cd96fd1a69?project=209159062090"},{"name":"SERVICE","state":"NOT_STARTED"}],"operationType":"UPDATE_FUNCTION","buildName":"projects/209159062090/locations/us-central1/builds/25c50249-3a7d-44ac-a749-66cd96fd1a69"},"done":false}
[debug] [2026-02-05T16:05:30.430Z] <<< [apiv2][status] GET https://cloudfunctions.googleapis.com/v2/projects/moonstone-4ffb6/locations/us-central1/operations/operation-1770307469884-64a15d3e2bb4b-a5861e88-08d66d81 200
[debug] [2026-02-05T16:05:30.430Z] <<< [apiv2][body] GET https://cloudfunctions.googleapis.com/v2/projects/moonstone-4ffb6/locations/us-central1/operations/operation-1770307469884-64a15d3e2bb4b-a5861e88-08d66d81 {"name":"projects/moonstone-4ffb6/locations/us-central1/operations/operation-1770307469884-64a15d3e2bb4b-a5861e88-08d66d81","metadata":{"@type":"type.googleapis.com/google.cloud.functions.v2.OperationMetadata","createTime":"2026-02-05T16:04:30.602082585Z","target":"projects/moonstone-4ffb6/locations/us-central1/functions/addToLibrary","verb":"update","cancelRequested":false,"apiVersion":"v2","requestResource":{"@type":"type.googleapis.com/google.cloud.functions.v2.Function","name":"projects/moonstone-4ffb6/locations/us-central1/functions/addToLibrary","buildConfig":{"runtime":"nodejs20","entryPoint":"addToLibrary","source":{"storageSource":{"bucket":"gcf-v2-sources-209159062090-us-central1","object":"addToLibrary/function-source.zip","generation":"1770307470546449"}},"environmentVariables":{"GOOGLE_NODE_RUN_SCRIPTS":""},"dockerRepository":"projects/moonstone-4ffb6/locations/us-central1/repositories/gcf-artifacts","sourceProvenance":{"resolvedStorageSource":{"bucket":"gcf-v2-sources-209159062090-us-central1","object":"addToLibrary/function-source.zip","generation":"1770306321990882"}},"dockerRegistry":"ARTIFACT_REGISTRY","serviceAccount":"projects/moonstone-4ffb6/serviceAccounts/209159062090-compute@developer.gserviceaccount.com","automaticUpdatePolicy":{}},"serviceConfig":{"service":"projects/moonstone-4ffb6/locations/us-central1/services/addtolibrary","timeoutSeconds":60,"environmentVariables":{"FIREBASE_CONFIG":"{\"projectId\":\"moonstone-4ffb6\",\"storageBucket\":\"moonstone-4ffb6.firebasestorage.app\"}","GCLOUD_PROJECT":"moonstone-4ffb6","EVENTARC_CLOUD_EVENT_SOURCE":"projects/moonstone-4ffb6/locations/us-central1/services/addToLibrary","FUNCTION_TARGET":"addToLibrary","LOG_EXECUTION_ID":"true","FUNCTION_SIGNATURE_TYPE":"http"},"ingressSettings":"ALLOW_ALL","uri":"https://addtolibrary-cblu2dsagq-uc.a.run.app","serviceAccountEmail":"209159062090-compute@developer.gserviceaccount.com","availableMemory":"256Mi","allTrafficOnLatestRevision":true,"revision":"addtolibrary-00036-zum","maxInstanceRequestConcurrency":80,"availableCpu":"1"},"state":"ACTIVE","labels":{"deployment-tool":"cloudfunctions","deployment-callable":"true","firebase-functions-hash":"7bbeefe44dd2fb04675612dc9aa4e05f050b0b2b"},"environment":"GEN_2","url":"https://us-central1-moonstone-4ffb6.cloudfunctions.net/addToLibrary","satisfiesPzi":true},"stages":[{"name":"BUILD","message":"Build in progress","state":"IN_PROGRESS","resource":"projects/209159062090/locations/us-central1/builds/ee4e2110-d135-4dd6-9e8b-4bdd6d27be6d","resourceUri":"https://console.cloud.google.com/cloud-build/builds;region=us-central1/ee4e2110-d135-4dd6-9e8b-4bdd6d27be6d?project=209159062090"},{"name":"SERVICE","state":"NOT_STARTED"}],"operationType":"UPDATE_FUNCTION","buildName":"projects/209159062090/locations/us-central1/builds/ee4e2110-d135-4dd6-9e8b-4bdd6d27be6d"},"done":false}
[debug] [2026-02-05T16:05:39.544Z] [update-default-us-central1-onUserCreated] Retrying task index 0
[debug] [2026-02-05T16:05:39.545Z] Checked if tokens are valid: true, expires at: 1770308555729
[debug] [2026-02-05T16:05:39.545Z] Checked if tokens are valid: true, expires at: 1770308555729
[debug] [2026-02-05T16:05:39.545Z] >>> [apiv2][query] GET https://cloudfunctions.googleapis.com/v1/operations/bW9vbnN0b25lLTRmZmI2L3VzLWNlbnRyYWwxL29uVXNlckNyZWF0ZWQvWjJ5VTQwUjBZakE [none]
[debug] [2026-02-05T16:05:39.784Z] <<< [apiv2][status] GET https://cloudfunctions.googleapis.com/v1/operations/bW9vbnN0b25lLTRmZmI2L3VzLWNlbnRyYWwxL29uVXNlckNyZWF0ZWQvWjJ5VTQwUjBZakE 200
[debug] [2026-02-05T16:05:39.784Z] <<< [apiv2][body] GET https://cloudfunctions.googleapis.com/v1/operations/bW9vbnN0b25lLTRmZmI2L3VzLWNlbnRyYWwxL29uVXNlckNyZWF0ZWQvWjJ5VTQwUjBZakE {"name":"operations/bW9vbnN0b25lLTRmZmI2L3VzLWNlbnRyYWwxL29uVXNlckNyZWF0ZWQvWjJ5VTQwUjBZakE","metadata":{"@type":"type.googleapis.com/google.cloud.functions.v1.OperationMetadataV1","target":"projects/moonstone-4ffb6/locations/us-central1/functions/onUserCreated","type":"UPDATE_FUNCTION","request":{"@type":"type.googleapis.com/google.cloud.functions.v1.CloudFunction","name":"projects/moonstone-4ffb6/locations/us-central1/functions/onUserCreated","eventTrigger":{"eventType":"providers/firebase.auth/eventTypes/user.create","resource":"projects/moonstone-4ffb6","service":"firebaseauth.googleapis.com"},"status":"ACTIVE","entryPoint":"onUserCreated","updateTime":"2026-02-05T15:47:52.578Z","versionId":"37","labels":{"deployment-tool":"cli-firebase","firebase-functions-hash":"601a9d2c7821ba6b3231d8b73751faf9cff534f0"},"sourceUploadUrl":"https://storage.googleapis.com/uploads-103741382100.us-central1.cloudfunctions.appspot.com/fd5f4b10-979c-4e98-8fed-6ea9b74dbfdd.zip?GoogleAccessId=service-209159062090@gcf-admin-robot.iam.gserviceaccount.com&Expires=1770309269&Signature=ilJjefXq3lJUkA84HjrpUi4RDBqk01KPGYCZQm2TsbY7Kc5SoJWKZ6CH%2B5sH1%2FgFo8Ob0g8mVzKpsLMs%2FRJtTYvlt79c8%2FB02ZDiY1J23aBqfygefWZQXpeG3n8jBejT57h%2Bxp1SWbH9ounL%2FC4OQoaUfR2%2BqoQiawPyiuSDwdVefJ%2F4lXTkPW2q73gSsxF4C2hSstsFavTDPo6PDRPOYVZhGEPamDoNzTsxIBVQ%2F8P8FbpJdZtKuZTk8FpBTGZDkh73zwA5AWegbOsbxZ7GhKcMtl1WhwgSzS%2Bd1EIVzSocbKV6II9eZZu69vhrcs7gKzowVIpwQhT3hAshnFAboQ%3D%3D","environmentVariables":{"FIREBASE_CONFIG":"{\"projectId\":\"moonstone-4ffb6\",\"storageBucket\":\"moonstone-4ffb6.firebasestorage.app\"}","GCLOUD_PROJECT":"moonstone-4ffb6","EVENTARC_CLOUD_EVENT_SOURCE":"projects/moonstone-4ffb6/locations/us-central1/functions/onUserCreated"},"runtime":"nodejs20","buildId":"69f59c75-70a9-4043-acf7-a346c1545c96","buildEnvironmentVariables":{"GOOGLE_NODE_RUN_SCRIPTS":""},"buildName":"projects/209159062090/locations/us-central1/builds/69f59c75-70a9-4043-acf7-a346c1545c96","dockerRegistry":"ARTIFACT_REGISTRY","automaticUpdatePolicy":{},"buildServiceAccount":"projects/moonstone-4ffb6/serviceAccounts/209159062090-compute@developer.gserviceaccount.com"},"versionId":"38","updateTime":"2026-02-05T16:04:30Z","buildId":"8baebbba-7ede-4b99-ba2a-42efc01e5585","buildName":"projects/209159062090/locations/us-central1/builds/8baebbba-7ede-4b99-ba2a-42efc01e5585"}}
[debug] [2026-02-05T16:05:40.164Z] [update-default-us-central1-previewVoice] Retrying task index 0
[debug] [2026-02-05T16:05:40.164Z] Checked if tokens are valid: true, expires at: 1770308555729
[debug] [2026-02-05T16:05:40.164Z] Checked if tokens are valid: true, expires at: 1770308555729
[debug] [2026-02-05T16:05:40.164Z] >>> [apiv2][query] GET https://cloudfunctions.googleapis.com/v2/projects/moonstone-4ffb6/locations/us-central1/operations/operation-1770307469925-64a15d3e35c8e-39a3132d-d1ed5cc7 [none]
[debug] [2026-02-05T16:05:40.338Z] <<< [apiv2][status] GET https://cloudfunctions.googleapis.com/v2/projects/moonstone-4ffb6/locations/us-central1/operations/operation-1770307469925-64a15d3e35c8e-39a3132d-d1ed5cc7 200
[debug] [2026-02-05T16:05:40.338Z] <<< [apiv2][body] GET https://cloudfunctions.googleapis.com/v2/projects/moonstone-4ffb6/locations/us-central1/operations/operation-1770307469925-64a15d3e35c8e-39a3132d-d1ed5cc7 {"name":"projects/moonstone-4ffb6/locations/us-central1/operations/operation-1770307469925-64a15d3e35c8e-39a3132d-d1ed5cc7","metadata":{"@type":"type.googleapis.com/google.cloud.functions.v2.OperationMetadata","createTime":"2026-02-05T16:04:30.622575670Z","target":"projects/moonstone-4ffb6/locations/us-central1/functions/previewVoice","verb":"update","cancelRequested":false,"apiVersion":"v2","requestResource":{"@type":"type.googleapis.com/google.cloud.functions.v2.Function","name":"projects/moonstone-4ffb6/locations/us-central1/functions/previewVoice","buildConfig":{"runtime":"nodejs20","entryPoint":"previewVoice","source":{"storageSource":{"bucket":"gcf-v2-sources-209159062090-us-central1","object":"previewVoice/function-source.zip","generation":"1770307470574217"}},"environmentVariables":{"GOOGLE_NODE_RUN_SCRIPTS":""},"dockerRepository":"projects/moonstone-4ffb6/locations/us-central1/repositories/gcf-artifacts","sourceProvenance":{"resolvedStorageSource":{"bucket":"gcf-v2-sources-209159062090-us-central1","object":"previewVoice/function-source.zip","generation":"1770306322040150"}},"dockerRegistry":"ARTIFACT_REGISTRY","serviceAccount":"projects/moonstone-4ffb6/serviceAccounts/209159062090-compute@developer.gserviceaccount.com","automaticUpdatePolicy":{}},"serviceConfig":{"service":"projects/moonstone-4ffb6/locations/us-central1/services/previewvoice","timeoutSeconds":60,"environmentVariables":{"FIREBASE_CONFIG":"{\"projectId\":\"moonstone-4ffb6\",\"storageBucket\":\"moonstone-4ffb6.firebasestorage.app\"}","GCLOUD_PROJECT":"moonstone-4ffb6","EVENTARC_CLOUD_EVENT_SOURCE":"projects/moonstone-4ffb6/locations/us-central1/services/previewVoice","FUNCTION_TARGET":"previewVoice","LOG_EXECUTION_ID":"true"},"ingressSettings":"ALLOW_ALL","uri":"https://previewvoice-cblu2dsagq-uc.a.run.app","serviceAccountEmail":"209159062090-compute@developer.gserviceaccount.com","availableMemory":"512Mi","allTrafficOnLatestRevision":true,"revision":"previewvoice-00027-vif","maxInstanceRequestConcurrency":80,"availableCpu":"1"},"state":"ACTIVE","labels":{"deployment-tool":"cli-firebase","deployment-callable":"true","firebase-functions-hash":"7bbeefe44dd2fb04675612dc9aa4e05f050b0b2b"},"environment":"GEN_2","url":"https://us-central1-moonstone-4ffb6.cloudfunctions.net/previewVoice","satisfiesPzi":true},"stages":[{"name":"BUILD","message":"Build in progress","state":"IN_PROGRESS","resource":"projects/209159062090/locations/us-central1/builds/68bd7e82-b514-403f-9791-758372b59bcb","resourceUri":"https://console.cloud.google.com/cloud-build/builds;region=us-central1/68bd7e82-b514-403f-9791-758372b59bcb?project=209159062090"},{"name":"SERVICE","state":"NOT_STARTED"}],"operationType":"UPDATE_FUNCTION","buildName":"projects/209159062090/locations/us-central1/builds/68bd7e82-b514-403f-9791-758372b59bcb"},"done":false}
[debug] [2026-02-05T16:05:40.414Z] [update-default-us-central1-createStory] Retrying task index 0
[debug] [2026-02-05T16:05:40.415Z] Checked if tokens are valid: true, expires at: 1770308555729
[debug] [2026-02-05T16:05:40.415Z] Checked if tokens are valid: true, expires at: 1770308555729
[debug] [2026-02-05T16:05:40.415Z] >>> [apiv2][query] GET https://cloudfunctions.googleapis.com/v2/projects/moonstone-4ffb6/locations/us-central1/operations/operation-1770307469959-64a15d3e3e1e3-9c651303-a65010cb [none]
[debug] [2026-02-05T16:05:40.445Z] [update-default-us-central1-addToLibrary] Retrying task index 0
[debug] [2026-02-05T16:05:40.445Z] Checked if tokens are valid: true, expires at: 1770308555729
[debug] [2026-02-05T16:05:40.445Z] Checked if tokens are valid: true, expires at: 1770308555729
[debug] [2026-02-05T16:05:40.445Z] >>> [apiv2][query] GET https://cloudfunctions.googleapis.com/v2/projects/moonstone-4ffb6/locations/us-central1/operations/operation-1770307469884-64a15d3e2bb4b-a5861e88-08d66d81 [none]
[debug] [2026-02-05T16:05:40.601Z] <<< [apiv2][status] GET https://cloudfunctions.googleapis.com/v2/projects/moonstone-4ffb6/locations/us-central1/operations/operation-1770307469959-64a15d3e3e1e3-9c651303-a65010cb 200
[debug] [2026-02-05T16:05:40.601Z] <<< [apiv2][body] GET https://cloudfunctions.googleapis.com/v2/projects/moonstone-4ffb6/locations/us-central1/operations/operation-1770307469959-64a15d3e3e1e3-9c651303-a65010cb {"name":"projects/moonstone-4ffb6/locations/us-central1/operations/operation-1770307469959-64a15d3e3e1e3-9c651303-a65010cb","metadata":{"@type":"type.googleapis.com/google.cloud.functions.v2.OperationMetadata","createTime":"2026-02-05T16:04:30.622741317Z","target":"projects/moonstone-4ffb6/locations/us-central1/functions/createStory","verb":"update","cancelRequested":false,"apiVersion":"v2","requestResource":{"@type":"type.googleapis.com/google.cloud.functions.v2.Function","name":"projects/moonstone-4ffb6/locations/us-central1/functions/createStory","buildConfig":{"runtime":"nodejs20","entryPoint":"createStory","source":{"storageSource":{"bucket":"gcf-v2-sources-209159062090-us-central1","object":"createStory/function-source.zip","generation":"1770307470571183"}},"environmentVariables":{"GOOGLE_NODE_RUN_SCRIPTS":""},"dockerRepository":"projects/moonstone-4ffb6/locations/us-central1/repositories/gcf-artifacts","sourceProvenance":{"resolvedStorageSource":{"bucket":"gcf-v2-sources-209159062090-us-central1","object":"createStory/function-source.zip","generation":"1770306322005926"}},"dockerRegistry":"ARTIFACT_REGISTRY","serviceAccount":"projects/moonstone-4ffb6/serviceAccounts/209159062090-compute@developer.gserviceaccount.com","automaticUpdatePolicy":{}},"serviceConfig":{"service":"projects/moonstone-4ffb6/locations/us-central1/services/createstory","timeoutSeconds":540,"environmentVariables":{"FIREBASE_CONFIG":"{\"projectId\":\"moonstone-4ffb6\",\"storageBucket\":\"moonstone-4ffb6.firebasestorage.app\"}","GCLOUD_PROJECT":"moonstone-4ffb6","EVENTARC_CLOUD_EVENT_SOURCE":"projects/moonstone-4ffb6/locations/us-central1/services/createStory","FUNCTION_TARGET":"createStory","LOG_EXECUTION_ID":"true"},"ingressSettings":"ALLOW_ALL","uri":"https://createstory-cblu2dsagq-uc.a.run.app","serviceAccountEmail":"209159062090-compute@developer.gserviceaccount.com","availableMemory":"1024Mi","allTrafficOnLatestRevision":true,"revision":"createstory-00062-lel","maxInstanceRequestConcurrency":80,"availableCpu":"1"},"state":"ACTIVE","labels":{"deployment-tool":"cli-firebase","deployment-callable":"true","firebase-functions-hash":"7bbeefe44dd2fb04675612dc9aa4e05f050b0b2b"},"environment":"GEN_2","url":"https://us-central1-moonstone-4ffb6.cloudfunctions.net/createStory","satisfiesPzi":true},"stages":[{"name":"BUILD","message":"Build in progress","state":"IN_PROGRESS","resource":"projects/209159062090/locations/us-central1/builds/25c50249-3a7d-44ac-a749-66cd96fd1a69","resourceUri":"https://console.cloud.google.com/cloud-build/builds;region=us-central1/25c50249-3a7d-44ac-a749-66cd96fd1a69?project=209159062090"},{"name":"SERVICE","state":"NOT_STARTED"}],"operationType":"UPDATE_FUNCTION","buildName":"projects/209159062090/locations/us-central1/builds/25c50249-3a7d-44ac-a749-66cd96fd1a69"},"done":false}
[debug] [2026-02-05T16:05:40.704Z] <<< [apiv2][status] GET https://cloudfunctions.googleapis.com/v2/projects/moonstone-4ffb6/locations/us-central1/operations/operation-1770307469884-64a15d3e2bb4b-a5861e88-08d66d81 200
[debug] [2026-02-05T16:05:40.704Z] <<< [apiv2][body] GET https://cloudfunctions.googleapis.com/v2/projects/moonstone-4ffb6/locations/us-central1/operations/operation-1770307469884-64a15d3e2bb4b-a5861e88-08d66d81 {"name":"projects/moonstone-4ffb6/locations/us-central1/operations/operation-1770307469884-64a15d3e2bb4b-a5861e88-08d66d81","metadata":{"@type":"type.googleapis.com/google.cloud.functions.v2.OperationMetadata","createTime":"2026-02-05T16:04:30.602082585Z","target":"projects/moonstone-4ffb6/locations/us-central1/functions/addToLibrary","verb":"update","cancelRequested":false,"apiVersion":"v2","requestResource":{"@type":"type.googleapis.com/google.cloud.functions.v2.Function","name":"projects/moonstone-4ffb6/locations/us-central1/functions/addToLibrary","buildConfig":{"runtime":"nodejs20","entryPoint":"addToLibrary","source":{"storageSource":{"bucket":"gcf-v2-sources-209159062090-us-central1","object":"addToLibrary/function-source.zip","generation":"1770307470546449"}},"environmentVariables":{"GOOGLE_NODE_RUN_SCRIPTS":""},"dockerRepository":"projects/moonstone-4ffb6/locations/us-central1/repositories/gcf-artifacts","sourceProvenance":{"resolvedStorageSource":{"bucket":"gcf-v2-sources-209159062090-us-central1","object":"addToLibrary/function-source.zip","generation":"1770306321990882"}},"dockerRegistry":"ARTIFACT_REGISTRY","serviceAccount":"projects/moonstone-4ffb6/serviceAccounts/209159062090-compute@developer.gserviceaccount.com","automaticUpdatePolicy":{}},"serviceConfig":{"service":"projects/moonstone-4ffb6/locations/us-central1/services/addtolibrary","timeoutSeconds":60,"environmentVariables":{"FIREBASE_CONFIG":"{\"projectId\":\"moonstone-4ffb6\",\"storageBucket\":\"moonstone-4ffb6.firebasestorage.app\"}","GCLOUD_PROJECT":"moonstone-4ffb6","EVENTARC_CLOUD_EVENT_SOURCE":"projects/moonstone-4ffb6/locations/us-central1/services/addToLibrary","FUNCTION_TARGET":"addToLibrary","LOG_EXECUTION_ID":"true","FUNCTION_SIGNATURE_TYPE":"http"},"ingressSettings":"ALLOW_ALL","uri":"https://addtolibrary-cblu2dsagq-uc.a.run.app","serviceAccountEmail":"209159062090-compute@developer.gserviceaccount.com","availableMemory":"256Mi","allTrafficOnLatestRevision":true,"revision":"addtolibrary-00036-zum","maxInstanceRequestConcurrency":80,"availableCpu":"1"},"state":"ACTIVE","labels":{"deployment-tool":"cloudfunctions","deployment-callable":"true","firebase-functions-hash":"7bbeefe44dd2fb04675612dc9aa4e05f050b0b2b"},"environment":"GEN_2","url":"https://us-central1-moonstone-4ffb6.cloudfunctions.net/addToLibrary","satisfiesPzi":true},"stages":[{"name":"BUILD","message":"Build in progress","state":"IN_PROGRESS","resource":"projects/209159062090/locations/us-central1/builds/ee4e2110-d135-4dd6-9e8b-4bdd6d27be6d","resourceUri":"https://console.cloud.google.com/cloud-build/builds;region=us-central1/ee4e2110-d135-4dd6-9e8b-4bdd6d27be6d?project=209159062090"},{"name":"SERVICE","state":"NOT_STARTED"}],"operationType":"UPDATE_FUNCTION","buildName":"projects/209159062090/locations/us-central1/builds/ee4e2110-d135-4dd6-9e8b-4bdd6d27be6d"},"done":false}
[debug] [2026-02-05T16:05:49.796Z] [update-default-us-central1-onUserCreated] Retrying task index 0
[debug] [2026-02-05T16:05:49.796Z] Checked if tokens are valid: true, expires at: 1770308555729
[debug] [2026-02-05T16:05:49.796Z] Checked if tokens are valid: true, expires at: 1770308555729
[debug] [2026-02-05T16:05:49.796Z] >>> [apiv2][query] GET https://cloudfunctions.googleapis.com/v1/operations/bW9vbnN0b25lLTRmZmI2L3VzLWNlbnRyYWwxL29uVXNlckNyZWF0ZWQvWjJ5VTQwUjBZakE [none]
[debug] [2026-02-05T16:05:49.954Z] <<< [apiv2][status] GET https://cloudfunctions.googleapis.com/v1/operations/bW9vbnN0b25lLTRmZmI2L3VzLWNlbnRyYWwxL29uVXNlckNyZWF0ZWQvWjJ5VTQwUjBZakE 200
[debug] [2026-02-05T16:05:49.954Z] <<< [apiv2][body] GET https://cloudfunctions.googleapis.com/v1/operations/bW9vbnN0b25lLTRmZmI2L3VzLWNlbnRyYWwxL29uVXNlckNyZWF0ZWQvWjJ5VTQwUjBZakE {"name":"operations/bW9vbnN0b25lLTRmZmI2L3VzLWNlbnRyYWwxL29uVXNlckNyZWF0ZWQvWjJ5VTQwUjBZakE","metadata":{"@type":"type.googleapis.com/google.cloud.functions.v1.OperationMetadataV1","target":"projects/moonstone-4ffb6/locations/us-central1/functions/onUserCreated","type":"UPDATE_FUNCTION","request":{"@type":"type.googleapis.com/google.cloud.functions.v1.CloudFunction","name":"projects/moonstone-4ffb6/locations/us-central1/functions/onUserCreated","eventTrigger":{"eventType":"providers/firebase.auth/eventTypes/user.create","resource":"projects/moonstone-4ffb6","service":"firebaseauth.googleapis.com"},"status":"ACTIVE","entryPoint":"onUserCreated","updateTime":"2026-02-05T15:47:52.578Z","versionId":"37","labels":{"deployment-tool":"cli-firebase","firebase-functions-hash":"601a9d2c7821ba6b3231d8b73751faf9cff534f0"},"sourceUploadUrl":"https://storage.googleapis.com/uploads-103741382100.us-central1.cloudfunctions.appspot.com/fd5f4b10-979c-4e98-8fed-6ea9b74dbfdd.zip?GoogleAccessId=service-209159062090@gcf-admin-robot.iam.gserviceaccount.com&Expires=1770309269&Signature=ilJjefXq3lJUkA84HjrpUi4RDBqk01KPGYCZQm2TsbY7Kc5SoJWKZ6CH%2B5sH1%2FgFo8Ob0g8mVzKpsLMs%2FRJtTYvlt79c8%2FB02ZDiY1J23aBqfygefWZQXpeG3n8jBejT57h%2Bxp1SWbH9ounL%2FC4OQoaUfR2%2BqoQiawPyiuSDwdVefJ%2F4lXTkPW2q73gSsxF4C2hSstsFavTDPo6PDRPOYVZhGEPamDoNzTsxIBVQ%2F8P8FbpJdZtKuZTk8FpBTGZDkh73zwA5AWegbOsbxZ7GhKcMtl1WhwgSzS%2Bd1EIVzSocbKV6II9eZZu69vhrcs7gKzowVIpwQhT3hAshnFAboQ%3D%3D","environmentVariables":{"FIREBASE_CONFIG":"{\"projectId\":\"moonstone-4ffb6\",\"storageBucket\":\"moonstone-4ffb6.firebasestorage.app\"}","GCLOUD_PROJECT":"moonstone-4ffb6","EVENTARC_CLOUD_EVENT_SOURCE":"projects/moonstone-4ffb6/locations/us-central1/functions/onUserCreated"},"runtime":"nodejs20","buildId":"69f59c75-70a9-4043-acf7-a346c1545c96","buildEnvironmentVariables":{"GOOGLE_NODE_RUN_SCRIPTS":""},"buildName":"projects/209159062090/locations/us-central1/builds/69f59c75-70a9-4043-acf7-a346c1545c96","dockerRegistry":"ARTIFACT_REGISTRY","automaticUpdatePolicy":{},"buildServiceAccount":"projects/moonstone-4ffb6/serviceAccounts/209159062090-compute@developer.gserviceaccount.com"},"versionId":"38","updateTime":"2026-02-05T16:04:30Z","buildId":"8baebbba-7ede-4b99-ba2a-42efc01e5585","buildName":"projects/209159062090/locations/us-central1/builds/8baebbba-7ede-4b99-ba2a-42efc01e5585"}}
[debug] [2026-02-05T16:05:50.340Z] [update-default-us-central1-previewVoice] Retrying task index 0
[debug] [2026-02-05T16:05:50.340Z] Checked if tokens are valid: true, expires at: 1770308555729
[debug] [2026-02-05T16:05:50.340Z] Checked if tokens are valid: true, expires at: 1770308555729
[debug] [2026-02-05T16:05:50.340Z] >>> [apiv2][query] GET https://cloudfunctions.googleapis.com/v2/projects/moonstone-4ffb6/locations/us-central1/operations/operation-1770307469925-64a15d3e35c8e-39a3132d-d1ed5cc7 [none]
[debug] [2026-02-05T16:05:50.512Z] <<< [apiv2][status] GET https://cloudfunctions.googleapis.com/v2/projects/moonstone-4ffb6/locations/us-central1/operations/operation-1770307469925-64a15d3e35c8e-39a3132d-d1ed5cc7 200
[debug] [2026-02-05T16:05:50.512Z] <<< [apiv2][body] GET https://cloudfunctions.googleapis.com/v2/projects/moonstone-4ffb6/locations/us-central1/operations/operation-1770307469925-64a15d3e35c8e-39a3132d-d1ed5cc7 {"name":"projects/moonstone-4ffb6/locations/us-central1/operations/operation-1770307469925-64a15d3e35c8e-39a3132d-d1ed5cc7","metadata":{"@type":"type.googleapis.com/google.cloud.functions.v2.OperationMetadata","createTime":"2026-02-05T16:04:30.622575670Z","target":"projects/moonstone-4ffb6/locations/us-central1/functions/previewVoice","verb":"update","cancelRequested":false,"apiVersion":"v2","requestResource":{"@type":"type.googleapis.com/google.cloud.functions.v2.Function","name":"projects/moonstone-4ffb6/locations/us-central1/functions/previewVoice","buildConfig":{"runtime":"nodejs20","entryPoint":"previewVoice","source":{"storageSource":{"bucket":"gcf-v2-sources-209159062090-us-central1","object":"previewVoice/function-source.zip","generation":"1770307470574217"}},"environmentVariables":{"GOOGLE_NODE_RUN_SCRIPTS":""},"dockerRepository":"projects/moonstone-4ffb6/locations/us-central1/repositories/gcf-artifacts","sourceProvenance":{"resolvedStorageSource":{"bucket":"gcf-v2-sources-209159062090-us-central1","object":"previewVoice/function-source.zip","generation":"1770306322040150"}},"dockerRegistry":"ARTIFACT_REGISTRY","serviceAccount":"projects/moonstone-4ffb6/serviceAccounts/209159062090-compute@developer.gserviceaccount.com","automaticUpdatePolicy":{}},"serviceConfig":{"service":"projects/moonstone-4ffb6/locations/us-central1/services/previewvoice","timeoutSeconds":60,"environmentVariables":{"FIREBASE_CONFIG":"{\"projectId\":\"moonstone-4ffb6\",\"storageBucket\":\"moonstone-4ffb6.firebasestorage.app\"}","GCLOUD_PROJECT":"moonstone-4ffb6","EVENTARC_CLOUD_EVENT_SOURCE":"projects/moonstone-4ffb6/locations/us-central1/services/previewVoice","FUNCTION_TARGET":"previewVoice","LOG_EXECUTION_ID":"true"},"ingressSettings":"ALLOW_ALL","uri":"https://previewvoice-cblu2dsagq-uc.a.run.app","serviceAccountEmail":"209159062090-compute@developer.gserviceaccount.com","availableMemory":"512Mi","allTrafficOnLatestRevision":true,"revision":"previewvoice-00027-vif","maxInstanceRequestConcurrency":80,"availableCpu":"1"},"state":"ACTIVE","labels":{"deployment-tool":"cli-firebase","deployment-callable":"true","firebase-functions-hash":"7bbeefe44dd2fb04675612dc9aa4e05f050b0b2b"},"environment":"GEN_2","url":"https://us-central1-moonstone-4ffb6.cloudfunctions.net/previewVoice","satisfiesPzi":true},"stages":[{"name":"BUILD","message":"Build in progress","state":"IN_PROGRESS","resource":"projects/209159062090/locations/us-central1/builds/68bd7e82-b514-403f-9791-758372b59bcb","resourceUri":"https://console.cloud.google.com/cloud-build/builds;region=us-central1/68bd7e82-b514-403f-9791-758372b59bcb?project=209159062090"},{"name":"SERVICE","state":"NOT_STARTED"}],"operationType":"UPDATE_FUNCTION","buildName":"projects/209159062090/locations/us-central1/builds/68bd7e82-b514-403f-9791-758372b59bcb"},"done":false}
[debug] [2026-02-05T16:05:50.609Z] [update-default-us-central1-createStory] Retrying task index 0
[debug] [2026-02-05T16:05:50.609Z] Checked if tokens are valid: true, expires at: 1770308555729
[debug] [2026-02-05T16:05:50.609Z] Checked if tokens are valid: true, expires at: 1770308555729
[debug] [2026-02-05T16:05:50.609Z] >>> [apiv2][query] GET https://cloudfunctions.googleapis.com/v2/projects/moonstone-4ffb6/locations/us-central1/operations/operation-1770307469959-64a15d3e3e1e3-9c651303-a65010cb [none]
[debug] [2026-02-05T16:05:50.717Z] [update-default-us-central1-addToLibrary] Retrying task index 0
[debug] [2026-02-05T16:05:50.717Z] Checked if tokens are valid: true, expires at: 1770308555729
[debug] [2026-02-05T16:05:50.717Z] Checked if tokens are valid: true, expires at: 1770308555729
[debug] [2026-02-05T16:05:50.717Z] >>> [apiv2][query] GET https://cloudfunctions.googleapis.com/v2/projects/moonstone-4ffb6/locations/us-central1/operations/operation-1770307469884-64a15d3e2bb4b-a5861e88-08d66d81 [none]
[debug] [2026-02-05T16:05:50.823Z] <<< [apiv2][status] GET https://cloudfunctions.googleapis.com/v2/projects/moonstone-4ffb6/locations/us-central1/operations/operation-1770307469959-64a15d3e3e1e3-9c651303-a65010cb 200
[debug] [2026-02-05T16:05:50.823Z] <<< [apiv2][body] GET https://cloudfunctions.googleapis.com/v2/projects/moonstone-4ffb6/locations/us-central1/operations/operation-1770307469959-64a15d3e3e1e3-9c651303-a65010cb {"name":"projects/moonstone-4ffb6/locations/us-central1/operations/operation-1770307469959-64a15d3e3e1e3-9c651303-a65010cb","metadata":{"@type":"type.googleapis.com/google.cloud.functions.v2.OperationMetadata","createTime":"2026-02-05T16:04:30.622741317Z","target":"projects/moonstone-4ffb6/locations/us-central1/functions/createStory","verb":"update","cancelRequested":false,"apiVersion":"v2","requestResource":{"@type":"type.googleapis.com/google.cloud.functions.v2.Function","name":"projects/moonstone-4ffb6/locations/us-central1/functions/createStory","buildConfig":{"runtime":"nodejs20","entryPoint":"createStory","source":{"storageSource":{"bucket":"gcf-v2-sources-209159062090-us-central1","object":"createStory/function-source.zip","generation":"1770307470571183"}},"environmentVariables":{"GOOGLE_NODE_RUN_SCRIPTS":""},"dockerRepository":"projects/moonstone-4ffb6/locations/us-central1/repositories/gcf-artifacts","sourceProvenance":{"resolvedStorageSource":{"bucket":"gcf-v2-sources-209159062090-us-central1","object":"createStory/function-source.zip","generation":"1770306322005926"}},"dockerRegistry":"ARTIFACT_REGISTRY","serviceAccount":"projects/moonstone-4ffb6/serviceAccounts/209159062090-compute@developer.gserviceaccount.com","automaticUpdatePolicy":{}},"serviceConfig":{"service":"projects/moonstone-4ffb6/locations/us-central1/services/createstory","timeoutSeconds":540,"environmentVariables":{"FIREBASE_CONFIG":"{\"projectId\":\"moonstone-4ffb6\",\"storageBucket\":\"moonstone-4ffb6.firebasestorage.app\"}","GCLOUD_PROJECT":"moonstone-4ffb6","EVENTARC_CLOUD_EVENT_SOURCE":"projects/moonstone-4ffb6/locations/us-central1/services/createStory","FUNCTION_TARGET":"createStory","LOG_EXECUTION_ID":"true"},"ingressSettings":"ALLOW_ALL","uri":"https://createstory-cblu2dsagq-uc.a.run.app","serviceAccountEmail":"209159062090-compute@developer.gserviceaccount.com","availableMemory":"1024Mi","allTrafficOnLatestRevision":true,"revision":"createstory-00062-lel","maxInstanceRequestConcurrency":80,"availableCpu":"1"},"state":"ACTIVE","labels":{"deployment-tool":"cli-firebase","deployment-callable":"true","firebase-functions-hash":"7bbeefe44dd2fb04675612dc9aa4e05f050b0b2b"},"environment":"GEN_2","url":"https://us-central1-moonstone-4ffb6.cloudfunctions.net/createStory","satisfiesPzi":true},"stages":[{"name":"BUILD","message":"Build in progress","state":"IN_PROGRESS","resource":"projects/209159062090/locations/us-central1/builds/25c50249-3a7d-44ac-a749-66cd96fd1a69","resourceUri":"https://console.cloud.google.com/cloud-build/builds;region=us-central1/25c50249-3a7d-44ac-a749-66cd96fd1a69?project=209159062090"},{"name":"SERVICE","state":"NOT_STARTED"}],"operationType":"UPDATE_FUNCTION","buildName":"projects/209159062090/locations/us-central1/builds/25c50249-3a7d-44ac-a749-66cd96fd1a69"},"done":false}
[debug] [2026-02-05T16:05:50.945Z] <<< [apiv2][status] GET https://cloudfunctions.googleapis.com/v2/projects/moonstone-4ffb6/locations/us-central1/operations/operation-1770307469884-64a15d3e2bb4b-a5861e88-08d66d81 200
[debug] [2026-02-05T16:05:50.945Z] <<< [apiv2][body] GET https://cloudfunctions.googleapis.com/v2/projects/moonstone-4ffb6/locations/us-central1/operations/operation-1770307469884-64a15d3e2bb4b-a5861e88-08d66d81 {"name":"projects/moonstone-4ffb6/locations/us-central1/operations/operation-1770307469884-64a15d3e2bb4b-a5861e88-08d66d81","metadata":{"@type":"type.googleapis.com/google.cloud.functions.v2.OperationMetadata","createTime":"2026-02-05T16:04:30.602082585Z","target":"projects/moonstone-4ffb6/locations/us-central1/functions/addToLibrary","verb":"update","cancelRequested":false,"apiVersion":"v2","requestResource":{"@type":"type.googleapis.com/google.cloud.functions.v2.Function","name":"projects/moonstone-4ffb6/locations/us-central1/functions/addToLibrary","buildConfig":{"runtime":"nodejs20","entryPoint":"addToLibrary","source":{"storageSource":{"bucket":"gcf-v2-sources-209159062090-us-central1","object":"addToLibrary/function-source.zip","generation":"1770307470546449"}},"environmentVariables":{"GOOGLE_NODE_RUN_SCRIPTS":""},"dockerRepository":"projects/moonstone-4ffb6/locations/us-central1/repositories/gcf-artifacts","sourceProvenance":{"resolvedStorageSource":{"bucket":"gcf-v2-sources-209159062090-us-central1","object":"addToLibrary/function-source.zip","generation":"1770306321990882"}},"dockerRegistry":"ARTIFACT_REGISTRY","serviceAccount":"projects/moonstone-4ffb6/serviceAccounts/209159062090-compute@developer.gserviceaccount.com","automaticUpdatePolicy":{}},"serviceConfig":{"service":"projects/moonstone-4ffb6/locations/us-central1/services/addtolibrary","timeoutSeconds":60,"environmentVariables":{"FIREBASE_CONFIG":"{\"projectId\":\"moonstone-4ffb6\",\"storageBucket\":\"moonstone-4ffb6.firebasestorage.app\"}","GCLOUD_PROJECT":"moonstone-4ffb6","EVENTARC_CLOUD_EVENT_SOURCE":"projects/moonstone-4ffb6/locations/us-central1/services/addToLibrary","FUNCTION_TARGET":"addToLibrary","LOG_EXECUTION_ID":"true","FUNCTION_SIGNATURE_TYPE":"http"},"ingressSettings":"ALLOW_ALL","uri":"https://addtolibrary-cblu2dsagq-uc.a.run.app","serviceAccountEmail":"209159062090-compute@developer.gserviceaccount.com","availableMemory":"256Mi","allTrafficOnLatestRevision":true,"revision":"addtolibrary-00036-zum","maxInstanceRequestConcurrency":80,"availableCpu":"1"},"state":"ACTIVE","labels":{"deployment-tool":"cloudfunctions","deployment-callable":"true","firebase-functions-hash":"7bbeefe44dd2fb04675612dc9aa4e05f050b0b2b"},"environment":"GEN_2","url":"https://us-central1-moonstone-4ffb6.cloudfunctions.net/addToLibrary","satisfiesPzi":true},"stages":[{"name":"BUILD","message":"Build in progress","state":"IN_PROGRESS","resource":"projects/209159062090/locations/us-central1/builds/ee4e2110-d135-4dd6-9e8b-4bdd6d27be6d","resourceUri":"https://console.cloud.google.com/cloud-build/builds;region=us-central1/ee4e2110-d135-4dd6-9e8b-4bdd6d27be6d?project=209159062090"},{"name":"SERVICE","state":"NOT_STARTED"}],"operationType":"UPDATE_FUNCTION","buildName":"projects/209159062090/locations/us-central1/builds/ee4e2110-d135-4dd6-9e8b-4bdd6d27be6d"},"done":false}
[debug] [2026-02-05T16:05:59.965Z] [update-default-us-central1-onUserCreated] Retrying task index 0
[debug] [2026-02-05T16:05:59.965Z] Checked if tokens are valid: true, expires at: 1770308555729
[debug] [2026-02-05T16:05:59.965Z] Checked if tokens are valid: true, expires at: 1770308555729
[debug] [2026-02-05T16:05:59.965Z] >>> [apiv2][query] GET https://cloudfunctions.googleapis.com/v1/operations/bW9vbnN0b25lLTRmZmI2L3VzLWNlbnRyYWwxL29uVXNlckNyZWF0ZWQvWjJ5VTQwUjBZakE [none]
[debug] [2026-02-05T16:06:00.117Z] <<< [apiv2][status] GET https://cloudfunctions.googleapis.com/v1/operations/bW9vbnN0b25lLTRmZmI2L3VzLWNlbnRyYWwxL29uVXNlckNyZWF0ZWQvWjJ5VTQwUjBZakE 200
[debug] [2026-02-05T16:06:00.117Z] <<< [apiv2][body] GET https://cloudfunctions.googleapis.com/v1/operations/bW9vbnN0b25lLTRmZmI2L3VzLWNlbnRyYWwxL29uVXNlckNyZWF0ZWQvWjJ5VTQwUjBZakE {"name":"operations/bW9vbnN0b25lLTRmZmI2L3VzLWNlbnRyYWwxL29uVXNlckNyZWF0ZWQvWjJ5VTQwUjBZakE","metadata":{"@type":"type.googleapis.com/google.cloud.functions.v1.OperationMetadataV1","target":"projects/moonstone-4ffb6/locations/us-central1/functions/onUserCreated","type":"UPDATE_FUNCTION","request":{"@type":"type.googleapis.com/google.cloud.functions.v1.CloudFunction","name":"projects/moonstone-4ffb6/locations/us-central1/functions/onUserCreated","eventTrigger":{"eventType":"providers/firebase.auth/eventTypes/user.create","resource":"projects/moonstone-4ffb6","service":"firebaseauth.googleapis.com"},"status":"ACTIVE","entryPoint":"onUserCreated","updateTime":"2026-02-05T15:47:52.578Z","versionId":"37","labels":{"deployment-tool":"cli-firebase","firebase-functions-hash":"601a9d2c7821ba6b3231d8b73751faf9cff534f0"},"sourceUploadUrl":"https://storage.googleapis.com/uploads-103741382100.us-central1.cloudfunctions.appspot.com/fd5f4b10-979c-4e98-8fed-6ea9b74dbfdd.zip?GoogleAccessId=service-209159062090@gcf-admin-robot.iam.gserviceaccount.com&Expires=1770309269&Signature=ilJjefXq3lJUkA84HjrpUi4RDBqk01KPGYCZQm2TsbY7Kc5SoJWKZ6CH%2B5sH1%2FgFo8Ob0g8mVzKpsLMs%2FRJtTYvlt79c8%2FB02ZDiY1J23aBqfygefWZQXpeG3n8jBejT57h%2Bxp1SWbH9ounL%2FC4OQoaUfR2%2BqoQiawPyiuSDwdVefJ%2F4lXTkPW2q73gSsxF4C2hSstsFavTDPo6PDRPOYVZhGEPamDoNzTsxIBVQ%2F8P8FbpJdZtKuZTk8FpBTGZDkh73zwA5AWegbOsbxZ7GhKcMtl1WhwgSzS%2Bd1EIVzSocbKV6II9eZZu69vhrcs7gKzowVIpwQhT3hAshnFAboQ%3D%3D","environmentVariables":{"FIREBASE_CONFIG":"{\"projectId\":\"moonstone-4ffb6\",\"storageBucket\":\"moonstone-4ffb6.firebasestorage.app\"}","GCLOUD_PROJECT":"moonstone-4ffb6","EVENTARC_CLOUD_EVENT_SOURCE":"projects/moonstone-4ffb6/locations/us-central1/functions/onUserCreated"},"runtime":"nodejs20","buildId":"69f59c75-70a9-4043-acf7-a346c1545c96","buildEnvironmentVariables":{"GOOGLE_NODE_RUN_SCRIPTS":""},"buildName":"projects/209159062090/locations/us-central1/builds/69f59c75-70a9-4043-acf7-a346c1545c96","dockerRegistry":"ARTIFACT_REGISTRY","automaticUpdatePolicy":{},"buildServiceAccount":"projects/moonstone-4ffb6/serviceAccounts/209159062090-compute@developer.gserviceaccount.com"},"versionId":"38","updateTime":"2026-02-05T16:04:30Z","buildId":"8baebbba-7ede-4b99-ba2a-42efc01e5585","buildName":"projects/209159062090/locations/us-central1/builds/8baebbba-7ede-4b99-ba2a-42efc01e5585"}}
[debug] [2026-02-05T16:06:00.523Z] [update-default-us-central1-previewVoice] Retrying task index 0
[debug] [2026-02-05T16:06:00.523Z] Checked if tokens are valid: true, expires at: 1770308555729
[debug] [2026-02-05T16:06:00.523Z] Checked if tokens are valid: true, expires at: 1770308555729
[debug] [2026-02-05T16:06:00.523Z] >>> [apiv2][query] GET https://cloudfunctions.googleapis.com/v2/projects/moonstone-4ffb6/locations/us-central1/operations/operation-1770307469925-64a15d3e35c8e-39a3132d-d1ed5cc7 [none]
[debug] [2026-02-05T16:06:00.722Z] <<< [apiv2][status] GET https://cloudfunctions.googleapis.com/v2/projects/moonstone-4ffb6/locations/us-central1/operations/operation-1770307469925-64a15d3e35c8e-39a3132d-d1ed5cc7 200
[debug] [2026-02-05T16:06:00.722Z] <<< [apiv2][body] GET https://cloudfunctions.googleapis.com/v2/projects/moonstone-4ffb6/locations/us-central1/operations/operation-1770307469925-64a15d3e35c8e-39a3132d-d1ed5cc7 {"name":"projects/moonstone-4ffb6/locations/us-central1/operations/operation-1770307469925-64a15d3e35c8e-39a3132d-d1ed5cc7","metadata":{"@type":"type.googleapis.com/google.cloud.functions.v2.OperationMetadata","createTime":"2026-02-05T16:04:30.622575670Z","target":"projects/moonstone-4ffb6/locations/us-central1/functions/previewVoice","verb":"update","cancelRequested":false,"apiVersion":"v2","requestResource":{"@type":"type.googleapis.com/google.cloud.functions.v2.Function","name":"projects/moonstone-4ffb6/locations/us-central1/functions/previewVoice","buildConfig":{"runtime":"nodejs20","entryPoint":"previewVoice","source":{"storageSource":{"bucket":"gcf-v2-sources-209159062090-us-central1","object":"previewVoice/function-source.zip","generation":"1770307470574217"}},"environmentVariables":{"GOOGLE_NODE_RUN_SCRIPTS":""},"dockerRepository":"projects/moonstone-4ffb6/locations/us-central1/repositories/gcf-artifacts","sourceProvenance":{"resolvedStorageSource":{"bucket":"gcf-v2-sources-209159062090-us-central1","object":"previewVoice/function-source.zip","generation":"1770306322040150"}},"dockerRegistry":"ARTIFACT_REGISTRY","serviceAccount":"projects/moonstone-4ffb6/serviceAccounts/209159062090-compute@developer.gserviceaccount.com","automaticUpdatePolicy":{}},"serviceConfig":{"service":"projects/moonstone-4ffb6/locations/us-central1/services/previewvoice","timeoutSeconds":60,"environmentVariables":{"FIREBASE_CONFIG":"{\"projectId\":\"moonstone-4ffb6\",\"storageBucket\":\"moonstone-4ffb6.firebasestorage.app\"}","GCLOUD_PROJECT":"moonstone-4ffb6","EVENTARC_CLOUD_EVENT_SOURCE":"projects/moonstone-4ffb6/locations/us-central1/services/previewVoice","FUNCTION_TARGET":"previewVoice","LOG_EXECUTION_ID":"true"},"ingressSettings":"ALLOW_ALL","uri":"https://previewvoice-cblu2dsagq-uc.a.run.app","serviceAccountEmail":"209159062090-compute@developer.gserviceaccount.com","availableMemory":"512Mi","allTrafficOnLatestRevision":true,"revision":"previewvoice-00027-vif","maxInstanceRequestConcurrency":80,"availableCpu":"1"},"state":"ACTIVE","labels":{"deployment-tool":"cli-firebase","deployment-callable":"true","firebase-functions-hash":"7bbeefe44dd2fb04675612dc9aa4e05f050b0b2b"},"environment":"GEN_2","url":"https://us-central1-moonstone-4ffb6.cloudfunctions.net/previewVoice","satisfiesPzi":true},"stages":[{"name":"BUILD","message":"Build in progress","state":"IN_PROGRESS","resource":"projects/209159062090/locations/us-central1/builds/68bd7e82-b514-403f-9791-758372b59bcb","resourceUri":"https://console.cloud.google.com/cloud-build/builds;region=us-central1/68bd7e82-b514-403f-9791-758372b59bcb?project=209159062090"},{"name":"SERVICE","state":"NOT_STARTED"}],"operationType":"UPDATE_FUNCTION","buildName":"projects/209159062090/locations/us-central1/builds/68bd7e82-b514-403f-9791-758372b59bcb"},"done":false}
[debug] [2026-02-05T16:06:00.835Z] [update-default-us-central1-createStory] Retrying task index 0
[debug] [2026-02-05T16:06:00.835Z] Checked if tokens are valid: true, expires at: 1770308555729
[debug] [2026-02-05T16:06:00.835Z] Checked if tokens are valid: true, expires at: 1770308555729
[debug] [2026-02-05T16:06:00.835Z] >>> [apiv2][query] GET https://cloudfunctions.googleapis.com/v2/projects/moonstone-4ffb6/locations/us-central1/operations/operation-1770307469959-64a15d3e3e1e3-9c651303-a65010cb [none]
[debug] [2026-02-05T16:06:00.958Z] [update-default-us-central1-addToLibrary] Retrying task index 0
[debug] [2026-02-05T16:06:00.959Z] Checked if tokens are valid: true, expires at: 1770308555729
[debug] [2026-02-05T16:06:00.959Z] Checked if tokens are valid: true, expires at: 1770308555729
[debug] [2026-02-05T16:06:00.959Z] >>> [apiv2][query] GET https://cloudfunctions.googleapis.com/v2/projects/moonstone-4ffb6/locations/us-central1/operations/operation-1770307469884-64a15d3e2bb4b-a5861e88-08d66d81 [none]
[debug] [2026-02-05T16:06:01.037Z] <<< [apiv2][status] GET https://cloudfunctions.googleapis.com/v2/projects/moonstone-4ffb6/locations/us-central1/operations/operation-1770307469959-64a15d3e3e1e3-9c651303-a65010cb 200
[debug] [2026-02-05T16:06:01.037Z] <<< [apiv2][body] GET https://cloudfunctions.googleapis.com/v2/projects/moonstone-4ffb6/locations/us-central1/operations/operation-1770307469959-64a15d3e3e1e3-9c651303-a65010cb {"name":"projects/moonstone-4ffb6/locations/us-central1/operations/operation-1770307469959-64a15d3e3e1e3-9c651303-a65010cb","metadata":{"@type":"type.googleapis.com/google.cloud.functions.v2.OperationMetadata","createTime":"2026-02-05T16:04:30.622741317Z","target":"projects/moonstone-4ffb6/locations/us-central1/functions/createStory","verb":"update","cancelRequested":false,"apiVersion":"v2","requestResource":{"@type":"type.googleapis.com/google.cloud.functions.v2.Function","name":"projects/moonstone-4ffb6/locations/us-central1/functions/createStory","buildConfig":{"runtime":"nodejs20","entryPoint":"createStory","source":{"storageSource":{"bucket":"gcf-v2-sources-209159062090-us-central1","object":"createStory/function-source.zip","generation":"1770307470571183"}},"environmentVariables":{"GOOGLE_NODE_RUN_SCRIPTS":""},"dockerRepository":"projects/moonstone-4ffb6/locations/us-central1/repositories/gcf-artifacts","sourceProvenance":{"resolvedStorageSource":{"bucket":"gcf-v2-sources-209159062090-us-central1","object":"createStory/function-source.zip","generation":"1770306322005926"}},"dockerRegistry":"ARTIFACT_REGISTRY","serviceAccount":"projects/moonstone-4ffb6/serviceAccounts/209159062090-compute@developer.gserviceaccount.com","automaticUpdatePolicy":{}},"serviceConfig":{"service":"projects/moonstone-4ffb6/locations/us-central1/services/createstory","timeoutSeconds":540,"environmentVariables":{"FIREBASE_CONFIG":"{\"projectId\":\"moonstone-4ffb6\",\"storageBucket\":\"moonstone-4ffb6.firebasestorage.app\"}","GCLOUD_PROJECT":"moonstone-4ffb6","EVENTARC_CLOUD_EVENT_SOURCE":"projects/moonstone-4ffb6/locations/us-central1/services/createStory","FUNCTION_TARGET":"createStory","LOG_EXECUTION_ID":"true"},"ingressSettings":"ALLOW_ALL","uri":"https://createstory-cblu2dsagq-uc.a.run.app","serviceAccountEmail":"209159062090-compute@developer.gserviceaccount.com","availableMemory":"1024Mi","allTrafficOnLatestRevision":true,"revision":"createstory-00062-lel","maxInstanceRequestConcurrency":80,"availableCpu":"1"},"state":"ACTIVE","labels":{"deployment-tool":"cli-firebase","deployment-callable":"true","firebase-functions-hash":"7bbeefe44dd2fb04675612dc9aa4e05f050b0b2b"},"environment":"GEN_2","url":"https://us-central1-moonstone-4ffb6.cloudfunctions.net/createStory","satisfiesPzi":true},"stages":[{"name":"BUILD","message":"Build in progress","state":"IN_PROGRESS","resource":"projects/209159062090/locations/us-central1/builds/25c50249-3a7d-44ac-a749-66cd96fd1a69","resourceUri":"https://console.cloud.google.com/cloud-build/builds;region=us-central1/25c50249-3a7d-44ac-a749-66cd96fd1a69?project=209159062090"},{"name":"SERVICE","state":"NOT_STARTED"}],"operationType":"UPDATE_FUNCTION","buildName":"projects/209159062090/locations/us-central1/builds/25c50249-3a7d-44ac-a749-66cd96fd1a69"},"done":false}
[debug] [2026-02-05T16:06:01.179Z] <<< [apiv2][status] GET https://cloudfunctions.googleapis.com/v2/projects/moonstone-4ffb6/locations/us-central1/operations/operation-1770307469884-64a15d3e2bb4b-a5861e88-08d66d81 200
[debug] [2026-02-05T16:06:01.179Z] <<< [apiv2][body] GET https://cloudfunctions.googleapis.com/v2/projects/moonstone-4ffb6/locations/us-central1/operations/operation-1770307469884-64a15d3e2bb4b-a5861e88-08d66d81 {"name":"projects/moonstone-4ffb6/locations/us-central1/operations/operation-1770307469884-64a15d3e2bb4b-a5861e88-08d66d81","metadata":{"@type":"type.googleapis.com/google.cloud.functions.v2.OperationMetadata","createTime":"2026-02-05T16:04:30.602082585Z","target":"projects/moonstone-4ffb6/locations/us-central1/functions/addToLibrary","verb":"update","cancelRequested":false,"apiVersion":"v2","requestResource":{"@type":"type.googleapis.com/google.cloud.functions.v2.Function","name":"projects/moonstone-4ffb6/locations/us-central1/functions/addToLibrary","buildConfig":{"runtime":"nodejs20","entryPoint":"addToLibrary","source":{"storageSource":{"bucket":"gcf-v2-sources-209159062090-us-central1","object":"addToLibrary/function-source.zip","generation":"1770307470546449"}},"environmentVariables":{"GOOGLE_NODE_RUN_SCRIPTS":""},"dockerRepository":"projects/moonstone-4ffb6/locations/us-central1/repositories/gcf-artifacts","sourceProvenance":{"resolvedStorageSource":{"bucket":"gcf-v2-sources-209159062090-us-central1","object":"addToLibrary/function-source.zip","generation":"1770306321990882"}},"dockerRegistry":"ARTIFACT_REGISTRY","serviceAccount":"projects/moonstone-4ffb6/serviceAccounts/209159062090-compute@developer.gserviceaccount.com","automaticUpdatePolicy":{}},"serviceConfig":{"service":"projects/moonstone-4ffb6/locations/us-central1/services/addtolibrary","timeoutSeconds":60,"environmentVariables":{"FIREBASE_CONFIG":"{\"projectId\":\"moonstone-4ffb6\",\"storageBucket\":\"moonstone-4ffb6.firebasestorage.app\"}","GCLOUD_PROJECT":"moonstone-4ffb6","EVENTARC_CLOUD_EVENT_SOURCE":"projects/moonstone-4ffb6/locations/us-central1/services/addToLibrary","FUNCTION_TARGET":"addToLibrary","LOG_EXECUTION_ID":"true","FUNCTION_SIGNATURE_TYPE":"http"},"ingressSettings":"ALLOW_ALL","uri":"https://addtolibrary-cblu2dsagq-uc.a.run.app","serviceAccountEmail":"209159062090-compute@developer.gserviceaccount.com","availableMemory":"256Mi","allTrafficOnLatestRevision":true,"revision":"addtolibrary-00036-zum","maxInstanceRequestConcurrency":80,"availableCpu":"1"},"state":"ACTIVE","labels":{"deployment-tool":"cloudfunctions","deployment-callable":"true","firebase-functions-hash":"7bbeefe44dd2fb04675612dc9aa4e05f050b0b2b"},"environment":"GEN_2","url":"https://us-central1-moonstone-4ffb6.cloudfunctions.net/addToLibrary","satisfiesPzi":true},"stages":[{"name":"BUILD","message":"Build in progress","state":"IN_PROGRESS","resource":"projects/209159062090/locations/us-central1/builds/ee4e2110-d135-4dd6-9e8b-4bdd6d27be6d","resourceUri":"https://console.cloud.google.com/cloud-build/builds;region=us-central1/ee4e2110-d135-4dd6-9e8b-4bdd6d27be6d?project=209159062090"},{"name":"SERVICE","state":"NOT_STARTED"}],"operationType":"UPDATE_FUNCTION","buildName":"projects/209159062090/locations/us-central1/builds/ee4e2110-d135-4dd6-9e8b-4bdd6d27be6d"},"done":false}
[debug] [2026-02-05T16:06:10.120Z] [update-default-us-central1-onUserCreated] Retrying task index 0
[debug] [2026-02-05T16:06:10.121Z] Checked if tokens are valid: true, expires at: 1770308555729
[debug] [2026-02-05T16:06:10.121Z] Checked if tokens are valid: true, expires at: 1770308555729
[debug] [2026-02-05T16:06:10.121Z] >>> [apiv2][query] GET https://cloudfunctions.googleapis.com/v1/operations/bW9vbnN0b25lLTRmZmI2L3VzLWNlbnRyYWwxL29uVXNlckNyZWF0ZWQvWjJ5VTQwUjBZakE [none]
[debug] [2026-02-05T16:06:10.370Z] <<< [apiv2][status] GET https://cloudfunctions.googleapis.com/v1/operations/bW9vbnN0b25lLTRmZmI2L3VzLWNlbnRyYWwxL29uVXNlckNyZWF0ZWQvWjJ5VTQwUjBZakE 200
[debug] [2026-02-05T16:06:10.370Z] <<< [apiv2][body] GET https://cloudfunctions.googleapis.com/v1/operations/bW9vbnN0b25lLTRmZmI2L3VzLWNlbnRyYWwxL29uVXNlckNyZWF0ZWQvWjJ5VTQwUjBZakE {"name":"operations/bW9vbnN0b25lLTRmZmI2L3VzLWNlbnRyYWwxL29uVXNlckNyZWF0ZWQvWjJ5VTQwUjBZakE","metadata":{"@type":"type.googleapis.com/google.cloud.functions.v1.OperationMetadataV1","target":"projects/moonstone-4ffb6/locations/us-central1/functions/onUserCreated","type":"UPDATE_FUNCTION","request":{"@type":"type.googleapis.com/google.cloud.functions.v1.CloudFunction","name":"projects/moonstone-4ffb6/locations/us-central1/functions/onUserCreated","eventTrigger":{"eventType":"providers/firebase.auth/eventTypes/user.create","resource":"projects/moonstone-4ffb6","service":"firebaseauth.googleapis.com"},"status":"ACTIVE","entryPoint":"onUserCreated","updateTime":"2026-02-05T15:47:52.578Z","versionId":"37","labels":{"deployment-tool":"cli-firebase","firebase-functions-hash":"601a9d2c7821ba6b3231d8b73751faf9cff534f0"},"sourceUploadUrl":"https://storage.googleapis.com/uploads-103741382100.us-central1.cloudfunctions.appspot.com/fd5f4b10-979c-4e98-8fed-6ea9b74dbfdd.zip?GoogleAccessId=service-209159062090@gcf-admin-robot.iam.gserviceaccount.com&Expires=1770309269&Signature=ilJjefXq3lJUkA84HjrpUi4RDBqk01KPGYCZQm2TsbY7Kc5SoJWKZ6CH%2B5sH1%2FgFo8Ob0g8mVzKpsLMs%2FRJtTYvlt79c8%2FB02ZDiY1J23aBqfygefWZQXpeG3n8jBejT57h%2Bxp1SWbH9ounL%2FC4OQoaUfR2%2BqoQiawPyiuSDwdVefJ%2F4lXTkPW2q73gSsxF4C2hSstsFavTDPo6PDRPOYVZhGEPamDoNzTsxIBVQ%2F8P8FbpJdZtKuZTk8FpBTGZDkh73zwA5AWegbOsbxZ7GhKcMtl1WhwgSzS%2Bd1EIVzSocbKV6II9eZZu69vhrcs7gKzowVIpwQhT3hAshnFAboQ%3D%3D","environmentVariables":{"FIREBASE_CONFIG":"{\"projectId\":\"moonstone-4ffb6\",\"storageBucket\":\"moonstone-4ffb6.firebasestorage.app\"}","GCLOUD_PROJECT":"moonstone-4ffb6","EVENTARC_CLOUD_EVENT_SOURCE":"projects/moonstone-4ffb6/locations/us-central1/functions/onUserCreated"},"runtime":"nodejs20","buildId":"69f59c75-70a9-4043-acf7-a346c1545c96","buildEnvironmentVariables":{"GOOGLE_NODE_RUN_SCRIPTS":""},"buildName":"projects/209159062090/locations/us-central1/builds/69f59c75-70a9-4043-acf7-a346c1545c96","dockerRegistry":"ARTIFACT_REGISTRY","automaticUpdatePolicy":{},"buildServiceAccount":"projects/moonstone-4ffb6/serviceAccounts/209159062090-compute@developer.gserviceaccount.com"},"versionId":"38","updateTime":"2026-02-05T16:04:30Z","buildId":"8baebbba-7ede-4b99-ba2a-42efc01e5585","buildName":"projects/209159062090/locations/us-central1/builds/8baebbba-7ede-4b99-ba2a-42efc01e5585"}}
[debug] [2026-02-05T16:06:10.727Z] [update-default-us-central1-previewVoice] Retrying task index 0
[debug] [2026-02-05T16:06:10.727Z] Checked if tokens are valid: true, expires at: 1770308555729
[debug] [2026-02-05T16:06:10.727Z] Checked if tokens are valid: true, expires at: 1770308555729
[debug] [2026-02-05T16:06:10.727Z] >>> [apiv2][query] GET https://cloudfunctions.googleapis.com/v2/projects/moonstone-4ffb6/locations/us-central1/operations/operation-1770307469925-64a15d3e35c8e-39a3132d-d1ed5cc7 [none]
[debug] [2026-02-05T16:06:10.922Z] <<< [apiv2][status] GET https://cloudfunctions.googleapis.com/v2/projects/moonstone-4ffb6/locations/us-central1/operations/operation-1770307469925-64a15d3e35c8e-39a3132d-d1ed5cc7 200
[debug] [2026-02-05T16:06:10.922Z] <<< [apiv2][body] GET https://cloudfunctions.googleapis.com/v2/projects/moonstone-4ffb6/locations/us-central1/operations/operation-1770307469925-64a15d3e35c8e-39a3132d-d1ed5cc7 {"name":"projects/moonstone-4ffb6/locations/us-central1/operations/operation-1770307469925-64a15d3e35c8e-39a3132d-d1ed5cc7","metadata":{"@type":"type.googleapis.com/google.cloud.functions.v2.OperationMetadata","createTime":"2026-02-05T16:04:30.622575670Z","target":"projects/moonstone-4ffb6/locations/us-central1/functions/previewVoice","verb":"update","cancelRequested":false,"apiVersion":"v2","requestResource":{"@type":"type.googleapis.com/google.cloud.functions.v2.Function","name":"projects/moonstone-4ffb6/locations/us-central1/functions/previewVoice","buildConfig":{"runtime":"nodejs20","entryPoint":"previewVoice","source":{"storageSource":{"bucket":"gcf-v2-sources-209159062090-us-central1","object":"previewVoice/function-source.zip","generation":"1770307470574217"}},"environmentVariables":{"GOOGLE_NODE_RUN_SCRIPTS":""},"dockerRepository":"projects/moonstone-4ffb6/locations/us-central1/repositories/gcf-artifacts","sourceProvenance":{"resolvedStorageSource":{"bucket":"gcf-v2-sources-209159062090-us-central1","object":"previewVoice/function-source.zip","generation":"1770306322040150"}},"dockerRegistry":"ARTIFACT_REGISTRY","serviceAccount":"projects/moonstone-4ffb6/serviceAccounts/209159062090-compute@developer.gserviceaccount.com","automaticUpdatePolicy":{}},"serviceConfig":{"service":"projects/moonstone-4ffb6/locations/us-central1/services/previewvoice","timeoutSeconds":60,"environmentVariables":{"FIREBASE_CONFIG":"{\"projectId\":\"moonstone-4ffb6\",\"storageBucket\":\"moonstone-4ffb6.firebasestorage.app\"}","GCLOUD_PROJECT":"moonstone-4ffb6","EVENTARC_CLOUD_EVENT_SOURCE":"projects/moonstone-4ffb6/locations/us-central1/services/previewVoice","FUNCTION_TARGET":"previewVoice","LOG_EXECUTION_ID":"true"},"ingressSettings":"ALLOW_ALL","uri":"https://previewvoice-cblu2dsagq-uc.a.run.app","serviceAccountEmail":"209159062090-compute@developer.gserviceaccount.com","availableMemory":"512Mi","allTrafficOnLatestRevision":true,"revision":"previewvoice-00027-vif","maxInstanceRequestConcurrency":80,"availableCpu":"1"},"state":"ACTIVE","labels":{"deployment-tool":"cli-firebase","deployment-callable":"true","firebase-functions-hash":"7bbeefe44dd2fb04675612dc9aa4e05f050b0b2b"},"environment":"GEN_2","url":"https://us-central1-moonstone-4ffb6.cloudfunctions.net/previewVoice","satisfiesPzi":true},"stages":[{"name":"BUILD","message":"Build in progress","state":"IN_PROGRESS","resource":"projects/209159062090/locations/us-central1/builds/68bd7e82-b514-403f-9791-758372b59bcb","resourceUri":"https://console.cloud.google.com/cloud-build/builds;region=us-central1/68bd7e82-b514-403f-9791-758372b59bcb?project=209159062090"},{"name":"SERVICE","state":"NOT_STARTED"}],"operationType":"UPDATE_FUNCTION","buildName":"projects/209159062090/locations/us-central1/builds/68bd7e82-b514-403f-9791-758372b59bcb"},"done":false}
[debug] [2026-02-05T16:06:11.039Z] [update-default-us-central1-createStory] Retrying task index 0
[debug] [2026-02-05T16:06:11.039Z] Checked if tokens are valid: true, expires at: 1770308555729
[debug] [2026-02-05T16:06:11.039Z] Checked if tokens are valid: true, expires at: 1770308555729
[debug] [2026-02-05T16:06:11.039Z] >>> [apiv2][query] GET https://cloudfunctions.googleapis.com/v2/projects/moonstone-4ffb6/locations/us-central1/operations/operation-1770307469959-64a15d3e3e1e3-9c651303-a65010cb [none]
[debug] [2026-02-05T16:06:11.180Z] [update-default-us-central1-addToLibrary] Retrying task index 0
[debug] [2026-02-05T16:06:11.180Z] Checked if tokens are valid: true, expires at: 1770308555729
[debug] [2026-02-05T16:06:11.180Z] Checked if tokens are valid: true, expires at: 1770308555729
[debug] [2026-02-05T16:06:11.180Z] >>> [apiv2][query] GET https://cloudfunctions.googleapis.com/v2/projects/moonstone-4ffb6/locations/us-central1/operations/operation-1770307469884-64a15d3e2bb4b-a5861e88-08d66d81 [none]
[debug] [2026-02-05T16:06:11.235Z] <<< [apiv2][status] GET https://cloudfunctions.googleapis.com/v2/projects/moonstone-4ffb6/locations/us-central1/operations/operation-1770307469959-64a15d3e3e1e3-9c651303-a65010cb 200
[debug] [2026-02-05T16:06:11.235Z] <<< [apiv2][body] GET https://cloudfunctions.googleapis.com/v2/projects/moonstone-4ffb6/locations/us-central1/operations/operation-1770307469959-64a15d3e3e1e3-9c651303-a65010cb {"name":"projects/moonstone-4ffb6/locations/us-central1/operations/operation-1770307469959-64a15d3e3e1e3-9c651303-a65010cb","metadata":{"@type":"type.googleapis.com/google.cloud.functions.v2.OperationMetadata","createTime":"2026-02-05T16:04:30.622741317Z","target":"projects/moonstone-4ffb6/locations/us-central1/functions/createStory","verb":"update","cancelRequested":false,"apiVersion":"v2","requestResource":{"@type":"type.googleapis.com/google.cloud.functions.v2.Function","name":"projects/moonstone-4ffb6/locations/us-central1/functions/createStory","buildConfig":{"runtime":"nodejs20","entryPoint":"createStory","source":{"storageSource":{"bucket":"gcf-v2-sources-209159062090-us-central1","object":"createStory/function-source.zip","generation":"1770307470571183"}},"environmentVariables":{"GOOGLE_NODE_RUN_SCRIPTS":""},"dockerRepository":"projects/moonstone-4ffb6/locations/us-central1/repositories/gcf-artifacts","sourceProvenance":{"resolvedStorageSource":{"bucket":"gcf-v2-sources-209159062090-us-central1","object":"createStory/function-source.zip","generation":"1770306322005926"}},"dockerRegistry":"ARTIFACT_REGISTRY","serviceAccount":"projects/moonstone-4ffb6/serviceAccounts/209159062090-compute@developer.gserviceaccount.com","automaticUpdatePolicy":{}},"serviceConfig":{"service":"projects/moonstone-4ffb6/locations/us-central1/services/createstory","timeoutSeconds":540,"environmentVariables":{"FIREBASE_CONFIG":"{\"projectId\":\"moonstone-4ffb6\",\"storageBucket\":\"moonstone-4ffb6.firebasestorage.app\"}","GCLOUD_PROJECT":"moonstone-4ffb6","EVENTARC_CLOUD_EVENT_SOURCE":"projects/moonstone-4ffb6/locations/us-central1/services/createStory","FUNCTION_TARGET":"createStory","LOG_EXECUTION_ID":"true"},"ingressSettings":"ALLOW_ALL","uri":"https://createstory-cblu2dsagq-uc.a.run.app","serviceAccountEmail":"209159062090-compute@developer.gserviceaccount.com","availableMemory":"1024Mi","allTrafficOnLatestRevision":true,"revision":"createstory-00062-lel","maxInstanceRequestConcurrency":80,"availableCpu":"1"},"state":"ACTIVE","labels":{"deployment-tool":"cli-firebase","deployment-callable":"true","firebase-functions-hash":"7bbeefe44dd2fb04675612dc9aa4e05f050b0b2b"},"environment":"GEN_2","url":"https://us-central1-moonstone-4ffb6.cloudfunctions.net/createStory","satisfiesPzi":true},"stages":[{"name":"BUILD","message":"Build in progress","state":"IN_PROGRESS","resource":"projects/209159062090/locations/us-central1/builds/25c50249-3a7d-44ac-a749-66cd96fd1a69","resourceUri":"https://console.cloud.google.com/cloud-build/builds;region=us-central1/25c50249-3a7d-44ac-a749-66cd96fd1a69?project=209159062090"},{"name":"SERVICE","state":"NOT_STARTED"}],"operationType":"UPDATE_FUNCTION","buildName":"projects/209159062090/locations/us-central1/builds/25c50249-3a7d-44ac-a749-66cd96fd1a69"},"done":false}
[debug] [2026-02-05T16:06:11.431Z] <<< [apiv2][status] GET https://cloudfunctions.googleapis.com/v2/projects/moonstone-4ffb6/locations/us-central1/operations/operation-1770307469884-64a15d3e2bb4b-a5861e88-08d66d81 200
[debug] [2026-02-05T16:06:11.432Z] <<< [apiv2][body] GET https://cloudfunctions.googleapis.com/v2/projects/moonstone-4ffb6/locations/us-central1/operations/operation-1770307469884-64a15d3e2bb4b-a5861e88-08d66d81 {"name":"projects/moonstone-4ffb6/locations/us-central1/operations/operation-1770307469884-64a15d3e2bb4b-a5861e88-08d66d81","metadata":{"@type":"type.googleapis.com/google.cloud.functions.v2.OperationMetadata","createTime":"2026-02-05T16:04:30.602082585Z","target":"projects/moonstone-4ffb6/locations/us-central1/functions/addToLibrary","verb":"update","cancelRequested":false,"apiVersion":"v2","requestResource":{"@type":"type.googleapis.com/google.cloud.functions.v2.Function","name":"projects/moonstone-4ffb6/locations/us-central1/functions/addToLibrary","buildConfig":{"runtime":"nodejs20","entryPoint":"addToLibrary","source":{"storageSource":{"bucket":"gcf-v2-sources-209159062090-us-central1","object":"addToLibrary/function-source.zip","generation":"1770307470546449"}},"environmentVariables":{"GOOGLE_NODE_RUN_SCRIPTS":""},"dockerRepository":"projects/moonstone-4ffb6/locations/us-central1/repositories/gcf-artifacts","sourceProvenance":{"resolvedStorageSource":{"bucket":"gcf-v2-sources-209159062090-us-central1","object":"addToLibrary/function-source.zip","generation":"1770306321990882"}},"dockerRegistry":"ARTIFACT_REGISTRY","serviceAccount":"projects/moonstone-4ffb6/serviceAccounts/209159062090-compute@developer.gserviceaccount.com","automaticUpdatePolicy":{}},"serviceConfig":{"service":"projects/moonstone-4ffb6/locations/us-central1/services/addtolibrary","timeoutSeconds":60,"environmentVariables":{"FIREBASE_CONFIG":"{\"projectId\":\"moonstone-4ffb6\",\"storageBucket\":\"moonstone-4ffb6.firebasestorage.app\"}","GCLOUD_PROJECT":"moonstone-4ffb6","EVENTARC_CLOUD_EVENT_SOURCE":"projects/moonstone-4ffb6/locations/us-central1/services/addToLibrary","FUNCTION_TARGET":"addToLibrary","LOG_EXECUTION_ID":"true","FUNCTION_SIGNATURE_TYPE":"http"},"ingressSettings":"ALLOW_ALL","uri":"https://addtolibrary-cblu2dsagq-uc.a.run.app","serviceAccountEmail":"209159062090-compute@developer.gserviceaccount.com","availableMemory":"256Mi","allTrafficOnLatestRevision":true,"revision":"addtolibrary-00036-zum","maxInstanceRequestConcurrency":80,"availableCpu":"1"},"state":"ACTIVE","labels":{"deployment-tool":"cloudfunctions","deployment-callable":"true","firebase-functions-hash":"7bbeefe44dd2fb04675612dc9aa4e05f050b0b2b"},"environment":"GEN_2","url":"https://us-central1-moonstone-4ffb6.cloudfunctions.net/addToLibrary","satisfiesPzi":true},"stages":[{"name":"BUILD","message":"Build in progress","state":"IN_PROGRESS","resource":"projects/209159062090/locations/us-central1/builds/ee4e2110-d135-4dd6-9e8b-4bdd6d27be6d","resourceUri":"https://console.cloud.google.com/cloud-build/builds;region=us-central1/ee4e2110-d135-4dd6-9e8b-4bdd6d27be6d?project=209159062090"},{"name":"SERVICE","state":"NOT_STARTED"}],"operationType":"UPDATE_FUNCTION","buildName":"projects/209159062090/locations/us-central1/builds/ee4e2110-d135-4dd6-9e8b-4bdd6d27be6d"},"done":false}
[debug] [2026-02-05T16:06:20.372Z] [update-default-us-central1-onUserCreated] Retrying task index 0
[debug] [2026-02-05T16:06:20.372Z] Checked if tokens are valid: true, expires at: 1770308555729
[debug] [2026-02-05T16:06:20.373Z] Checked if tokens are valid: true, expires at: 1770308555729
[debug] [2026-02-05T16:06:20.373Z] >>> [apiv2][query] GET https://cloudfunctions.googleapis.com/v1/operations/bW9vbnN0b25lLTRmZmI2L3VzLWNlbnRyYWwxL29uVXNlckNyZWF0ZWQvWjJ5VTQwUjBZakE [none]
[debug] [2026-02-05T16:06:20.596Z] <<< [apiv2][status] GET https://cloudfunctions.googleapis.com/v1/operations/bW9vbnN0b25lLTRmZmI2L3VzLWNlbnRyYWwxL29uVXNlckNyZWF0ZWQvWjJ5VTQwUjBZakE 200
[debug] [2026-02-05T16:06:20.596Z] <<< [apiv2][body] GET https://cloudfunctions.googleapis.com/v1/operations/bW9vbnN0b25lLTRmZmI2L3VzLWNlbnRyYWwxL29uVXNlckNyZWF0ZWQvWjJ5VTQwUjBZakE {"name":"operations/bW9vbnN0b25lLTRmZmI2L3VzLWNlbnRyYWwxL29uVXNlckNyZWF0ZWQvWjJ5VTQwUjBZakE","metadata":{"@type":"type.googleapis.com/google.cloud.functions.v1.OperationMetadataV1","target":"projects/moonstone-4ffb6/locations/us-central1/functions/onUserCreated","type":"UPDATE_FUNCTION","request":{"@type":"type.googleapis.com/google.cloud.functions.v1.CloudFunction","name":"projects/moonstone-4ffb6/locations/us-central1/functions/onUserCreated","eventTrigger":{"eventType":"providers/firebase.auth/eventTypes/user.create","resource":"projects/moonstone-4ffb6","service":"firebaseauth.googleapis.com"},"status":"ACTIVE","entryPoint":"onUserCreated","updateTime":"2026-02-05T15:47:52.578Z","versionId":"37","labels":{"deployment-tool":"cli-firebase","firebase-functions-hash":"601a9d2c7821ba6b3231d8b73751faf9cff534f0"},"sourceUploadUrl":"https://storage.googleapis.com/uploads-103741382100.us-central1.cloudfunctions.appspot.com/fd5f4b10-979c-4e98-8fed-6ea9b74dbfdd.zip?GoogleAccessId=service-209159062090@gcf-admin-robot.iam.gserviceaccount.com&Expires=1770309269&Signature=ilJjefXq3lJUkA84HjrpUi4RDBqk01KPGYCZQm2TsbY7Kc5SoJWKZ6CH%2B5sH1%2FgFo8Ob0g8mVzKpsLMs%2FRJtTYvlt79c8%2FB02ZDiY1J23aBqfygefWZQXpeG3n8jBejT57h%2Bxp1SWbH9ounL%2FC4OQoaUfR2%2BqoQiawPyiuSDwdVefJ%2F4lXTkPW2q73gSsxF4C2hSstsFavTDPo6PDRPOYVZhGEPamDoNzTsxIBVQ%2F8P8FbpJdZtKuZTk8FpBTGZDkh73zwA5AWegbOsbxZ7GhKcMtl1WhwgSzS%2Bd1EIVzSocbKV6II9eZZu69vhrcs7gKzowVIpwQhT3hAshnFAboQ%3D%3D","environmentVariables":{"FIREBASE_CONFIG":"{\"projectId\":\"moonstone-4ffb6\",\"storageBucket\":\"moonstone-4ffb6.firebasestorage.app\"}","GCLOUD_PROJECT":"moonstone-4ffb6","EVENTARC_CLOUD_EVENT_SOURCE":"projects/moonstone-4ffb6/locations/us-central1/functions/onUserCreated"},"runtime":"nodejs20","buildId":"69f59c75-70a9-4043-acf7-a346c1545c96","buildEnvironmentVariables":{"GOOGLE_NODE_RUN_SCRIPTS":""},"buildName":"projects/209159062090/locations/us-central1/builds/69f59c75-70a9-4043-acf7-a346c1545c96","dockerRegistry":"ARTIFACT_REGISTRY","automaticUpdatePolicy":{},"buildServiceAccount":"projects/moonstone-4ffb6/serviceAccounts/209159062090-compute@developer.gserviceaccount.com"},"versionId":"38","updateTime":"2026-02-05T16:04:30Z","buildId":"8baebbba-7ede-4b99-ba2a-42efc01e5585","buildName":"projects/209159062090/locations/us-central1/builds/8baebbba-7ede-4b99-ba2a-42efc01e5585"}}
[debug] [2026-02-05T16:06:20.922Z] [update-default-us-central1-previewVoice] Retrying task index 0
[debug] [2026-02-05T16:06:20.922Z] Checked if tokens are valid: true, expires at: 1770308555729
[debug] [2026-02-05T16:06:20.922Z] Checked if tokens are valid: true, expires at: 1770308555729
[debug] [2026-02-05T16:06:20.922Z] >>> [apiv2][query] GET https://cloudfunctions.googleapis.com/v2/projects/moonstone-4ffb6/locations/us-central1/operations/operation-1770307469925-64a15d3e35c8e-39a3132d-d1ed5cc7 [none]
[debug] [2026-02-05T16:06:21.109Z] <<< [apiv2][status] GET https://cloudfunctions.googleapis.com/v2/projects/moonstone-4ffb6/locations/us-central1/operations/operation-1770307469925-64a15d3e35c8e-39a3132d-d1ed5cc7 200
[debug] [2026-02-05T16:06:21.109Z] <<< [apiv2][body] GET https://cloudfunctions.googleapis.com/v2/projects/moonstone-4ffb6/locations/us-central1/operations/operation-1770307469925-64a15d3e35c8e-39a3132d-d1ed5cc7 {"name":"projects/moonstone-4ffb6/locations/us-central1/operations/operation-1770307469925-64a15d3e35c8e-39a3132d-d1ed5cc7","metadata":{"@type":"type.googleapis.com/google.cloud.functions.v2.OperationMetadata","createTime":"2026-02-05T16:04:30.622575670Z","target":"projects/moonstone-4ffb6/locations/us-central1/functions/previewVoice","verb":"update","cancelRequested":false,"apiVersion":"v2","requestResource":{"@type":"type.googleapis.com/google.cloud.functions.v2.Function","name":"projects/moonstone-4ffb6/locations/us-central1/functions/previewVoice","buildConfig":{"runtime":"nodejs20","entryPoint":"previewVoice","source":{"storageSource":{"bucket":"gcf-v2-sources-209159062090-us-central1","object":"previewVoice/function-source.zip","generation":"1770307470574217"}},"environmentVariables":{"GOOGLE_NODE_RUN_SCRIPTS":""},"dockerRepository":"projects/moonstone-4ffb6/locations/us-central1/repositories/gcf-artifacts","sourceProvenance":{"resolvedStorageSource":{"bucket":"gcf-v2-sources-209159062090-us-central1","object":"previewVoice/function-source.zip","generation":"1770306322040150"}},"dockerRegistry":"ARTIFACT_REGISTRY","serviceAccount":"projects/moonstone-4ffb6/serviceAccounts/209159062090-compute@developer.gserviceaccount.com","automaticUpdatePolicy":{}},"serviceConfig":{"service":"projects/moonstone-4ffb6/locations/us-central1/services/previewvoice","timeoutSeconds":60,"environmentVariables":{"FIREBASE_CONFIG":"{\"projectId\":\"moonstone-4ffb6\",\"storageBucket\":\"moonstone-4ffb6.firebasestorage.app\"}","GCLOUD_PROJECT":"moonstone-4ffb6","EVENTARC_CLOUD_EVENT_SOURCE":"projects/moonstone-4ffb6/locations/us-central1/services/previewVoice","FUNCTION_TARGET":"previewVoice","LOG_EXECUTION_ID":"true"},"ingressSettings":"ALLOW_ALL","uri":"https://previewvoice-cblu2dsagq-uc.a.run.app","serviceAccountEmail":"209159062090-compute@developer.gserviceaccount.com","availableMemory":"512Mi","allTrafficOnLatestRevision":true,"revision":"previewvoice-00027-vif","maxInstanceRequestConcurrency":80,"availableCpu":"1"},"state":"ACTIVE","labels":{"deployment-tool":"cli-firebase","deployment-callable":"true","firebase-functions-hash":"7bbeefe44dd2fb04675612dc9aa4e05f050b0b2b"},"environment":"GEN_2","url":"https://us-central1-moonstone-4ffb6.cloudfunctions.net/previewVoice","satisfiesPzi":true},"stages":[{"name":"BUILD","message":"Build in progress","state":"IN_PROGRESS","resource":"projects/209159062090/locations/us-central1/builds/68bd7e82-b514-403f-9791-758372b59bcb","resourceUri":"https://console.cloud.google.com/cloud-build/builds;region=us-central1/68bd7e82-b514-403f-9791-758372b59bcb?project=209159062090"},{"name":"SERVICE","state":"NOT_STARTED"}],"operationType":"UPDATE_FUNCTION","buildName":"projects/209159062090/locations/us-central1/builds/68bd7e82-b514-403f-9791-758372b59bcb"},"done":false}
[debug] [2026-02-05T16:06:21.250Z] [update-default-us-central1-createStory] Retrying task index 0
[debug] [2026-02-05T16:06:21.250Z] Checked if tokens are valid: true, expires at: 1770308555729
[debug] [2026-02-05T16:06:21.250Z] Checked if tokens are valid: true, expires at: 1770308555729
[debug] [2026-02-05T16:06:21.250Z] >>> [apiv2][query] GET https://cloudfunctions.googleapis.com/v2/projects/moonstone-4ffb6/locations/us-central1/operations/operation-1770307469959-64a15d3e3e1e3-9c651303-a65010cb [none]
[debug] [2026-02-05T16:06:21.439Z] [update-default-us-central1-addToLibrary] Retrying task index 0
[debug] [2026-02-05T16:06:21.439Z] Checked if tokens are valid: true, expires at: 1770308555729
[debug] [2026-02-05T16:06:21.439Z] Checked if tokens are valid: true, expires at: 1770308555729
[debug] [2026-02-05T16:06:21.439Z] >>> [apiv2][query] GET https://cloudfunctions.googleapis.com/v2/projects/moonstone-4ffb6/locations/us-central1/operations/operation-1770307469884-64a15d3e2bb4b-a5861e88-08d66d81 [none]
[debug] [2026-02-05T16:06:21.466Z] <<< [apiv2][status] GET https://cloudfunctions.googleapis.com/v2/projects/moonstone-4ffb6/locations/us-central1/operations/operation-1770307469959-64a15d3e3e1e3-9c651303-a65010cb 200
[debug] [2026-02-05T16:06:21.466Z] <<< [apiv2][body] GET https://cloudfunctions.googleapis.com/v2/projects/moonstone-4ffb6/locations/us-central1/operations/operation-1770307469959-64a15d3e3e1e3-9c651303-a65010cb {"name":"projects/moonstone-4ffb6/locations/us-central1/operations/operation-1770307469959-64a15d3e3e1e3-9c651303-a65010cb","metadata":{"@type":"type.googleapis.com/google.cloud.functions.v2.OperationMetadata","createTime":"2026-02-05T16:04:30.622741317Z","target":"projects/moonstone-4ffb6/locations/us-central1/functions/createStory","verb":"update","cancelRequested":false,"apiVersion":"v2","requestResource":{"@type":"type.googleapis.com/google.cloud.functions.v2.Function","name":"projects/moonstone-4ffb6/locations/us-central1/functions/createStory","buildConfig":{"runtime":"nodejs20","entryPoint":"createStory","source":{"storageSource":{"bucket":"gcf-v2-sources-209159062090-us-central1","object":"createStory/function-source.zip","generation":"1770307470571183"}},"environmentVariables":{"GOOGLE_NODE_RUN_SCRIPTS":""},"dockerRepository":"projects/moonstone-4ffb6/locations/us-central1/repositories/gcf-artifacts","sourceProvenance":{"resolvedStorageSource":{"bucket":"gcf-v2-sources-209159062090-us-central1","object":"createStory/function-source.zip","generation":"1770306322005926"}},"dockerRegistry":"ARTIFACT_REGISTRY","serviceAccount":"projects/moonstone-4ffb6/serviceAccounts/209159062090-compute@developer.gserviceaccount.com","automaticUpdatePolicy":{}},"serviceConfig":{"service":"projects/moonstone-4ffb6/locations/us-central1/services/createstory","timeoutSeconds":540,"environmentVariables":{"FIREBASE_CONFIG":"{\"projectId\":\"moonstone-4ffb6\",\"storageBucket\":\"moonstone-4ffb6.firebasestorage.app\"}","GCLOUD_PROJECT":"moonstone-4ffb6","EVENTARC_CLOUD_EVENT_SOURCE":"projects/moonstone-4ffb6/locations/us-central1/services/createStory","FUNCTION_TARGET":"createStory","LOG_EXECUTION_ID":"true"},"ingressSettings":"ALLOW_ALL","uri":"https://createstory-cblu2dsagq-uc.a.run.app","serviceAccountEmail":"209159062090-compute@developer.gserviceaccount.com","availableMemory":"1024Mi","allTrafficOnLatestRevision":true,"revision":"createstory-00062-lel","maxInstanceRequestConcurrency":80,"availableCpu":"1"},"state":"ACTIVE","labels":{"deployment-tool":"cli-firebase","deployment-callable":"true","firebase-functions-hash":"7bbeefe44dd2fb04675612dc9aa4e05f050b0b2b"},"environment":"GEN_2","url":"https://us-central1-moonstone-4ffb6.cloudfunctions.net/createStory","satisfiesPzi":true},"stages":[{"name":"BUILD","message":"Build in progress","state":"IN_PROGRESS","resource":"projects/209159062090/locations/us-central1/builds/25c50249-3a7d-44ac-a749-66cd96fd1a69","resourceUri":"https://console.cloud.google.com/cloud-build/builds;region=us-central1/25c50249-3a7d-44ac-a749-66cd96fd1a69?project=209159062090"},{"name":"SERVICE","state":"NOT_STARTED"}],"operationType":"UPDATE_FUNCTION","buildName":"projects/209159062090/locations/us-central1/builds/25c50249-3a7d-44ac-a749-66cd96fd1a69"},"done":false}
[debug] [2026-02-05T16:06:21.662Z] <<< [apiv2][status] GET https://cloudfunctions.googleapis.com/v2/projects/moonstone-4ffb6/locations/us-central1/operations/operation-1770307469884-64a15d3e2bb4b-a5861e88-08d66d81 200
[debug] [2026-02-05T16:06:21.662Z] <<< [apiv2][body] GET https://cloudfunctions.googleapis.com/v2/projects/moonstone-4ffb6/locations/us-central1/operations/operation-1770307469884-64a15d3e2bb4b-a5861e88-08d66d81 {"name":"projects/moonstone-4ffb6/locations/us-central1/operations/operation-1770307469884-64a15d3e2bb4b-a5861e88-08d66d81","metadata":{"@type":"type.googleapis.com/google.cloud.functions.v2.OperationMetadata","createTime":"2026-02-05T16:04:30.602082585Z","target":"projects/moonstone-4ffb6/locations/us-central1/functions/addToLibrary","verb":"update","cancelRequested":false,"apiVersion":"v2","requestResource":{"@type":"type.googleapis.com/google.cloud.functions.v2.Function","name":"projects/moonstone-4ffb6/locations/us-central1/functions/addToLibrary","buildConfig":{"runtime":"nodejs20","entryPoint":"addToLibrary","source":{"storageSource":{"bucket":"gcf-v2-sources-209159062090-us-central1","object":"addToLibrary/function-source.zip","generation":"1770307470546449"}},"environmentVariables":{"GOOGLE_NODE_RUN_SCRIPTS":""},"dockerRepository":"projects/moonstone-4ffb6/locations/us-central1/repositories/gcf-artifacts","sourceProvenance":{"resolvedStorageSource":{"bucket":"gcf-v2-sources-209159062090-us-central1","object":"addToLibrary/function-source.zip","generation":"1770306321990882"}},"dockerRegistry":"ARTIFACT_REGISTRY","serviceAccount":"projects/moonstone-4ffb6/serviceAccounts/209159062090-compute@developer.gserviceaccount.com","automaticUpdatePolicy":{}},"serviceConfig":{"service":"projects/moonstone-4ffb6/locations/us-central1/services/addtolibrary","timeoutSeconds":60,"environmentVariables":{"FIREBASE_CONFIG":"{\"projectId\":\"moonstone-4ffb6\",\"storageBucket\":\"moonstone-4ffb6.firebasestorage.app\"}","GCLOUD_PROJECT":"moonstone-4ffb6","EVENTARC_CLOUD_EVENT_SOURCE":"projects/moonstone-4ffb6/locations/us-central1/services/addToLibrary","FUNCTION_TARGET":"addToLibrary","LOG_EXECUTION_ID":"true","FUNCTION_SIGNATURE_TYPE":"http"},"ingressSettings":"ALLOW_ALL","uri":"https://addtolibrary-cblu2dsagq-uc.a.run.app","serviceAccountEmail":"209159062090-compute@developer.gserviceaccount.com","availableMemory":"256Mi","allTrafficOnLatestRevision":true,"revision":"addtolibrary-00036-zum","maxInstanceRequestConcurrency":80,"availableCpu":"1"},"state":"ACTIVE","labels":{"deployment-tool":"cloudfunctions","deployment-callable":"true","firebase-functions-hash":"7bbeefe44dd2fb04675612dc9aa4e05f050b0b2b"},"environment":"GEN_2","url":"https://us-central1-moonstone-4ffb6.cloudfunctions.net/addToLibrary","satisfiesPzi":true},"stages":[{"name":"BUILD","message":"Build in progress","state":"IN_PROGRESS","resource":"projects/209159062090/locations/us-central1/builds/ee4e2110-d135-4dd6-9e8b-4bdd6d27be6d","resourceUri":"https://console.cloud.google.com/cloud-build/builds;region=us-central1/ee4e2110-d135-4dd6-9e8b-4bdd6d27be6d?project=209159062090"},{"name":"SERVICE","state":"NOT_STARTED"}],"operationType":"UPDATE_FUNCTION","buildName":"projects/209159062090/locations/us-central1/builds/ee4e2110-d135-4dd6-9e8b-4bdd6d27be6d"},"done":false}
[debug] [2026-02-05T16:06:30.611Z] [update-default-us-central1-onUserCreated] Retrying task index 0
[debug] [2026-02-05T16:06:30.611Z] Checked if tokens are valid: true, expires at: 1770308555729
[debug] [2026-02-05T16:06:30.611Z] Checked if tokens are valid: true, expires at: 1770308555729
[debug] [2026-02-05T16:06:30.611Z] >>> [apiv2][query] GET https://cloudfunctions.googleapis.com/v1/operations/bW9vbnN0b25lLTRmZmI2L3VzLWNlbnRyYWwxL29uVXNlckNyZWF0ZWQvWjJ5VTQwUjBZakE [none]
[debug] [2026-02-05T16:06:30.854Z] <<< [apiv2][status] GET https://cloudfunctions.googleapis.com/v1/operations/bW9vbnN0b25lLTRmZmI2L3VzLWNlbnRyYWwxL29uVXNlckNyZWF0ZWQvWjJ5VTQwUjBZakE 200
[debug] [2026-02-05T16:06:30.854Z] <<< [apiv2][body] GET https://cloudfunctions.googleapis.com/v1/operations/bW9vbnN0b25lLTRmZmI2L3VzLWNlbnRyYWwxL29uVXNlckNyZWF0ZWQvWjJ5VTQwUjBZakE {"name":"operations/bW9vbnN0b25lLTRmZmI2L3VzLWNlbnRyYWwxL29uVXNlckNyZWF0ZWQvWjJ5VTQwUjBZakE","metadata":{"@type":"type.googleapis.com/google.cloud.functions.v1.OperationMetadataV1","target":"projects/moonstone-4ffb6/locations/us-central1/functions/onUserCreated","type":"UPDATE_FUNCTION","request":{"@type":"type.googleapis.com/google.cloud.functions.v1.CloudFunction","name":"projects/moonstone-4ffb6/locations/us-central1/functions/onUserCreated","eventTrigger":{"eventType":"providers/firebase.auth/eventTypes/user.create","resource":"projects/moonstone-4ffb6","service":"firebaseauth.googleapis.com"},"status":"ACTIVE","entryPoint":"onUserCreated","updateTime":"2026-02-05T15:47:52.578Z","versionId":"37","labels":{"deployment-tool":"cli-firebase","firebase-functions-hash":"601a9d2c7821ba6b3231d8b73751faf9cff534f0"},"sourceUploadUrl":"https://storage.googleapis.com/uploads-103741382100.us-central1.cloudfunctions.appspot.com/fd5f4b10-979c-4e98-8fed-6ea9b74dbfdd.zip?GoogleAccessId=service-209159062090@gcf-admin-robot.iam.gserviceaccount.com&Expires=1770309269&Signature=ilJjefXq3lJUkA84HjrpUi4RDBqk01KPGYCZQm2TsbY7Kc5SoJWKZ6CH%2B5sH1%2FgFo8Ob0g8mVzKpsLMs%2FRJtTYvlt79c8%2FB02ZDiY1J23aBqfygefWZQXpeG3n8jBejT57h%2Bxp1SWbH9ounL%2FC4OQoaUfR2%2BqoQiawPyiuSDwdVefJ%2F4lXTkPW2q73gSsxF4C2hSstsFavTDPo6PDRPOYVZhGEPamDoNzTsxIBVQ%2F8P8FbpJdZtKuZTk8FpBTGZDkh73zwA5AWegbOsbxZ7GhKcMtl1WhwgSzS%2Bd1EIVzSocbKV6II9eZZu69vhrcs7gKzowVIpwQhT3hAshnFAboQ%3D%3D","environmentVariables":{"FIREBASE_CONFIG":"{\"projectId\":\"moonstone-4ffb6\",\"storageBucket\":\"moonstone-4ffb6.firebasestorage.app\"}","GCLOUD_PROJECT":"moonstone-4ffb6","EVENTARC_CLOUD_EVENT_SOURCE":"projects/moonstone-4ffb6/locations/us-central1/functions/onUserCreated"},"runtime":"nodejs20","buildId":"69f59c75-70a9-4043-acf7-a346c1545c96","buildEnvironmentVariables":{"GOOGLE_NODE_RUN_SCRIPTS":""},"buildName":"projects/209159062090/locations/us-central1/builds/69f59c75-70a9-4043-acf7-a346c1545c96","dockerRegistry":"ARTIFACT_REGISTRY","automaticUpdatePolicy":{},"buildServiceAccount":"projects/moonstone-4ffb6/serviceAccounts/209159062090-compute@developer.gserviceaccount.com"},"versionId":"38","updateTime":"2026-02-05T16:04:30Z","buildId":"8baebbba-7ede-4b99-ba2a-42efc01e5585","buildName":"projects/209159062090/locations/us-central1/builds/8baebbba-7ede-4b99-ba2a-42efc01e5585"}}
[debug] [2026-02-05T16:06:31.113Z] [update-default-us-central1-previewVoice] Retrying task index 0
[debug] [2026-02-05T16:06:31.113Z] Checked if tokens are valid: true, expires at: 1770308555729
[debug] [2026-02-05T16:06:31.113Z] Checked if tokens are valid: true, expires at: 1770308555729
[debug] [2026-02-05T16:06:31.113Z] >>> [apiv2][query] GET https://cloudfunctions.googleapis.com/v2/projects/moonstone-4ffb6/locations/us-central1/operations/operation-1770307469925-64a15d3e35c8e-39a3132d-d1ed5cc7 [none]
[debug] [2026-02-05T16:06:31.296Z] <<< [apiv2][status] GET https://cloudfunctions.googleapis.com/v2/projects/moonstone-4ffb6/locations/us-central1/operations/operation-1770307469925-64a15d3e35c8e-39a3132d-d1ed5cc7 200
[debug] [2026-02-05T16:06:31.296Z] <<< [apiv2][body] GET https://cloudfunctions.googleapis.com/v2/projects/moonstone-4ffb6/locations/us-central1/operations/operation-1770307469925-64a15d3e35c8e-39a3132d-d1ed5cc7 {"name":"projects/moonstone-4ffb6/locations/us-central1/operations/operation-1770307469925-64a15d3e35c8e-39a3132d-d1ed5cc7","metadata":{"@type":"type.googleapis.com/google.cloud.functions.v2.OperationMetadata","createTime":"2026-02-05T16:04:30.622575670Z","target":"projects/moonstone-4ffb6/locations/us-central1/functions/previewVoice","verb":"update","cancelRequested":false,"apiVersion":"v2","requestResource":{"@type":"type.googleapis.com/google.cloud.functions.v2.Function","name":"projects/moonstone-4ffb6/locations/us-central1/functions/previewVoice","buildConfig":{"runtime":"nodejs20","entryPoint":"previewVoice","source":{"storageSource":{"bucket":"gcf-v2-sources-209159062090-us-central1","object":"previewVoice/function-source.zip","generation":"1770307470574217"}},"environmentVariables":{"GOOGLE_NODE_RUN_SCRIPTS":""},"dockerRepository":"projects/moonstone-4ffb6/locations/us-central1/repositories/gcf-artifacts","sourceProvenance":{"resolvedStorageSource":{"bucket":"gcf-v2-sources-209159062090-us-central1","object":"previewVoice/function-source.zip","generation":"1770306322040150"}},"dockerRegistry":"ARTIFACT_REGISTRY","serviceAccount":"projects/moonstone-4ffb6/serviceAccounts/209159062090-compute@developer.gserviceaccount.com","automaticUpdatePolicy":{}},"serviceConfig":{"service":"projects/moonstone-4ffb6/locations/us-central1/services/previewvoice","timeoutSeconds":60,"environmentVariables":{"FIREBASE_CONFIG":"{\"projectId\":\"moonstone-4ffb6\",\"storageBucket\":\"moonstone-4ffb6.firebasestorage.app\"}","GCLOUD_PROJECT":"moonstone-4ffb6","EVENTARC_CLOUD_EVENT_SOURCE":"projects/moonstone-4ffb6/locations/us-central1/services/previewVoice","FUNCTION_TARGET":"previewVoice","LOG_EXECUTION_ID":"true"},"ingressSettings":"ALLOW_ALL","uri":"https://previewvoice-cblu2dsagq-uc.a.run.app","serviceAccountEmail":"209159062090-compute@developer.gserviceaccount.com","availableMemory":"512Mi","allTrafficOnLatestRevision":true,"revision":"previewvoice-00027-vif","maxInstanceRequestConcurrency":80,"availableCpu":"1"},"state":"ACTIVE","labels":{"deployment-tool":"cli-firebase","deployment-callable":"true","firebase-functions-hash":"7bbeefe44dd2fb04675612dc9aa4e05f050b0b2b"},"environment":"GEN_2","url":"https://us-central1-moonstone-4ffb6.cloudfunctions.net/previewVoice","satisfiesPzi":true},"stages":[{"name":"BUILD","message":"Build in progress","state":"IN_PROGRESS","resource":"projects/209159062090/locations/us-central1/builds/68bd7e82-b514-403f-9791-758372b59bcb","resourceUri":"https://console.cloud.google.com/cloud-build/builds;region=us-central1/68bd7e82-b514-403f-9791-758372b59bcb?project=209159062090"},{"name":"SERVICE","state":"NOT_STARTED"}],"operationType":"UPDATE_FUNCTION","buildName":"projects/209159062090/locations/us-central1/builds/68bd7e82-b514-403f-9791-758372b59bcb"},"done":false}
[debug] [2026-02-05T16:06:31.468Z] [update-default-us-central1-createStory] Retrying task index 0
[debug] [2026-02-05T16:06:31.468Z] Checked if tokens are valid: true, expires at: 1770308555729
[debug] [2026-02-05T16:06:31.468Z] Checked if tokens are valid: true, expires at: 1770308555729
[debug] [2026-02-05T16:06:31.468Z] >>> [apiv2][query] GET https://cloudfunctions.googleapis.com/v2/projects/moonstone-4ffb6/locations/us-central1/operations/operation-1770307469959-64a15d3e3e1e3-9c651303-a65010cb [none]
[debug] [2026-02-05T16:06:31.662Z] [update-default-us-central1-addToLibrary] Retrying task index 0
[debug] [2026-02-05T16:06:31.663Z] Checked if tokens are valid: true, expires at: 1770308555729
[debug] [2026-02-05T16:06:31.663Z] Checked if tokens are valid: true, expires at: 1770308555729
[debug] [2026-02-05T16:06:31.663Z] >>> [apiv2][query] GET https://cloudfunctions.googleapis.com/v2/projects/moonstone-4ffb6/locations/us-central1/operations/operation-1770307469884-64a15d3e2bb4b-a5861e88-08d66d81 [none]
[debug] [2026-02-05T16:06:31.663Z] <<< [apiv2][status] GET https://cloudfunctions.googleapis.com/v2/projects/moonstone-4ffb6/locations/us-central1/operations/operation-1770307469959-64a15d3e3e1e3-9c651303-a65010cb 200
[debug] [2026-02-05T16:06:31.664Z] <<< [apiv2][body] GET https://cloudfunctions.googleapis.com/v2/projects/moonstone-4ffb6/locations/us-central1/operations/operation-1770307469959-64a15d3e3e1e3-9c651303-a65010cb {"name":"projects/moonstone-4ffb6/locations/us-central1/operations/operation-1770307469959-64a15d3e3e1e3-9c651303-a65010cb","metadata":{"@type":"type.googleapis.com/google.cloud.functions.v2.OperationMetadata","createTime":"2026-02-05T16:04:30.622741317Z","target":"projects/moonstone-4ffb6/locations/us-central1/functions/createStory","verb":"update","cancelRequested":false,"apiVersion":"v2","requestResource":{"@type":"type.googleapis.com/google.cloud.functions.v2.Function","name":"projects/moonstone-4ffb6/locations/us-central1/functions/createStory","buildConfig":{"runtime":"nodejs20","entryPoint":"createStory","source":{"storageSource":{"bucket":"gcf-v2-sources-209159062090-us-central1","object":"createStory/function-source.zip","generation":"1770307470571183"}},"environmentVariables":{"GOOGLE_NODE_RUN_SCRIPTS":""},"dockerRepository":"projects/moonstone-4ffb6/locations/us-central1/repositories/gcf-artifacts","sourceProvenance":{"resolvedStorageSource":{"bucket":"gcf-v2-sources-209159062090-us-central1","object":"createStory/function-source.zip","generation":"1770306322005926"}},"dockerRegistry":"ARTIFACT_REGISTRY","serviceAccount":"projects/moonstone-4ffb6/serviceAccounts/209159062090-compute@developer.gserviceaccount.com","automaticUpdatePolicy":{}},"serviceConfig":{"service":"projects/moonstone-4ffb6/locations/us-central1/services/createstory","timeoutSeconds":540,"environmentVariables":{"FIREBASE_CONFIG":"{\"projectId\":\"moonstone-4ffb6\",\"storageBucket\":\"moonstone-4ffb6.firebasestorage.app\"}","GCLOUD_PROJECT":"moonstone-4ffb6","EVENTARC_CLOUD_EVENT_SOURCE":"projects/moonstone-4ffb6/locations/us-central1/services/createStory","FUNCTION_TARGET":"createStory","LOG_EXECUTION_ID":"true"},"ingressSettings":"ALLOW_ALL","uri":"https://createstory-cblu2dsagq-uc.a.run.app","serviceAccountEmail":"209159062090-compute@developer.gserviceaccount.com","availableMemory":"1024Mi","allTrafficOnLatestRevision":true,"revision":"createstory-00062-lel","maxInstanceRequestConcurrency":80,"availableCpu":"1"},"state":"ACTIVE","labels":{"deployment-tool":"cli-firebase","deployment-callable":"true","firebase-functions-hash":"7bbeefe44dd2fb04675612dc9aa4e05f050b0b2b"},"environment":"GEN_2","url":"https://us-central1-moonstone-4ffb6.cloudfunctions.net/createStory","satisfiesPzi":true},"stages":[{"name":"BUILD","message":"Build in progress","state":"IN_PROGRESS","resource":"projects/209159062090/locations/us-central1/builds/25c50249-3a7d-44ac-a749-66cd96fd1a69","resourceUri":"https://console.cloud.google.com/cloud-build/builds;region=us-central1/25c50249-3a7d-44ac-a749-66cd96fd1a69?project=209159062090"},{"name":"SERVICE","state":"NOT_STARTED"}],"operationType":"UPDATE_FUNCTION","buildName":"projects/209159062090/locations/us-central1/builds/25c50249-3a7d-44ac-a749-66cd96fd1a69"},"done":false}
[debug] [2026-02-05T16:06:31.847Z] <<< [apiv2][status] GET https://cloudfunctions.googleapis.com/v2/projects/moonstone-4ffb6/locations/us-central1/operations/operation-1770307469884-64a15d3e2bb4b-a5861e88-08d66d81 200
[debug] [2026-02-05T16:06:31.847Z] <<< [apiv2][body] GET https://cloudfunctions.googleapis.com/v2/projects/moonstone-4ffb6/locations/us-central1/operations/operation-1770307469884-64a15d3e2bb4b-a5861e88-08d66d81 {"name":"projects/moonstone-4ffb6/locations/us-central1/operations/operation-1770307469884-64a15d3e2bb4b-a5861e88-08d66d81","metadata":{"@type":"type.googleapis.com/google.cloud.functions.v2.OperationMetadata","createTime":"2026-02-05T16:04:30.602082585Z","target":"projects/moonstone-4ffb6/locations/us-central1/functions/addToLibrary","verb":"update","cancelRequested":false,"apiVersion":"v2","requestResource":{"@type":"type.googleapis.com/google.cloud.functions.v2.Function","name":"projects/moonstone-4ffb6/locations/us-central1/functions/addToLibrary","buildConfig":{"runtime":"nodejs20","entryPoint":"addToLibrary","source":{"storageSource":{"bucket":"gcf-v2-sources-209159062090-us-central1","object":"addToLibrary/function-source.zip","generation":"1770307470546449"}},"environmentVariables":{"GOOGLE_NODE_RUN_SCRIPTS":""},"dockerRepository":"projects/moonstone-4ffb6/locations/us-central1/repositories/gcf-artifacts","sourceProvenance":{"resolvedStorageSource":{"bucket":"gcf-v2-sources-209159062090-us-central1","object":"addToLibrary/function-source.zip","generation":"1770306321990882"}},"dockerRegistry":"ARTIFACT_REGISTRY","serviceAccount":"projects/moonstone-4ffb6/serviceAccounts/209159062090-compute@developer.gserviceaccount.com","automaticUpdatePolicy":{}},"serviceConfig":{"service":"projects/moonstone-4ffb6/locations/us-central1/services/addtolibrary","timeoutSeconds":60,"environmentVariables":{"FIREBASE_CONFIG":"{\"projectId\":\"moonstone-4ffb6\",\"storageBucket\":\"moonstone-4ffb6.firebasestorage.app\"}","GCLOUD_PROJECT":"moonstone-4ffb6","EVENTARC_CLOUD_EVENT_SOURCE":"projects/moonstone-4ffb6/locations/us-central1/services/addToLibrary","FUNCTION_TARGET":"addToLibrary","LOG_EXECUTION_ID":"true","FUNCTION_SIGNATURE_TYPE":"http"},"ingressSettings":"ALLOW_ALL","uri":"https://addtolibrary-cblu2dsagq-uc.a.run.app","serviceAccountEmail":"209159062090-compute@developer.gserviceaccount.com","availableMemory":"256Mi","allTrafficOnLatestRevision":true,"revision":"addtolibrary-00036-zum","maxInstanceRequestConcurrency":80,"availableCpu":"1"},"state":"ACTIVE","labels":{"deployment-tool":"cloudfunctions","deployment-callable":"true","firebase-functions-hash":"7bbeefe44dd2fb04675612dc9aa4e05f050b0b2b"},"environment":"GEN_2","url":"https://us-central1-moonstone-4ffb6.cloudfunctions.net/addToLibrary","satisfiesPzi":true},"stages":[{"name":"BUILD","message":"Build in progress","state":"IN_PROGRESS","resource":"projects/209159062090/locations/us-central1/builds/ee4e2110-d135-4dd6-9e8b-4bdd6d27be6d","resourceUri":"https://console.cloud.google.com/cloud-build/builds;region=us-central1/ee4e2110-d135-4dd6-9e8b-4bdd6d27be6d?project=209159062090"},{"name":"SERVICE","state":"NOT_STARTED"}],"operationType":"UPDATE_FUNCTION","buildName":"projects/209159062090/locations/us-central1/builds/ee4e2110-d135-4dd6-9e8b-4bdd6d27be6d"},"done":false}
[debug] [2026-02-05T16:06:40.865Z] [update-default-us-central1-onUserCreated] Retrying task index 0
[debug] [2026-02-05T16:06:40.865Z] Checked if tokens are valid: true, expires at: 1770308555729
[debug] [2026-02-05T16:06:40.865Z] Checked if tokens are valid: true, expires at: 1770308555729
[debug] [2026-02-05T16:06:40.865Z] >>> [apiv2][query] GET https://cloudfunctions.googleapis.com/v1/operations/bW9vbnN0b25lLTRmZmI2L3VzLWNlbnRyYWwxL29uVXNlckNyZWF0ZWQvWjJ5VTQwUjBZakE [none]
[debug] [2026-02-05T16:06:41.135Z] <<< [apiv2][status] GET https://cloudfunctions.googleapis.com/v1/operations/bW9vbnN0b25lLTRmZmI2L3VzLWNlbnRyYWwxL29uVXNlckNyZWF0ZWQvWjJ5VTQwUjBZakE 200
[debug] [2026-02-05T16:06:41.135Z] <<< [apiv2][body] GET https://cloudfunctions.googleapis.com/v1/operations/bW9vbnN0b25lLTRmZmI2L3VzLWNlbnRyYWwxL29uVXNlckNyZWF0ZWQvWjJ5VTQwUjBZakE {"name":"operations/bW9vbnN0b25lLTRmZmI2L3VzLWNlbnRyYWwxL29uVXNlckNyZWF0ZWQvWjJ5VTQwUjBZakE","metadata":{"@type":"type.googleapis.com/google.cloud.functions.v1.OperationMetadataV1","target":"projects/moonstone-4ffb6/locations/us-central1/functions/onUserCreated","type":"UPDATE_FUNCTION","request":{"@type":"type.googleapis.com/google.cloud.functions.v1.CloudFunction","name":"projects/moonstone-4ffb6/locations/us-central1/functions/onUserCreated","eventTrigger":{"eventType":"providers/firebase.auth/eventTypes/user.create","resource":"projects/moonstone-4ffb6","service":"firebaseauth.googleapis.com"},"status":"ACTIVE","entryPoint":"onUserCreated","updateTime":"2026-02-05T15:47:52.578Z","versionId":"37","labels":{"deployment-tool":"cli-firebase","firebase-functions-hash":"601a9d2c7821ba6b3231d8b73751faf9cff534f0"},"sourceUploadUrl":"https://storage.googleapis.com/uploads-103741382100.us-central1.cloudfunctions.appspot.com/fd5f4b10-979c-4e98-8fed-6ea9b74dbfdd.zip?GoogleAccessId=service-209159062090@gcf-admin-robot.iam.gserviceaccount.com&Expires=1770309269&Signature=ilJjefXq3lJUkA84HjrpUi4RDBqk01KPGYCZQm2TsbY7Kc5SoJWKZ6CH%2B5sH1%2FgFo8Ob0g8mVzKpsLMs%2FRJtTYvlt79c8%2FB02ZDiY1J23aBqfygefWZQXpeG3n8jBejT57h%2Bxp1SWbH9ounL%2FC4OQoaUfR2%2BqoQiawPyiuSDwdVefJ%2F4lXTkPW2q73gSsxF4C2hSstsFavTDPo6PDRPOYVZhGEPamDoNzTsxIBVQ%2F8P8FbpJdZtKuZTk8FpBTGZDkh73zwA5AWegbOsbxZ7GhKcMtl1WhwgSzS%2Bd1EIVzSocbKV6II9eZZu69vhrcs7gKzowVIpwQhT3hAshnFAboQ%3D%3D","environmentVariables":{"FIREBASE_CONFIG":"{\"projectId\":\"moonstone-4ffb6\",\"storageBucket\":\"moonstone-4ffb6.firebasestorage.app\"}","GCLOUD_PROJECT":"moonstone-4ffb6","EVENTARC_CLOUD_EVENT_SOURCE":"projects/moonstone-4ffb6/locations/us-central1/functions/onUserCreated"},"runtime":"nodejs20","buildId":"69f59c75-70a9-4043-acf7-a346c1545c96","buildEnvironmentVariables":{"GOOGLE_NODE_RUN_SCRIPTS":""},"buildName":"projects/209159062090/locations/us-central1/builds/69f59c75-70a9-4043-acf7-a346c1545c96","dockerRegistry":"ARTIFACT_REGISTRY","automaticUpdatePolicy":{},"buildServiceAccount":"projects/moonstone-4ffb6/serviceAccounts/209159062090-compute@developer.gserviceaccount.com"},"versionId":"38","updateTime":"2026-02-05T16:04:30Z","buildId":"8baebbba-7ede-4b99-ba2a-42efc01e5585","sourceToken":"af378585-4cef-4f9c-ae10-27b69417ae8b","buildName":"projects/209159062090/locations/us-central1/builds/8baebbba-7ede-4b99-ba2a-42efc01e5585"}}
[debug] [2026-02-05T16:06:41.136Z] Got source token af378585-4cef-4f9c-ae10-27b69417ae8b for region us-central1
[debug] [2026-02-05T16:06:41.301Z] [update-default-us-central1-previewVoice] Retrying task index 0
[debug] [2026-02-05T16:06:41.301Z] Checked if tokens are valid: true, expires at: 1770308555729
[debug] [2026-02-05T16:06:41.301Z] Checked if tokens are valid: true, expires at: 1770308555729
[debug] [2026-02-05T16:06:41.301Z] >>> [apiv2][query] GET https://cloudfunctions.googleapis.com/v2/projects/moonstone-4ffb6/locations/us-central1/operations/operation-1770307469925-64a15d3e35c8e-39a3132d-d1ed5cc7 [none]
[debug] [2026-02-05T16:06:41.499Z] <<< [apiv2][status] GET https://cloudfunctions.googleapis.com/v2/projects/moonstone-4ffb6/locations/us-central1/operations/operation-1770307469925-64a15d3e35c8e-39a3132d-d1ed5cc7 200
[debug] [2026-02-05T16:06:41.499Z] <<< [apiv2][body] GET https://cloudfunctions.googleapis.com/v2/projects/moonstone-4ffb6/locations/us-central1/operations/operation-1770307469925-64a15d3e35c8e-39a3132d-d1ed5cc7 {"name":"projects/moonstone-4ffb6/locations/us-central1/operations/operation-1770307469925-64a15d3e35c8e-39a3132d-d1ed5cc7","metadata":{"@type":"type.googleapis.com/google.cloud.functions.v2.OperationMetadata","createTime":"2026-02-05T16:04:30.622575670Z","target":"projects/moonstone-4ffb6/locations/us-central1/functions/previewVoice","verb":"update","cancelRequested":false,"apiVersion":"v2","requestResource":{"@type":"type.googleapis.com/google.cloud.functions.v2.Function","name":"projects/moonstone-4ffb6/locations/us-central1/functions/previewVoice","buildConfig":{"runtime":"nodejs20","entryPoint":"previewVoice","source":{"storageSource":{"bucket":"gcf-v2-sources-209159062090-us-central1","object":"previewVoice/function-source.zip","generation":"1770307470574217"}},"environmentVariables":{"GOOGLE_NODE_RUN_SCRIPTS":""},"dockerRepository":"projects/moonstone-4ffb6/locations/us-central1/repositories/gcf-artifacts","sourceProvenance":{"resolvedStorageSource":{"bucket":"gcf-v2-sources-209159062090-us-central1","object":"previewVoice/function-source.zip","generation":"1770306322040150"}},"dockerRegistry":"ARTIFACT_REGISTRY","serviceAccount":"projects/moonstone-4ffb6/serviceAccounts/209159062090-compute@developer.gserviceaccount.com","automaticUpdatePolicy":{}},"serviceConfig":{"service":"projects/moonstone-4ffb6/locations/us-central1/services/previewvoice","timeoutSeconds":60,"environmentVariables":{"FIREBASE_CONFIG":"{\"projectId\":\"moonstone-4ffb6\",\"storageBucket\":\"moonstone-4ffb6.firebasestorage.app\"}","GCLOUD_PROJECT":"moonstone-4ffb6","EVENTARC_CLOUD_EVENT_SOURCE":"projects/moonstone-4ffb6/locations/us-central1/services/previewVoice","FUNCTION_TARGET":"previewVoice","LOG_EXECUTION_ID":"true"},"ingressSettings":"ALLOW_ALL","uri":"https://previewvoice-cblu2dsagq-uc.a.run.app","serviceAccountEmail":"209159062090-compute@developer.gserviceaccount.com","availableMemory":"512Mi","allTrafficOnLatestRevision":true,"revision":"previewvoice-00027-vif","maxInstanceRequestConcurrency":80,"availableCpu":"1"},"state":"ACTIVE","labels":{"deployment-tool":"cli-firebase","deployment-callable":"true","firebase-functions-hash":"7bbeefe44dd2fb04675612dc9aa4e05f050b0b2b"},"environment":"GEN_2","url":"https://us-central1-moonstone-4ffb6.cloudfunctions.net/previewVoice","satisfiesPzi":true},"stages":[{"name":"BUILD","message":"Build finished","state":"COMPLETE","resource":"projects/209159062090/locations/us-central1/builds/68bd7e82-b514-403f-9791-758372b59bcb","resourceUri":"https://console.cloud.google.com/cloud-build/builds;region=us-central1/68bd7e82-b514-403f-9791-758372b59bcb?project=209159062090","stateMessages":[{"severity":"WARNING","type":"BuildAnalysisWarning","message":"*** Improve build performance by generating and committing package-lock.json."}]},{"name":"SERVICE","message":"Updating Cloud Run service","state":"IN_PROGRESS","resource":"projects/moonstone-4ffb6/locations/us-central1/services/previewvoice","resourceUri":"https://console.cloud.google.com/run/detail/us-central1/previewvoice?project=moonstone-4ffb6","stateMessages":[{"severity":"INFO","type":"CloudRunServiceNewRevisionTrafficInfo","message":"A new revision will be deployed serving with 100% traffic."}]}],"sourceToken":"Cldwcm9qZWN0cy8yMDkxNTkwNjIwOTAvbG9jYXRpb25zL3VzLWNlbnRyYWwxL2J1aWxkcy82OGJkN2U4Mi1iNTE0LTQwM2YtOTc5MS03NTgzNzJiNTliY2IScHVzLWNlbnRyYWwxLWRvY2tlci5wa2cuZGV2L21vb25zdG9uZS00ZmZiNi9nY2YtYXJ0aWZhY3RzL21vb25zdG9uZS0tNGZmYjZfX3VzLS1jZW50cmFsMV9fcHJldmlld192b2ljZTp2ZXJzaW9uXzEYyoTolosGIkVwcm9qZWN0cy9tb29uc3RvbmUtNGZmYjYvbG9jYXRpb25zL3VzLWNlbnRyYWwxL2Z1bmN0aW9ucy9wcmV2aWV3Vm9pY2UqDAiGgJPMBhDY7+7JAzIIbm9kZWpzMjA6dgojZ2NyLmlvL2dhZS1ydW50aW1lcy9ub2RlanMyMDpzdGFibGUST3VzLWNlbnRyYWwxLWRvY2tlci5wa2cuZGV2L3NlcnZlcmxlc3MtcnVudGltZXMvZ29vZ2xlLTIyLWZ1bGwvcnVudGltZXMvbm9kZWpzMjBAAQ==","operationType":"UPDATE_FUNCTION","buildName":"projects/209159062090/locations/us-central1/builds/68bd7e82-b514-403f-9791-758372b59bcb"},"done":false}
[debug] [2026-02-05T16:06:41.499Z] Got source token Cldwcm9qZWN0cy8yMDkxNTkwNjIwOTAvbG9jYXRpb25zL3VzLWNlbnRyYWwxL2J1aWxkcy82OGJkN2U4Mi1iNTE0LTQwM2YtOTc5MS03NTgzNzJiNTliY2IScHVzLWNlbnRyYWwxLWRvY2tlci5wa2cuZGV2L21vb25zdG9uZS00ZmZiNi9nY2YtYXJ0aWZhY3RzL21vb25zdG9uZS0tNGZmYjZfX3VzLS1jZW50cmFsMV9fcHJldmlld192b2ljZTp2ZXJzaW9uXzEYyoTolosGIkVwcm9qZWN0cy9tb29uc3RvbmUtNGZmYjYvbG9jYXRpb25zL3VzLWNlbnRyYWwxL2Z1bmN0aW9ucy9wcmV2aWV3Vm9pY2UqDAiGgJPMBhDY7+7JAzIIbm9kZWpzMjA6dgojZ2NyLmlvL2dhZS1ydW50aW1lcy9ub2RlanMyMDpzdGFibGUST3VzLWNlbnRyYWwxLWRvY2tlci5wa2cuZGV2L3NlcnZlcmxlc3MtcnVudGltZXMvZ29vZ2xlLTIyLWZ1bGwvcnVudGltZXMvbm9kZWpzMjBAAQ== for region us-central1
[debug] [2026-02-05T16:06:41.676Z] [update-default-us-central1-createStory] Retrying task index 0
[debug] [2026-02-05T16:06:41.677Z] Checked if tokens are valid: true, expires at: 1770308555729
[debug] [2026-02-05T16:06:41.677Z] Checked if tokens are valid: true, expires at: 1770308555729
[debug] [2026-02-05T16:06:41.677Z] >>> [apiv2][query] GET https://cloudfunctions.googleapis.com/v2/projects/moonstone-4ffb6/locations/us-central1/operations/operation-1770307469959-64a15d3e3e1e3-9c651303-a65010cb [none]
[debug] [2026-02-05T16:06:41.841Z] <<< [apiv2][status] GET https://cloudfunctions.googleapis.com/v2/projects/moonstone-4ffb6/locations/us-central1/operations/operation-1770307469959-64a15d3e3e1e3-9c651303-a65010cb 200
[debug] [2026-02-05T16:06:41.842Z] <<< [apiv2][body] GET https://cloudfunctions.googleapis.com/v2/projects/moonstone-4ffb6/locations/us-central1/operations/operation-1770307469959-64a15d3e3e1e3-9c651303-a65010cb {"name":"projects/moonstone-4ffb6/locations/us-central1/operations/operation-1770307469959-64a15d3e3e1e3-9c651303-a65010cb","metadata":{"@type":"type.googleapis.com/google.cloud.functions.v2.OperationMetadata","createTime":"2026-02-05T16:04:30.622741317Z","target":"projects/moonstone-4ffb6/locations/us-central1/functions/createStory","verb":"update","cancelRequested":false,"apiVersion":"v2","requestResource":{"@type":"type.googleapis.com/google.cloud.functions.v2.Function","name":"projects/moonstone-4ffb6/locations/us-central1/functions/createStory","buildConfig":{"runtime":"nodejs20","entryPoint":"createStory","source":{"storageSource":{"bucket":"gcf-v2-sources-209159062090-us-central1","object":"createStory/function-source.zip","generation":"1770307470571183"}},"environmentVariables":{"GOOGLE_NODE_RUN_SCRIPTS":""},"dockerRepository":"projects/moonstone-4ffb6/locations/us-central1/repositories/gcf-artifacts","sourceProvenance":{"resolvedStorageSource":{"bucket":"gcf-v2-sources-209159062090-us-central1","object":"createStory/function-source.zip","generation":"1770306322005926"}},"dockerRegistry":"ARTIFACT_REGISTRY","serviceAccount":"projects/moonstone-4ffb6/serviceAccounts/209159062090-compute@developer.gserviceaccount.com","automaticUpdatePolicy":{}},"serviceConfig":{"service":"projects/moonstone-4ffb6/locations/us-central1/services/createstory","timeoutSeconds":540,"environmentVariables":{"FIREBASE_CONFIG":"{\"projectId\":\"moonstone-4ffb6\",\"storageBucket\":\"moonstone-4ffb6.firebasestorage.app\"}","GCLOUD_PROJECT":"moonstone-4ffb6","EVENTARC_CLOUD_EVENT_SOURCE":"projects/moonstone-4ffb6/locations/us-central1/services/createStory","FUNCTION_TARGET":"createStory","LOG_EXECUTION_ID":"true"},"ingressSettings":"ALLOW_ALL","uri":"https://createstory-cblu2dsagq-uc.a.run.app","serviceAccountEmail":"209159062090-compute@developer.gserviceaccount.com","availableMemory":"1024Mi","allTrafficOnLatestRevision":true,"revision":"createstory-00062-lel","maxInstanceRequestConcurrency":80,"availableCpu":"1"},"state":"ACTIVE","labels":{"deployment-tool":"cli-firebase","deployment-callable":"true","firebase-functions-hash":"7bbeefe44dd2fb04675612dc9aa4e05f050b0b2b"},"environment":"GEN_2","url":"https://us-central1-moonstone-4ffb6.cloudfunctions.net/createStory","satisfiesPzi":true},"stages":[{"name":"BUILD","message":"Build finished","state":"COMPLETE","resource":"projects/209159062090/locations/us-central1/builds/25c50249-3a7d-44ac-a749-66cd96fd1a69","resourceUri":"https://console.cloud.google.com/cloud-build/builds;region=us-central1/25c50249-3a7d-44ac-a749-66cd96fd1a69?project=209159062090","stateMessages":[{"severity":"WARNING","type":"BuildAnalysisWarning","message":"*** Improve build performance by generating and committing package-lock.json."}]},{"name":"SERVICE","message":"Updating Cloud Run service","state":"IN_PROGRESS","resource":"projects/moonstone-4ffb6/locations/us-central1/services/createstory","resourceUri":"https://console.cloud.google.com/run/detail/us-central1/createstory?project=moonstone-4ffb6","stateMessages":[{"severity":"INFO","type":"CloudRunServiceNewRevisionTrafficInfo","message":"A new revision will be deployed serving with 100% traffic."}]}],"sourceToken":"Cldwcm9qZWN0cy8yMDkxNTkwNjIwOTAvbG9jYXRpb25zL3VzLWNlbnRyYWwxL2J1aWxkcy8yNWM1MDI0OS0zYTdkLTQ0YWMtYTc0OS02NmNkOTZmZDFhNjkSb3VzLWNlbnRyYWwxLWRvY2tlci5wa2cuZGV2L21vb25zdG9uZS00ZmZiNi9nY2YtYXJ0aWZhY3RzL21vb25zdG9uZS0tNGZmYjZfX3VzLS1jZW50cmFsMV9fY3JlYXRlX3N0b3J5OnZlcnNpb25fMRjKhOiWiwYiRHByb2plY3RzL21vb25zdG9uZS00ZmZiNi9sb2NhdGlvbnMvdXMtY2VudHJhbDEvZnVuY3Rpb25zL2NyZWF0ZVN0b3J5KgwIjYCTzAYQyO6q6wEyCG5vZGVqczIwOnYKI2djci5pby9nYWUtcnVudGltZXMvbm9kZWpzMjA6c3RhYmxlEk91cy1jZW50cmFsMS1kb2NrZXIucGtnLmRldi9zZXJ2ZXJsZXNzLXJ1bnRpbWVzL2dvb2dsZS0yMi1mdWxsL3J1bnRpbWVzL25vZGVqczIwQAE=","operationType":"UPDATE_FUNCTION","buildName":"projects/209159062090/locations/us-central1/builds/25c50249-3a7d-44ac-a749-66cd96fd1a69"},"done":false}
[debug] [2026-02-05T16:06:41.842Z] Got source token Cldwcm9qZWN0cy8yMDkxNTkwNjIwOTAvbG9jYXRpb25zL3VzLWNlbnRyYWwxL2J1aWxkcy8yNWM1MDI0OS0zYTdkLTQ0YWMtYTc0OS02NmNkOTZmZDFhNjkSb3VzLWNlbnRyYWwxLWRvY2tlci5wa2cuZGV2L21vb25zdG9uZS00ZmZiNi9nY2YtYXJ0aWZhY3RzL21vb25zdG9uZS0tNGZmYjZfX3VzLS1jZW50cmFsMV9fY3JlYXRlX3N0b3J5OnZlcnNpb25fMRjKhOiWiwYiRHByb2plY3RzL21vb25zdG9uZS00ZmZiNi9sb2NhdGlvbnMvdXMtY2VudHJhbDEvZnVuY3Rpb25zL2NyZWF0ZVN0b3J5KgwIjYCTzAYQyO6q6wEyCG5vZGVqczIwOnYKI2djci5pby9nYWUtcnVudGltZXMvbm9kZWpzMjA6c3RhYmxlEk91cy1jZW50cmFsMS1kb2NrZXIucGtnLmRldi9zZXJ2ZXJsZXNzLXJ1bnRpbWVzL2dvb2dsZS0yMi1mdWxsL3J1bnRpbWVzL25vZGVqczIwQAE= for region us-central1
[debug] [2026-02-05T16:06:41.849Z] [update-default-us-central1-addToLibrary] Retrying task index 0
[debug] [2026-02-05T16:06:41.849Z] Checked if tokens are valid: true, expires at: 1770308555729
[debug] [2026-02-05T16:06:41.849Z] Checked if tokens are valid: true, expires at: 1770308555729
[debug] [2026-02-05T16:06:41.849Z] >>> [apiv2][query] GET https://cloudfunctions.googleapis.com/v2/projects/moonstone-4ffb6/locations/us-central1/operations/operation-1770307469884-64a15d3e2bb4b-a5861e88-08d66d81 [none]
[debug] [2026-02-05T16:06:42.047Z] <<< [apiv2][status] GET https://cloudfunctions.googleapis.com/v2/projects/moonstone-4ffb6/locations/us-central1/operations/operation-1770307469884-64a15d3e2bb4b-a5861e88-08d66d81 200
[debug] [2026-02-05T16:06:42.047Z] <<< [apiv2][body] GET https://cloudfunctions.googleapis.com/v2/projects/moonstone-4ffb6/locations/us-central1/operations/operation-1770307469884-64a15d3e2bb4b-a5861e88-08d66d81 {"name":"projects/moonstone-4ffb6/locations/us-central1/operations/operation-1770307469884-64a15d3e2bb4b-a5861e88-08d66d81","metadata":{"@type":"type.googleapis.com/google.cloud.functions.v2.OperationMetadata","createTime":"2026-02-05T16:04:30.602082585Z","target":"projects/moonstone-4ffb6/locations/us-central1/functions/addToLibrary","verb":"update","cancelRequested":false,"apiVersion":"v2","requestResource":{"@type":"type.googleapis.com/google.cloud.functions.v2.Function","name":"projects/moonstone-4ffb6/locations/us-central1/functions/addToLibrary","buildConfig":{"runtime":"nodejs20","entryPoint":"addToLibrary","source":{"storageSource":{"bucket":"gcf-v2-sources-209159062090-us-central1","object":"addToLibrary/function-source.zip","generation":"1770307470546449"}},"environmentVariables":{"GOOGLE_NODE_RUN_SCRIPTS":""},"dockerRepository":"projects/moonstone-4ffb6/locations/us-central1/repositories/gcf-artifacts","sourceProvenance":{"resolvedStorageSource":{"bucket":"gcf-v2-sources-209159062090-us-central1","object":"addToLibrary/function-source.zip","generation":"1770306321990882"}},"dockerRegistry":"ARTIFACT_REGISTRY","serviceAccount":"projects/moonstone-4ffb6/serviceAccounts/209159062090-compute@developer.gserviceaccount.com","automaticUpdatePolicy":{}},"serviceConfig":{"service":"projects/moonstone-4ffb6/locations/us-central1/services/addtolibrary","timeoutSeconds":60,"environmentVariables":{"FIREBASE_CONFIG":"{\"projectId\":\"moonstone-4ffb6\",\"storageBucket\":\"moonstone-4ffb6.firebasestorage.app\"}","GCLOUD_PROJECT":"moonstone-4ffb6","EVENTARC_CLOUD_EVENT_SOURCE":"projects/moonstone-4ffb6/locations/us-central1/services/addToLibrary","FUNCTION_TARGET":"addToLibrary","LOG_EXECUTION_ID":"true","FUNCTION_SIGNATURE_TYPE":"http"},"ingressSettings":"ALLOW_ALL","uri":"https://addtolibrary-cblu2dsagq-uc.a.run.app","serviceAccountEmail":"209159062090-compute@developer.gserviceaccount.com","availableMemory":"256Mi","allTrafficOnLatestRevision":true,"revision":"addtolibrary-00036-zum","maxInstanceRequestConcurrency":80,"availableCpu":"1"},"state":"ACTIVE","labels":{"deployment-tool":"cloudfunctions","deployment-callable":"true","firebase-functions-hash":"7bbeefe44dd2fb04675612dc9aa4e05f050b0b2b"},"environment":"GEN_2","url":"https://us-central1-moonstone-4ffb6.cloudfunctions.net/addToLibrary","satisfiesPzi":true},"stages":[{"name":"BUILD","message":"Build finished","state":"COMPLETE","resource":"projects/209159062090/locations/us-central1/builds/ee4e2110-d135-4dd6-9e8b-4bdd6d27be6d","resourceUri":"https://console.cloud.google.com/cloud-build/builds;region=us-central1/ee4e2110-d135-4dd6-9e8b-4bdd6d27be6d?project=209159062090","stateMessages":[{"severity":"WARNING","type":"BuildAnalysisWarning","message":"*** Improve build performance by generating and committing package-lock.json."}]},{"name":"SERVICE","message":"Updating Cloud Run service","state":"IN_PROGRESS","resource":"projects/moonstone-4ffb6/locations/us-central1/services/addtolibrary","resourceUri":"https://console.cloud.google.com/run/detail/us-central1/addtolibrary?project=moonstone-4ffb6","stateMessages":[{"severity":"INFO","type":"CloudRunServiceNewRevisionTrafficInfo","message":"A new revision will be deployed serving with 100% traffic."}]}],"sourceToken":"Cldwcm9qZWN0cy8yMDkxNTkwNjIwOTAvbG9jYXRpb25zL3VzLWNlbnRyYWwxL2J1aWxkcy9lZTRlMjExMC1kMTM1LTRkZDYtOWU4Yi00YmRkNmQyN2JlNmQScXVzLWNlbnRyYWwxLWRvY2tlci5wa2cuZGV2L21vb25zdG9uZS00ZmZiNi9nY2YtYXJ0aWZhY3RzL21vb25zdG9uZS0tNGZmYjZfX3VzLS1jZW50cmFsMV9fYWRkX3RvX2xpYnJhcnk6dmVyc2lvbl8xGMqE6JaLBiJFcHJvamVjdHMvbW9vbnN0b25lLTRmZmI2L2xvY2F0aW9ucy91cy1jZW50cmFsMS9mdW5jdGlvbnMvYWRkVG9MaWJyYXJ5KgwIjICTzAYQ0KqamAIyCG5vZGVqczIwOnYKI2djci5pby9nYWUtcnVudGltZXMvbm9kZWpzMjA6c3RhYmxlEk91cy1jZW50cmFsMS1kb2NrZXIucGtnLmRldi9zZXJ2ZXJsZXNzLXJ1bnRpbWVzL2dvb2dsZS0yMi1mdWxsL3J1bnRpbWVzL25vZGVqczIwQAE=","operationType":"UPDATE_FUNCTION","buildName":"projects/209159062090/locations/us-central1/builds/ee4e2110-d135-4dd6-9e8b-4bdd6d27be6d"},"done":false}
[debug] [2026-02-05T16:06:42.047Z] Got source token Cldwcm9qZWN0cy8yMDkxNTkwNjIwOTAvbG9jYXRpb25zL3VzLWNlbnRyYWwxL2J1aWxkcy9lZTRlMjExMC1kMTM1LTRkZDYtOWU4Yi00YmRkNmQyN2JlNmQScXVzLWNlbnRyYWwxLWRvY2tlci5wa2cuZGV2L21vb25zdG9uZS00ZmZiNi9nY2YtYXJ0aWZhY3RzL21vb25zdG9uZS0tNGZmYjZfX3VzLS1jZW50cmFsMV9fYWRkX3RvX2xpYnJhcnk6dmVyc2lvbl8xGMqE6JaLBiJFcHJvamVjdHMvbW9vbnN0b25lLTRmZmI2L2xvY2F0aW9ucy91cy1jZW50cmFsMS9mdW5jdGlvbnMvYWRkVG9MaWJyYXJ5KgwIjICTzAYQ0KqamAIyCG5vZGVqczIwOnYKI2djci5pby9nYWUtcnVudGltZXMvbm9kZWpzMjA6c3RhYmxlEk91cy1jZW50cmFsMS1kb2NrZXIucGtnLmRldi9zZXJ2ZXJsZXNzLXJ1bnRpbWVzL2dvb2dsZS0yMi1mdWxsL3J1bnRpbWVzL25vZGVqczIwQAE= for region us-central1
[debug] [2026-02-05T16:06:42.047Z] Checked if tokens are valid: true, expires at: 1770308555729
[debug] [2026-02-05T16:06:42.047Z] Checked if tokens are valid: true, expires at: 1770308555729
[debug] [2026-02-05T16:06:42.047Z] Checked if tokens are valid: true, expires at: 1770308555729
[debug] [2026-02-05T16:06:42.047Z] Checked if tokens are valid: true, expires at: 1770308555729
[debug] [2026-02-05T16:06:42.047Z] Checked if tokens are valid: true, expires at: 1770308555729
[debug] [2026-02-05T16:06:42.047Z] Checked if tokens are valid: true, expires at: 1770308555729
[debug] [2026-02-05T16:06:42.048Z] >>> [apiv2][query] PATCH https://cloudfunctions.googleapis.com/v2/projects/moonstone-4ffb6/locations/us-central1/functions/deleteStory updateMask=name%2CbuildConfig.runtime%2CbuildConfig.entryPoint%2CbuildConfig.source.storageSource.bucket%2CbuildConfig.source.storageSource.object%2CbuildConfig.environmentVariables%2CbuildConfig.sourceToken%2CserviceConfig.environmentVariables%2CserviceConfig.ingressSettings%2CserviceConfig.timeoutSeconds%2CserviceConfig.serviceAccountEmail%2CserviceConfig.availableMemory%2CserviceConfig.minInstanceCount%2CserviceConfig.maxInstanceCount%2CserviceConfig.maxInstanceRequestConcurrency%2CserviceConfig.availableCpu%2CserviceConfig.vpcConnector%2CserviceConfig.vpcConnectorEgressSettings%2Clabels
[debug] [2026-02-05T16:06:42.048Z] >>> [apiv2][body] PATCH https://cloudfunctions.googleapis.com/v2/projects/moonstone-4ffb6/locations/us-central1/functions/deleteStory {"name":"projects/moonstone-4ffb6/locations/us-central1/functions/deleteStory","buildConfig":{"runtime":"nodejs20","entryPoint":"deleteStory","source":{"storageSource":{"bucket":"gcf-v2-uploads-209159062090.us-central1.cloudfunctions.appspot.com","object":"92efb0cd-8bf9-4640-94f9-dbe4413cd649.zip"}},"environmentVariables":{"GOOGLE_NODE_RUN_SCRIPTS":""},"sourceToken":"Cldwcm9qZWN0cy8yMDkxNTkwNjIwOTAvbG9jYXRpb25zL3VzLWNlbnRyYWwxL2J1aWxkcy9lZTRlMjExMC1kMTM1LTRkZDYtOWU4Yi00YmRkNmQyN2JlNmQScXVzLWNlbnRyYWwxLWRvY2tlci5wa2cuZGV2L21vb25zdG9uZS00ZmZiNi9nY2YtYXJ0aWZhY3RzL21vb25zdG9uZS0tNGZmYjZfX3VzLS1jZW50cmFsMV9fYWRkX3RvX2xpYnJhcnk6dmVyc2lvbl8xGMqE6JaLBiJFcHJvamVjdHMvbW9vbnN0b25lLTRmZmI2L2xvY2F0aW9ucy91cy1jZW50cmFsMS9mdW5jdGlvbnMvYWRkVG9MaWJyYXJ5KgwIjICTzAYQ0KqamAIyCG5vZGVqczIwOnYKI2djci5pby9nYWUtcnVudGltZXMvbm9kZWpzMjA6c3RhYmxlEk91cy1jZW50cmFsMS1kb2NrZXIucGtnLmRldi9zZXJ2ZXJsZXNzLXJ1bnRpbWVzL2dvb2dsZS0yMi1mdWxsL3J1bnRpbWVzL25vZGVqczIwQAE="},"serviceConfig":{"environmentVariables":{"FIREBASE_CONFIG":"{\"projectId\":\"moonstone-4ffb6\",\"storageBucket\":\"moonstone-4ffb6.firebasestorage.app\"}","GCLOUD_PROJECT":"moonstone-4ffb6","EVENTARC_CLOUD_EVENT_SOURCE":"projects/moonstone-4ffb6/locations/us-central1/services/deleteStory","FUNCTION_TARGET":"deleteStory","LOG_EXECUTION_ID":"true","FUNCTION_SIGNATURE_TYPE":"http"},"ingressSettings":null,"timeoutSeconds":null,"serviceAccountEmail":null,"availableMemory":"256Mi","minInstanceCount":null,"maxInstanceCount":null,"maxInstanceRequestConcurrency":80,"availableCpu":"1","vpcConnector":null,"vpcConnectorEgressSettings":null},"labels":{"deployment-tool":"cli-firebase","deployment-callable":"true","firebase-functions-hash":"7bbeefe44dd2fb04675612dc9aa4e05f050b0b2b"}}
[debug] [2026-02-05T16:06:42.048Z] >>> [apiv2][query] PATCH https://cloudfunctions.googleapis.com/v2/projects/moonstone-4ffb6/locations/us-central1/functions/toggleFavorite updateMask=name%2CbuildConfig.runtime%2CbuildConfig.entryPoint%2CbuildConfig.source.storageSource.bucket%2CbuildConfig.source.storageSource.object%2CbuildConfig.environmentVariables%2CbuildConfig.sourceToken%2CserviceConfig.environmentVariables%2CserviceConfig.ingressSettings%2CserviceConfig.timeoutSeconds%2CserviceConfig.serviceAccountEmail%2CserviceConfig.availableMemory%2CserviceConfig.minInstanceCount%2CserviceConfig.maxInstanceCount%2CserviceConfig.maxInstanceRequestConcurrency%2CserviceConfig.availableCpu%2CserviceConfig.vpcConnector%2CserviceConfig.vpcConnectorEgressSettings%2Clabels
[debug] [2026-02-05T16:06:42.048Z] >>> [apiv2][body] PATCH https://cloudfunctions.googleapis.com/v2/projects/moonstone-4ffb6/locations/us-central1/functions/toggleFavorite {"name":"projects/moonstone-4ffb6/locations/us-central1/functions/toggleFavorite","buildConfig":{"runtime":"nodejs20","entryPoint":"toggleFavorite","source":{"storageSource":{"bucket":"gcf-v2-uploads-209159062090.us-central1.cloudfunctions.appspot.com","object":"92efb0cd-8bf9-4640-94f9-dbe4413cd649.zip"}},"environmentVariables":{"GOOGLE_NODE_RUN_SCRIPTS":""},"sourceToken":"Cldwcm9qZWN0cy8yMDkxNTkwNjIwOTAvbG9jYXRpb25zL3VzLWNlbnRyYWwxL2J1aWxkcy9lZTRlMjExMC1kMTM1LTRkZDYtOWU4Yi00YmRkNmQyN2JlNmQScXVzLWNlbnRyYWwxLWRvY2tlci5wa2cuZGV2L21vb25zdG9uZS00ZmZiNi9nY2YtYXJ0aWZhY3RzL21vb25zdG9uZS0tNGZmYjZfX3VzLS1jZW50cmFsMV9fYWRkX3RvX2xpYnJhcnk6dmVyc2lvbl8xGMqE6JaLBiJFcHJvamVjdHMvbW9vbnN0b25lLTRmZmI2L2xvY2F0aW9ucy91cy1jZW50cmFsMS9mdW5jdGlvbnMvYWRkVG9MaWJyYXJ5KgwIjICTzAYQ0KqamAIyCG5vZGVqczIwOnYKI2djci5pby9nYWUtcnVudGltZXMvbm9kZWpzMjA6c3RhYmxlEk91cy1jZW50cmFsMS1kb2NrZXIucGtnLmRldi9zZXJ2ZXJsZXNzLXJ1bnRpbWVzL2dvb2dsZS0yMi1mdWxsL3J1bnRpbWVzL25vZGVqczIwQAE="},"serviceConfig":{"environmentVariables":{"FIREBASE_CONFIG":"{\"projectId\":\"moonstone-4ffb6\",\"storageBucket\":\"moonstone-4ffb6.firebasestorage.app\"}","GCLOUD_PROJECT":"moonstone-4ffb6","EVENTARC_CLOUD_EVENT_SOURCE":"projects/moonstone-4ffb6/locations/us-central1/services/toggleFavorite","FUNCTION_TARGET":"toggleFavorite","LOG_EXECUTION_ID":"true","FUNCTION_SIGNATURE_TYPE":"http"},"ingressSettings":null,"timeoutSeconds":null,"serviceAccountEmail":null,"availableMemory":"256Mi","minInstanceCount":null,"maxInstanceCount":null,"maxInstanceRequestConcurrency":80,"availableCpu":"1","vpcConnector":null,"vpcConnectorEgressSettings":null},"labels":{"deployment-tool":"cli-firebase","deployment-callable":"true","firebase-functions-hash":"7bbeefe44dd2fb04675612dc9aa4e05f050b0b2b"}}
[debug] [2026-02-05T16:06:42.049Z] >>> [apiv2][query] PATCH https://cloudfunctions.googleapis.com/v2/projects/moonstone-4ffb6/locations/us-central1/functions/updateProgress updateMask=name%2CbuildConfig.runtime%2CbuildConfig.entryPoint%2CbuildConfig.source.storageSource.bucket%2CbuildConfig.source.storageSource.object%2CbuildConfig.environmentVariables%2CbuildConfig.sourceToken%2CserviceConfig.environmentVariables%2CserviceConfig.ingressSettings%2CserviceConfig.timeoutSeconds%2CserviceConfig.serviceAccountEmail%2CserviceConfig.availableMemory%2CserviceConfig.minInstanceCount%2CserviceConfig.maxInstanceCount%2CserviceConfig.maxInstanceRequestConcurrency%2CserviceConfig.availableCpu%2CserviceConfig.vpcConnector%2CserviceConfig.vpcConnectorEgressSettings%2Clabels
[debug] [2026-02-05T16:06:42.049Z] >>> [apiv2][body] PATCH https://cloudfunctions.googleapis.com/v2/projects/moonstone-4ffb6/locations/us-central1/functions/updateProgress {"name":"projects/moonstone-4ffb6/locations/us-central1/functions/updateProgress","buildConfig":{"runtime":"nodejs20","entryPoint":"updateProgress","source":{"storageSource":{"bucket":"gcf-v2-uploads-209159062090.us-central1.cloudfunctions.appspot.com","object":"92efb0cd-8bf9-4640-94f9-dbe4413cd649.zip"}},"environmentVariables":{"GOOGLE_NODE_RUN_SCRIPTS":""},"sourceToken":"Cldwcm9qZWN0cy8yMDkxNTkwNjIwOTAvbG9jYXRpb25zL3VzLWNlbnRyYWwxL2J1aWxkcy9lZTRlMjExMC1kMTM1LTRkZDYtOWU4Yi00YmRkNmQyN2JlNmQScXVzLWNlbnRyYWwxLWRvY2tlci5wa2cuZGV2L21vb25zdG9uZS00ZmZiNi9nY2YtYXJ0aWZhY3RzL21vb25zdG9uZS0tNGZmYjZfX3VzLS1jZW50cmFsMV9fYWRkX3RvX2xpYnJhcnk6dmVyc2lvbl8xGMqE6JaLBiJFcHJvamVjdHMvbW9vbnN0b25lLTRmZmI2L2xvY2F0aW9ucy91cy1jZW50cmFsMS9mdW5jdGlvbnMvYWRkVG9MaWJyYXJ5KgwIjICTzAYQ0KqamAIyCG5vZGVqczIwOnYKI2djci5pby9nYWUtcnVudGltZXMvbm9kZWpzMjA6c3RhYmxlEk91cy1jZW50cmFsMS1kb2NrZXIucGtnLmRldi9zZXJ2ZXJsZXNzLXJ1bnRpbWVzL2dvb2dsZS0yMi1mdWxsL3J1bnRpbWVzL25vZGVqczIwQAE="},"serviceConfig":{"environmentVariables":{"FIREBASE_CONFIG":"{\"projectId\":\"moonstone-4ffb6\",\"storageBucket\":\"moonstone-4ffb6.firebasestorage.app\"}","GCLOUD_PROJECT":"moonstone-4ffb6","EVENTARC_CLOUD_EVENT_SOURCE":"projects/moonstone-4ffb6/locations/us-central1/services/updateProgress","FUNCTION_TARGET":"updateProgress","LOG_EXECUTION_ID":"true","FUNCTION_SIGNATURE_TYPE":"http"},"ingressSettings":null,"timeoutSeconds":null,"serviceAccountEmail":null,"availableMemory":"256Mi","minInstanceCount":null,"maxInstanceCount":null,"maxInstanceRequestConcurrency":80,"availableCpu":"1","vpcConnector":null,"vpcConnectorEgressSettings":null},"labels":{"deployment-tool":"cli-firebase","deployment-callable":"true","firebase-functions-hash":"7bbeefe44dd2fb04675612dc9aa4e05f050b0b2b"}}
[debug] [2026-02-05T16:06:43.005Z] <<< [apiv2][status] PATCH https://cloudfunctions.googleapis.com/v2/projects/moonstone-4ffb6/locations/us-central1/functions/deleteStory 200
[debug] [2026-02-05T16:06:43.005Z] <<< [apiv2][body] PATCH https://cloudfunctions.googleapis.com/v2/projects/moonstone-4ffb6/locations/us-central1/functions/deleteStory {"name":"projects/moonstone-4ffb6/locations/us-central1/operations/operation-1770307600216-64a15dba772a3-1a928495-e18badf1","metadata":{"@type":"type.googleapis.com/google.cloud.functions.v2.OperationMetadata","createTime":"2026-02-05T16:06:40.965012258Z","target":"projects/moonstone-4ffb6/locations/us-central1/functions/deleteStory","verb":"update","cancelRequested":false,"apiVersion":"v2"},"done":false}
[debug] [2026-02-05T16:06:43.006Z] Checked if tokens are valid: true, expires at: 1770308555729
[debug] [2026-02-05T16:06:43.006Z] Checked if tokens are valid: true, expires at: 1770308555729
[debug] [2026-02-05T16:06:43.006Z] >>> [apiv2][query] GET https://cloudfunctions.googleapis.com/v2/projects/moonstone-4ffb6/locations/us-central1/operations/operation-1770307600216-64a15dba772a3-1a928495-e18badf1 [none]
[debug] [2026-02-05T16:06:43.043Z] <<< [apiv2][status] PATCH https://cloudfunctions.googleapis.com/v2/projects/moonstone-4ffb6/locations/us-central1/functions/updateProgress 200
[debug] [2026-02-05T16:06:43.044Z] <<< [apiv2][body] PATCH https://cloudfunctions.googleapis.com/v2/projects/moonstone-4ffb6/locations/us-central1/functions/updateProgress {"name":"projects/moonstone-4ffb6/locations/us-central1/operations/operation-1770307600270-64a15dba84528-f92fd70c-100f3491","metadata":{"@type":"type.googleapis.com/google.cloud.functions.v2.OperationMetadata","createTime":"2026-02-05T16:06:40.992890378Z","target":"projects/moonstone-4ffb6/locations/us-central1/functions/updateProgress","verb":"update","cancelRequested":false,"apiVersion":"v2"},"done":false}
[debug] [2026-02-05T16:06:43.044Z] Checked if tokens are valid: true, expires at: 1770308555729
[debug] [2026-02-05T16:06:43.044Z] Checked if tokens are valid: true, expires at: 1770308555729
[debug] [2026-02-05T16:06:43.044Z] >>> [apiv2][query] GET https://cloudfunctions.googleapis.com/v2/projects/moonstone-4ffb6/locations/us-central1/operations/operation-1770307600270-64a15dba84528-f92fd70c-100f3491 [none]
[debug] [2026-02-05T16:06:43.114Z] <<< [apiv2][status] PATCH https://cloudfunctions.googleapis.com/v2/projects/moonstone-4ffb6/locations/us-central1/functions/toggleFavorite 200
[debug] [2026-02-05T16:06:43.114Z] <<< [apiv2][body] PATCH https://cloudfunctions.googleapis.com/v2/projects/moonstone-4ffb6/locations/us-central1/functions/toggleFavorite {"name":"projects/moonstone-4ffb6/locations/us-central1/operations/operation-1770307600288-64a15dba88b90-4635a2f0-de88da05","metadata":{"@type":"type.googleapis.com/google.cloud.functions.v2.OperationMetadata","createTime":"2026-02-05T16:06:41.063967105Z","target":"projects/moonstone-4ffb6/locations/us-central1/functions/toggleFavorite","verb":"update","cancelRequested":false,"apiVersion":"v2"},"done":false}
[debug] [2026-02-05T16:06:43.114Z] Checked if tokens are valid: true, expires at: 1770308555729
[debug] [2026-02-05T16:06:43.114Z] Checked if tokens are valid: true, expires at: 1770308555729
[debug] [2026-02-05T16:06:43.114Z] >>> [apiv2][query] GET https://cloudfunctions.googleapis.com/v2/projects/moonstone-4ffb6/locations/us-central1/operations/operation-1770307600288-64a15dba88b90-4635a2f0-de88da05 [none]
[debug] [2026-02-05T16:06:43.174Z] <<< [apiv2][status] GET https://cloudfunctions.googleapis.com/v2/projects/moonstone-4ffb6/locations/us-central1/operations/operation-1770307600216-64a15dba772a3-1a928495-e18badf1 200
[debug] [2026-02-05T16:06:43.174Z] <<< [apiv2][body] GET https://cloudfunctions.googleapis.com/v2/projects/moonstone-4ffb6/locations/us-central1/operations/operation-1770307600216-64a15dba772a3-1a928495-e18badf1 {"name":"projects/moonstone-4ffb6/locations/us-central1/operations/operation-1770307600216-64a15dba772a3-1a928495-e18badf1","metadata":{"@type":"type.googleapis.com/google.cloud.functions.v2.OperationMetadata","createTime":"2026-02-05T16:06:40.965012258Z","target":"projects/moonstone-4ffb6/locations/us-central1/functions/deleteStory","verb":"update","cancelRequested":false,"apiVersion":"v2","requestResource":{"@type":"type.googleapis.com/google.cloud.functions.v2.Function","name":"projects/moonstone-4ffb6/locations/us-central1/functions/deleteStory","buildConfig":{"runtime":"nodejs20","entryPoint":"deleteStory","source":{"storageSource":{"bucket":"gcf-v2-sources-209159062090-us-central1","object":"deleteStory/function-source.zip","generation":"1770307600914689"}},"environmentVariables":{"GOOGLE_NODE_RUN_SCRIPTS":""},"dockerRepository":"projects/moonstone-4ffb6/locations/us-central1/repositories/gcf-artifacts","sourceProvenance":{"resolvedStorageSource":{"bucket":"gcf-v2-sources-209159062090-us-central1","object":"deleteStory/function-source.zip","generation":"1770306441843285"}},"dockerRegistry":"ARTIFACT_REGISTRY","sourceToken":"Cldwcm9qZWN0cy8yMDkxNTkwNjIwOTAvbG9jYXRpb25zL3VzLWNlbnRyYWwxL2J1aWxkcy9lZTRlMjExMC1kMTM1LTRkZDYtOWU4Yi00YmRkNmQyN2JlNmQScXVzLWNlbnRyYWwxLWRvY2tlci5wa2cuZGV2L21vb25zdG9uZS00ZmZiNi9nY2YtYXJ0aWZhY3RzL21vb25zdG9uZS0tNGZmYjZfX3VzLS1jZW50cmFsMV9fYWRkX3RvX2xpYnJhcnk6dmVyc2lvbl8xGMqE6JaLBiJFcHJvamVjdHMvbW9vbnN0b25lLTRmZmI2L2xvY2F0aW9ucy91cy1jZW50cmFsMS9mdW5jdGlvbnMvYWRkVG9MaWJyYXJ5KgwIjICTzAYQ0KqamAIyCG5vZGVqczIwOnYKI2djci5pby9nYWUtcnVudGltZXMvbm9kZWpzMjA6c3RhYmxlEk91cy1jZW50cmFsMS1kb2NrZXIucGtnLmRldi9zZXJ2ZXJsZXNzLXJ1bnRpbWVzL2dvb2dsZS0yMi1mdWxsL3J1bnRpbWVzL25vZGVqczIwQAE=","serviceAccount":"projects/moonstone-4ffb6/serviceAccounts/209159062090-compute@developer.gserviceaccount.com","automaticUpdatePolicy":{}},"serviceConfig":{"service":"projects/moonstone-4ffb6/locations/us-central1/services/deletestory","timeoutSeconds":60,"environmentVariables":{"FIREBASE_CONFIG":"{\"projectId\":\"moonstone-4ffb6\",\"storageBucket\":\"moonstone-4ffb6.firebasestorage.app\"}","GCLOUD_PROJECT":"moonstone-4ffb6","EVENTARC_CLOUD_EVENT_SOURCE":"projects/moonstone-4ffb6/locations/us-central1/services/deleteStory","FUNCTION_TARGET":"deleteStory","LOG_EXECUTION_ID":"true","FUNCTION_SIGNATURE_TYPE":"http"},"ingressSettings":"ALLOW_ALL","uri":"https://deletestory-cblu2dsagq-uc.a.run.app","serviceAccountEmail":"209159062090-compute@developer.gserviceaccount.com","availableMemory":"256Mi","allTrafficOnLatestRevision":true,"revision":"deletestory-00032-juc","maxInstanceRequestConcurrency":80,"availableCpu":"1"},"state":"ACTIVE","labels":{"deployment-tool":"cli-firebase","deployment-callable":"true","firebase-functions-hash":"7bbeefe44dd2fb04675612dc9aa4e05f050b0b2b"},"environment":"GEN_2","url":"https://us-central1-moonstone-4ffb6.cloudfunctions.net/deleteStory","satisfiesPzi":true},"stages":[{"name":"BUILD","state":"NOT_STARTED","stateMessages":[{"severity":"WARNING","type":"BuildAnalysisWarning","message":"Node.js 20 is no longer supported by the Node.js community as of 30 April, 2026. Node.js 20 will be deprecated on 2026-04-30. We recommend you to upgrade to the latest version of Node.js as soon as possible."}]},{"name":"SERVICE","state":"NOT_STARTED"}],"sourceToken":"Cldwcm9qZWN0cy8yMDkxNTkwNjIwOTAvbG9jYXRpb25zL3VzLWNlbnRyYWwxL2J1aWxkcy9lZTRlMjExMC1kMTM1LTRkZDYtOWU4Yi00YmRkNmQyN2JlNmQScXVzLWNlbnRyYWwxLWRvY2tlci5wa2cuZGV2L21vb25zdG9uZS00ZmZiNi9nY2YtYXJ0aWZhY3RzL21vb25zdG9uZS0tNGZmYjZfX3VzLS1jZW50cmFsMV9fYWRkX3RvX2xpYnJhcnk6dmVyc2lvbl8xGMqE6JaLBiJFcHJvamVjdHMvbW9vbnN0b25lLTRmZmI2L2xvY2F0aW9ucy91cy1jZW50cmFsMS9mdW5jdGlvbnMvYWRkVG9MaWJyYXJ5KgwIjICTzAYQ0KqamAIyCG5vZGVqczIwOnYKI2djci5pby9nYWUtcnVudGltZXMvbm9kZWpzMjA6c3RhYmxlEk91cy1jZW50cmFsMS1kb2NrZXIucGtnLmRldi9zZXJ2ZXJsZXNzLXJ1bnRpbWVzL2dvb2dsZS0yMi1mdWxsL3J1bnRpbWVzL25vZGVqczIwQAE=","operationType":"UPDATE_FUNCTION"},"done":false}
[debug] [2026-02-05T16:06:43.175Z] Got source token Cldwcm9qZWN0cy8yMDkxNTkwNjIwOTAvbG9jYXRpb25zL3VzLWNlbnRyYWwxL2J1aWxkcy9lZTRlMjExMC1kMTM1LTRkZDYtOWU4Yi00YmRkNmQyN2JlNmQScXVzLWNlbnRyYWwxLWRvY2tlci5wa2cuZGV2L21vb25zdG9uZS00ZmZiNi9nY2YtYXJ0aWZhY3RzL21vb25zdG9uZS0tNGZmYjZfX3VzLS1jZW50cmFsMV9fYWRkX3RvX2xpYnJhcnk6dmVyc2lvbl8xGMqE6JaLBiJFcHJvamVjdHMvbW9vbnN0b25lLTRmZmI2L2xvY2F0aW9ucy91cy1jZW50cmFsMS9mdW5jdGlvbnMvYWRkVG9MaWJyYXJ5KgwIjICTzAYQ0KqamAIyCG5vZGVqczIwOnYKI2djci5pby9nYWUtcnVudGltZXMvbm9kZWpzMjA6c3RhYmxlEk91cy1jZW50cmFsMS1kb2NrZXIucGtnLmRldi9zZXJ2ZXJsZXNzLXJ1bnRpbWVzL2dvb2dsZS0yMi1mdWxsL3J1bnRpbWVzL25vZGVqczIwQAE= for region us-central1
[debug] [2026-02-05T16:06:43.238Z] <<< [apiv2][status] GET https://cloudfunctions.googleapis.com/v2/projects/moonstone-4ffb6/locations/us-central1/operations/operation-1770307600270-64a15dba84528-f92fd70c-100f3491 200
[debug] [2026-02-05T16:06:43.238Z] <<< [apiv2][body] GET https://cloudfunctions.googleapis.com/v2/projects/moonstone-4ffb6/locations/us-central1/operations/operation-1770307600270-64a15dba84528-f92fd70c-100f3491 {"name":"projects/moonstone-4ffb6/locations/us-central1/operations/operation-1770307600270-64a15dba84528-f92fd70c-100f3491","metadata":{"@type":"type.googleapis.com/google.cloud.functions.v2.OperationMetadata","createTime":"2026-02-05T16:06:40.992890378Z","target":"projects/moonstone-4ffb6/locations/us-central1/functions/updateProgress","verb":"update","cancelRequested":false,"apiVersion":"v2","requestResource":{"@type":"type.googleapis.com/google.cloud.functions.v2.Function","name":"projects/moonstone-4ffb6/locations/us-central1/functions/updateProgress","buildConfig":{"runtime":"nodejs20","entryPoint":"updateProgress","source":{"storageSource":{"bucket":"gcf-v2-sources-209159062090-us-central1","object":"updateProgress/function-source.zip","generation":"1770307600935368"}},"environmentVariables":{"GOOGLE_NODE_RUN_SCRIPTS":""},"dockerRepository":"projects/moonstone-4ffb6/locations/us-central1/repositories/gcf-artifacts","sourceProvenance":{"resolvedStorageSource":{"bucket":"gcf-v2-sources-209159062090-us-central1","object":"updateProgress/function-source.zip","generation":"1770306441809240"}},"dockerRegistry":"ARTIFACT_REGISTRY","sourceToken":"Cldwcm9qZWN0cy8yMDkxNTkwNjIwOTAvbG9jYXRpb25zL3VzLWNlbnRyYWwxL2J1aWxkcy9lZTRlMjExMC1kMTM1LTRkZDYtOWU4Yi00YmRkNmQyN2JlNmQScXVzLWNlbnRyYWwxLWRvY2tlci5wa2cuZGV2L21vb25zdG9uZS00ZmZiNi9nY2YtYXJ0aWZhY3RzL21vb25zdG9uZS0tNGZmYjZfX3VzLS1jZW50cmFsMV9fYWRkX3RvX2xpYnJhcnk6dmVyc2lvbl8xGMqE6JaLBiJFcHJvamVjdHMvbW9vbnN0b25lLTRmZmI2L2xvY2F0aW9ucy91cy1jZW50cmFsMS9mdW5jdGlvbnMvYWRkVG9MaWJyYXJ5KgwIjICTzAYQ0KqamAIyCG5vZGVqczIwOnYKI2djci5pby9nYWUtcnVudGltZXMvbm9kZWpzMjA6c3RhYmxlEk91cy1jZW50cmFsMS1kb2NrZXIucGtnLmRldi9zZXJ2ZXJsZXNzLXJ1bnRpbWVzL2dvb2dsZS0yMi1mdWxsL3J1bnRpbWVzL25vZGVqczIwQAE=","serviceAccount":"projects/moonstone-4ffb6/serviceAccounts/209159062090-compute@developer.gserviceaccount.com","automaticUpdatePolicy":{}},"serviceConfig":{"service":"projects/moonstone-4ffb6/locations/us-central1/services/updateprogress","timeoutSeconds":60,"environmentVariables":{"FIREBASE_CONFIG":"{\"projectId\":\"moonstone-4ffb6\",\"storageBucket\":\"moonstone-4ffb6.firebasestorage.app\"}","GCLOUD_PROJECT":"moonstone-4ffb6","EVENTARC_CLOUD_EVENT_SOURCE":"projects/moonstone-4ffb6/locations/us-central1/services/updateProgress","FUNCTION_TARGET":"updateProgress","LOG_EXECUTION_ID":"true","FUNCTION_SIGNATURE_TYPE":"http"},"ingressSettings":"ALLOW_ALL","uri":"https://updateprogress-cblu2dsagq-uc.a.run.app","serviceAccountEmail":"209159062090-compute@developer.gserviceaccount.com","availableMemory":"256Mi","allTrafficOnLatestRevision":true,"revision":"updateprogress-00036-pem","maxInstanceRequestConcurrency":80,"availableCpu":"1"},"state":"ACTIVE","labels":{"deployment-tool":"cli-firebase","deployment-callable":"true","firebase-functions-hash":"7bbeefe44dd2fb04675612dc9aa4e05f050b0b2b"},"environment":"GEN_2","url":"https://us-central1-moonstone-4ffb6.cloudfunctions.net/updateProgress","satisfiesPzi":true},"stages":[{"name":"BUILD","state":"NOT_STARTED","stateMessages":[{"severity":"WARNING","type":"BuildAnalysisWarning","message":"Node.js 20 is no longer supported by the Node.js community as of 30 April, 2026. Node.js 20 will be deprecated on 2026-04-30. We recommend you to upgrade to the latest version of Node.js as soon as possible."}]},{"name":"SERVICE","state":"NOT_STARTED"}],"sourceToken":"Cldwcm9qZWN0cy8yMDkxNTkwNjIwOTAvbG9jYXRpb25zL3VzLWNlbnRyYWwxL2J1aWxkcy9lZTRlMjExMC1kMTM1LTRkZDYtOWU4Yi00YmRkNmQyN2JlNmQScXVzLWNlbnRyYWwxLWRvY2tlci5wa2cuZGV2L21vb25zdG9uZS00ZmZiNi9nY2YtYXJ0aWZhY3RzL21vb25zdG9uZS0tNGZmYjZfX3VzLS1jZW50cmFsMV9fYWRkX3RvX2xpYnJhcnk6dmVyc2lvbl8xGMqE6JaLBiJFcHJvamVjdHMvbW9vbnN0b25lLTRmZmI2L2xvY2F0aW9ucy91cy1jZW50cmFsMS9mdW5jdGlvbnMvYWRkVG9MaWJyYXJ5KgwIjICTzAYQ0KqamAIyCG5vZGVqczIwOnYKI2djci5pby9nYWUtcnVudGltZXMvbm9kZWpzMjA6c3RhYmxlEk91cy1jZW50cmFsMS1kb2NrZXIucGtnLmRldi9zZXJ2ZXJsZXNzLXJ1bnRpbWVzL2dvb2dsZS0yMi1mdWxsL3J1bnRpbWVzL25vZGVqczIwQAE=","operationType":"UPDATE_FUNCTION"},"done":false}
[debug] [2026-02-05T16:06:43.238Z] Got source token Cldwcm9qZWN0cy8yMDkxNTkwNjIwOTAvbG9jYXRpb25zL3VzLWNlbnRyYWwxL2J1aWxkcy9lZTRlMjExMC1kMTM1LTRkZDYtOWU4Yi00YmRkNmQyN2JlNmQScXVzLWNlbnRyYWwxLWRvY2tlci5wa2cuZGV2L21vb25zdG9uZS00ZmZiNi9nY2YtYXJ0aWZhY3RzL21vb25zdG9uZS0tNGZmYjZfX3VzLS1jZW50cmFsMV9fYWRkX3RvX2xpYnJhcnk6dmVyc2lvbl8xGMqE6JaLBiJFcHJvamVjdHMvbW9vbnN0b25lLTRmZmI2L2xvY2F0aW9ucy91cy1jZW50cmFsMS9mdW5jdGlvbnMvYWRkVG9MaWJyYXJ5KgwIjICTzAYQ0KqamAIyCG5vZGVqczIwOnYKI2djci5pby9nYWUtcnVudGltZXMvbm9kZWpzMjA6c3RhYmxlEk91cy1jZW50cmFsMS1kb2NrZXIucGtnLmRldi9zZXJ2ZXJsZXNzLXJ1bnRpbWVzL2dvb2dsZS0yMi1mdWxsL3J1bnRpbWVzL25vZGVqczIwQAE= for region us-central1
[debug] [2026-02-05T16:06:43.298Z] <<< [apiv2][status] GET https://cloudfunctions.googleapis.com/v2/projects/moonstone-4ffb6/locations/us-central1/operations/operation-1770307600288-64a15dba88b90-4635a2f0-de88da05 200
[debug] [2026-02-05T16:06:43.298Z] <<< [apiv2][body] GET https://cloudfunctions.googleapis.com/v2/projects/moonstone-4ffb6/locations/us-central1/operations/operation-1770307600288-64a15dba88b90-4635a2f0-de88da05 {"name":"projects/moonstone-4ffb6/locations/us-central1/operations/operation-1770307600288-64a15dba88b90-4635a2f0-de88da05","metadata":{"@type":"type.googleapis.com/google.cloud.functions.v2.OperationMetadata","createTime":"2026-02-05T16:06:41.063967105Z","target":"projects/moonstone-4ffb6/locations/us-central1/functions/toggleFavorite","verb":"update","cancelRequested":false,"apiVersion":"v2","requestResource":{"@type":"type.googleapis.com/google.cloud.functions.v2.Function","name":"projects/moonstone-4ffb6/locations/us-central1/functions/toggleFavorite","buildConfig":{"runtime":"nodejs20","entryPoint":"toggleFavorite","source":{"storageSource":{"bucket":"gcf-v2-sources-209159062090-us-central1","object":"toggleFavorite/function-source.zip","generation":"1770307601013945"}},"environmentVariables":{"GOOGLE_NODE_RUN_SCRIPTS":""},"dockerRepository":"projects/moonstone-4ffb6/locations/us-central1/repositories/gcf-artifacts","sourceProvenance":{"resolvedStorageSource":{"bucket":"gcf-v2-sources-209159062090-us-central1","object":"toggleFavorite/function-source.zip","generation":"1770306441807979"}},"dockerRegistry":"ARTIFACT_REGISTRY","sourceToken":"Cldwcm9qZWN0cy8yMDkxNTkwNjIwOTAvbG9jYXRpb25zL3VzLWNlbnRyYWwxL2J1aWxkcy9lZTRlMjExMC1kMTM1LTRkZDYtOWU4Yi00YmRkNmQyN2JlNmQScXVzLWNlbnRyYWwxLWRvY2tlci5wa2cuZGV2L21vb25zdG9uZS00ZmZiNi9nY2YtYXJ0aWZhY3RzL21vb25zdG9uZS0tNGZmYjZfX3VzLS1jZW50cmFsMV9fYWRkX3RvX2xpYnJhcnk6dmVyc2lvbl8xGMqE6JaLBiJFcHJvamVjdHMvbW9vbnN0b25lLTRmZmI2L2xvY2F0aW9ucy91cy1jZW50cmFsMS9mdW5jdGlvbnMvYWRkVG9MaWJyYXJ5KgwIjICTzAYQ0KqamAIyCG5vZGVqczIwOnYKI2djci5pby9nYWUtcnVudGltZXMvbm9kZWpzMjA6c3RhYmxlEk91cy1jZW50cmFsMS1kb2NrZXIucGtnLmRldi9zZXJ2ZXJsZXNzLXJ1bnRpbWVzL2dvb2dsZS0yMi1mdWxsL3J1bnRpbWVzL25vZGVqczIwQAE=","serviceAccount":"projects/moonstone-4ffb6/serviceAccounts/209159062090-compute@developer.gserviceaccount.com","automaticUpdatePolicy":{}},"serviceConfig":{"service":"projects/moonstone-4ffb6/locations/us-central1/services/togglefavorite","timeoutSeconds":60,"environmentVariables":{"FIREBASE_CONFIG":"{\"projectId\":\"moonstone-4ffb6\",\"storageBucket\":\"moonstone-4ffb6.firebasestorage.app\"}","GCLOUD_PROJECT":"moonstone-4ffb6","EVENTARC_CLOUD_EVENT_SOURCE":"projects/moonstone-4ffb6/locations/us-central1/services/toggleFavorite","FUNCTION_TARGET":"toggleFavorite","LOG_EXECUTION_ID":"true","FUNCTION_SIGNATURE_TYPE":"http"},"ingressSettings":"ALLOW_ALL","uri":"https://togglefavorite-cblu2dsagq-uc.a.run.app","serviceAccountEmail":"209159062090-compute@developer.gserviceaccount.com","availableMemory":"256Mi","allTrafficOnLatestRevision":true,"revision":"togglefavorite-00035-met","maxInstanceRequestConcurrency":80,"availableCpu":"1"},"state":"ACTIVE","labels":{"deployment-tool":"cli-firebase","deployment-callable":"true","firebase-functions-hash":"7bbeefe44dd2fb04675612dc9aa4e05f050b0b2b"},"environment":"GEN_2","url":"https://us-central1-moonstone-4ffb6.cloudfunctions.net/toggleFavorite","satisfiesPzi":true},"stages":[{"name":"BUILD","state":"NOT_STARTED","stateMessages":[{"severity":"WARNING","type":"BuildAnalysisWarning","message":"Node.js 20 is no longer supported by the Node.js community as of 30 April, 2026. Node.js 20 will be deprecated on 2026-04-30. We recommend you to upgrade to the latest version of Node.js as soon as possible."}]},{"name":"SERVICE","state":"NOT_STARTED"}],"sourceToken":"Cldwcm9qZWN0cy8yMDkxNTkwNjIwOTAvbG9jYXRpb25zL3VzLWNlbnRyYWwxL2J1aWxkcy9lZTRlMjExMC1kMTM1LTRkZDYtOWU4Yi00YmRkNmQyN2JlNmQScXVzLWNlbnRyYWwxLWRvY2tlci5wa2cuZGV2L21vb25zdG9uZS00ZmZiNi9nY2YtYXJ0aWZhY3RzL21vb25zdG9uZS0tNGZmYjZfX3VzLS1jZW50cmFsMV9fYWRkX3RvX2xpYnJhcnk6dmVyc2lvbl8xGMqE6JaLBiJFcHJvamVjdHMvbW9vbnN0b25lLTRmZmI2L2xvY2F0aW9ucy91cy1jZW50cmFsMS9mdW5jdGlvbnMvYWRkVG9MaWJyYXJ5KgwIjICTzAYQ0KqamAIyCG5vZGVqczIwOnYKI2djci5pby9nYWUtcnVudGltZXMvbm9kZWpzMjA6c3RhYmxlEk91cy1jZW50cmFsMS1kb2NrZXIucGtnLmRldi9zZXJ2ZXJsZXNzLXJ1bnRpbWVzL2dvb2dsZS0yMi1mdWxsL3J1bnRpbWVzL25vZGVqczIwQAE=","operationType":"UPDATE_FUNCTION"},"done":false}
[debug] [2026-02-05T16:06:43.298Z] Got source token Cldwcm9qZWN0cy8yMDkxNTkwNjIwOTAvbG9jYXRpb25zL3VzLWNlbnRyYWwxL2J1aWxkcy9lZTRlMjExMC1kMTM1LTRkZDYtOWU4Yi00YmRkNmQyN2JlNmQScXVzLWNlbnRyYWwxLWRvY2tlci5wa2cuZGV2L21vb25zdG9uZS00ZmZiNi9nY2YtYXJ0aWZhY3RzL21vb25zdG9uZS0tNGZmYjZfX3VzLS1jZW50cmFsMV9fYWRkX3RvX2xpYnJhcnk6dmVyc2lvbl8xGMqE6JaLBiJFcHJvamVjdHMvbW9vbnN0b25lLTRmZmI2L2xvY2F0aW9ucy91cy1jZW50cmFsMS9mdW5jdGlvbnMvYWRkVG9MaWJyYXJ5KgwIjICTzAYQ0KqamAIyCG5vZGVqczIwOnYKI2djci5pby9nYWUtcnVudGltZXMvbm9kZWpzMjA6c3RhYmxlEk91cy1jZW50cmFsMS1kb2NrZXIucGtnLmRldi9zZXJ2ZXJsZXNzLXJ1bnRpbWVzL2dvb2dsZS0yMi1mdWxsL3J1bnRpbWVzL25vZGVqczIwQAE= for region us-central1
[debug] [2026-02-05T16:06:43.689Z] [update-default-us-central1-deleteStory] Retrying task index 0
[debug] [2026-02-05T16:06:43.689Z] Checked if tokens are valid: true, expires at: 1770308555729
[debug] [2026-02-05T16:06:43.689Z] Checked if tokens are valid: true, expires at: 1770308555729
[debug] [2026-02-05T16:06:43.689Z] >>> [apiv2][query] GET https://cloudfunctions.googleapis.com/v2/projects/moonstone-4ffb6/locations/us-central1/operations/operation-1770307600216-64a15dba772a3-1a928495-e18badf1 [none]
[debug] [2026-02-05T16:06:43.750Z] [update-default-us-central1-updateProgress] Retrying task index 0
[debug] [2026-02-05T16:06:43.750Z] Checked if tokens are valid: true, expires at: 1770308555729
[debug] [2026-02-05T16:06:43.750Z] Checked if tokens are valid: true, expires at: 1770308555729
[debug] [2026-02-05T16:06:43.750Z] >>> [apiv2][query] GET https://cloudfunctions.googleapis.com/v2/projects/moonstone-4ffb6/locations/us-central1/operations/operation-1770307600270-64a15dba84528-f92fd70c-100f3491 [none]
[debug] [2026-02-05T16:06:43.800Z] [update-default-us-central1-toggleFavorite] Retrying task index 0
[debug] [2026-02-05T16:06:43.800Z] Checked if tokens are valid: true, expires at: 1770308555729
[debug] [2026-02-05T16:06:43.800Z] Checked if tokens are valid: true, expires at: 1770308555729
[debug] [2026-02-05T16:06:43.800Z] >>> [apiv2][query] GET https://cloudfunctions.googleapis.com/v2/projects/moonstone-4ffb6/locations/us-central1/operations/operation-1770307600288-64a15dba88b90-4635a2f0-de88da05 [none]
[debug] [2026-02-05T16:06:43.877Z] <<< [apiv2][status] GET https://cloudfunctions.googleapis.com/v2/projects/moonstone-4ffb6/locations/us-central1/operations/operation-1770307600216-64a15dba772a3-1a928495-e18badf1 200
[debug] [2026-02-05T16:06:43.877Z] <<< [apiv2][body] GET https://cloudfunctions.googleapis.com/v2/projects/moonstone-4ffb6/locations/us-central1/operations/operation-1770307600216-64a15dba772a3-1a928495-e18badf1 {"name":"projects/moonstone-4ffb6/locations/us-central1/operations/operation-1770307600216-64a15dba772a3-1a928495-e18badf1","metadata":{"@type":"type.googleapis.com/google.cloud.functions.v2.OperationMetadata","createTime":"2026-02-05T16:06:40.965012258Z","target":"projects/moonstone-4ffb6/locations/us-central1/functions/deleteStory","verb":"update","cancelRequested":false,"apiVersion":"v2","requestResource":{"@type":"type.googleapis.com/google.cloud.functions.v2.Function","name":"projects/moonstone-4ffb6/locations/us-central1/functions/deleteStory","buildConfig":{"runtime":"nodejs20","entryPoint":"deleteStory","source":{"storageSource":{"bucket":"gcf-v2-sources-209159062090-us-central1","object":"deleteStory/function-source.zip","generation":"1770307600914689"}},"environmentVariables":{"GOOGLE_NODE_RUN_SCRIPTS":""},"dockerRepository":"projects/moonstone-4ffb6/locations/us-central1/repositories/gcf-artifacts","sourceProvenance":{"resolvedStorageSource":{"bucket":"gcf-v2-sources-209159062090-us-central1","object":"deleteStory/function-source.zip","generation":"1770306441843285"}},"dockerRegistry":"ARTIFACT_REGISTRY","sourceToken":"Cldwcm9qZWN0cy8yMDkxNTkwNjIwOTAvbG9jYXRpb25zL3VzLWNlbnRyYWwxL2J1aWxkcy9lZTRlMjExMC1kMTM1LTRkZDYtOWU4Yi00YmRkNmQyN2JlNmQScXVzLWNlbnRyYWwxLWRvY2tlci5wa2cuZGV2L21vb25zdG9uZS00ZmZiNi9nY2YtYXJ0aWZhY3RzL21vb25zdG9uZS0tNGZmYjZfX3VzLS1jZW50cmFsMV9fYWRkX3RvX2xpYnJhcnk6dmVyc2lvbl8xGMqE6JaLBiJFcHJvamVjdHMvbW9vbnN0b25lLTRmZmI2L2xvY2F0aW9ucy91cy1jZW50cmFsMS9mdW5jdGlvbnMvYWRkVG9MaWJyYXJ5KgwIjICTzAYQ0KqamAIyCG5vZGVqczIwOnYKI2djci5pby9nYWUtcnVudGltZXMvbm9kZWpzMjA6c3RhYmxlEk91cy1jZW50cmFsMS1kb2NrZXIucGtnLmRldi9zZXJ2ZXJsZXNzLXJ1bnRpbWVzL2dvb2dsZS0yMi1mdWxsL3J1bnRpbWVzL25vZGVqczIwQAE=","serviceAccount":"projects/moonstone-4ffb6/serviceAccounts/209159062090-compute@developer.gserviceaccount.com","automaticUpdatePolicy":{}},"serviceConfig":{"service":"projects/moonstone-4ffb6/locations/us-central1/services/deletestory","timeoutSeconds":60,"environmentVariables":{"FIREBASE_CONFIG":"{\"projectId\":\"moonstone-4ffb6\",\"storageBucket\":\"moonstone-4ffb6.firebasestorage.app\"}","GCLOUD_PROJECT":"moonstone-4ffb6","EVENTARC_CLOUD_EVENT_SOURCE":"projects/moonstone-4ffb6/locations/us-central1/services/deleteStory","FUNCTION_TARGET":"deleteStory","LOG_EXECUTION_ID":"true","FUNCTION_SIGNATURE_TYPE":"http"},"ingressSettings":"ALLOW_ALL","uri":"https://deletestory-cblu2dsagq-uc.a.run.app","serviceAccountEmail":"209159062090-compute@developer.gserviceaccount.com","availableMemory":"256Mi","allTrafficOnLatestRevision":true,"revision":"deletestory-00032-juc","maxInstanceRequestConcurrency":80,"availableCpu":"1"},"state":"ACTIVE","labels":{"deployment-tool":"cli-firebase","deployment-callable":"true","firebase-functions-hash":"7bbeefe44dd2fb04675612dc9aa4e05f050b0b2b"},"environment":"GEN_2","url":"https://us-central1-moonstone-4ffb6.cloudfunctions.net/deleteStory","satisfiesPzi":true},"stages":[{"name":"BUILD","message":"Reusing build","state":"COMPLETE","resource":"projects/209159062090/locations/us-central1/builds/ee4e2110-d135-4dd6-9e8b-4bdd6d27be6d","stateMessages":[{"severity":"WARNING","type":"BuildAnalysisWarning","message":"Node.js 20 is no longer supported by the Node.js community as of 30 April, 2026. Node.js 20 will be deprecated on 2026-04-30. We recommend you to upgrade to the latest version of Node.js as soon as possible."}]},{"name":"SERVICE","message":"Updating Cloud Run service","state":"IN_PROGRESS","resource":"projects/moonstone-4ffb6/locations/us-central1/services/deletestory","resourceUri":"https://console.cloud.google.com/run/detail/us-central1/deletestory?project=moonstone-4ffb6","stateMessages":[{"severity":"INFO","type":"CloudRunServiceNewRevisionTrafficInfo","message":"A new revision will be deployed serving with 100% traffic."}]}],"sourceToken":"Cldwcm9qZWN0cy8yMDkxNTkwNjIwOTAvbG9jYXRpb25zL3VzLWNlbnRyYWwxL2J1aWxkcy9lZTRlMjExMC1kMTM1LTRkZDYtOWU4Yi00YmRkNmQyN2JlNmQScXVzLWNlbnRyYWwxLWRvY2tlci5wa2cuZGV2L21vb25zdG9uZS00ZmZiNi9nY2YtYXJ0aWZhY3RzL21vb25zdG9uZS0tNGZmYjZfX3VzLS1jZW50cmFsMV9fYWRkX3RvX2xpYnJhcnk6dmVyc2lvbl8xGMqE6JaLBiJFcHJvamVjdHMvbW9vbnN0b25lLTRmZmI2L2xvY2F0aW9ucy91cy1jZW50cmFsMS9mdW5jdGlvbnMvYWRkVG9MaWJyYXJ5KgwIjICTzAYQ0KqamAIyCG5vZGVqczIwOnYKI2djci5pby9nYWUtcnVudGltZXMvbm9kZWpzMjA6c3RhYmxlEk91cy1jZW50cmFsMS1kb2NrZXIucGtnLmRldi9zZXJ2ZXJsZXNzLXJ1bnRpbWVzL2dvb2dsZS0yMi1mdWxsL3J1bnRpbWVzL25vZGVqczIwQAE=","operationType":"UPDATE_FUNCTION","buildName":"projects/209159062090/locations/us-central1/builds/ee4e2110-d135-4dd6-9e8b-4bdd6d27be6d"},"done":false}
[debug] [2026-02-05T16:06:43.878Z] Got source token Cldwcm9qZWN0cy8yMDkxNTkwNjIwOTAvbG9jYXRpb25zL3VzLWNlbnRyYWwxL2J1aWxkcy9lZTRlMjExMC1kMTM1LTRkZDYtOWU4Yi00YmRkNmQyN2JlNmQScXVzLWNlbnRyYWwxLWRvY2tlci5wa2cuZGV2L21vb25zdG9uZS00ZmZiNi9nY2YtYXJ0aWZhY3RzL21vb25zdG9uZS0tNGZmYjZfX3VzLS1jZW50cmFsMV9fYWRkX3RvX2xpYnJhcnk6dmVyc2lvbl8xGMqE6JaLBiJFcHJvamVjdHMvbW9vbnN0b25lLTRmZmI2L2xvY2F0aW9ucy91cy1jZW50cmFsMS9mdW5jdGlvbnMvYWRkVG9MaWJyYXJ5KgwIjICTzAYQ0KqamAIyCG5vZGVqczIwOnYKI2djci5pby9nYWUtcnVudGltZXMvbm9kZWpzMjA6c3RhYmxlEk91cy1jZW50cmFsMS1kb2NrZXIucGtnLmRldi9zZXJ2ZXJsZXNzLXJ1bnRpbWVzL2dvb2dsZS0yMi1mdWxsL3J1bnRpbWVzL25vZGVqczIwQAE= for region us-central1
[debug] [2026-02-05T16:06:43.954Z] <<< [apiv2][status] GET https://cloudfunctions.googleapis.com/v2/projects/moonstone-4ffb6/locations/us-central1/operations/operation-1770307600270-64a15dba84528-f92fd70c-100f3491 200
[debug] [2026-02-05T16:06:43.954Z] <<< [apiv2][body] GET https://cloudfunctions.googleapis.com/v2/projects/moonstone-4ffb6/locations/us-central1/operations/operation-1770307600270-64a15dba84528-f92fd70c-100f3491 {"name":"projects/moonstone-4ffb6/locations/us-central1/operations/operation-1770307600270-64a15dba84528-f92fd70c-100f3491","metadata":{"@type":"type.googleapis.com/google.cloud.functions.v2.OperationMetadata","createTime":"2026-02-05T16:06:40.992890378Z","target":"projects/moonstone-4ffb6/locations/us-central1/functions/updateProgress","verb":"update","cancelRequested":false,"apiVersion":"v2","requestResource":{"@type":"type.googleapis.com/google.cloud.functions.v2.Function","name":"projects/moonstone-4ffb6/locations/us-central1/functions/updateProgress","buildConfig":{"runtime":"nodejs20","entryPoint":"updateProgress","source":{"storageSource":{"bucket":"gcf-v2-sources-209159062090-us-central1","object":"updateProgress/function-source.zip","generation":"1770307600935368"}},"environmentVariables":{"GOOGLE_NODE_RUN_SCRIPTS":""},"dockerRepository":"projects/moonstone-4ffb6/locations/us-central1/repositories/gcf-artifacts","sourceProvenance":{"resolvedStorageSource":{"bucket":"gcf-v2-sources-209159062090-us-central1","object":"updateProgress/function-source.zip","generation":"1770306441809240"}},"dockerRegistry":"ARTIFACT_REGISTRY","sourceToken":"Cldwcm9qZWN0cy8yMDkxNTkwNjIwOTAvbG9jYXRpb25zL3VzLWNlbnRyYWwxL2J1aWxkcy9lZTRlMjExMC1kMTM1LTRkZDYtOWU4Yi00YmRkNmQyN2JlNmQScXVzLWNlbnRyYWwxLWRvY2tlci5wa2cuZGV2L21vb25zdG9uZS00ZmZiNi9nY2YtYXJ0aWZhY3RzL21vb25zdG9uZS0tNGZmYjZfX3VzLS1jZW50cmFsMV9fYWRkX3RvX2xpYnJhcnk6dmVyc2lvbl8xGMqE6JaLBiJFcHJvamVjdHMvbW9vbnN0b25lLTRmZmI2L2xvY2F0aW9ucy91cy1jZW50cmFsMS9mdW5jdGlvbnMvYWRkVG9MaWJyYXJ5KgwIjICTzAYQ0KqamAIyCG5vZGVqczIwOnYKI2djci5pby9nYWUtcnVudGltZXMvbm9kZWpzMjA6c3RhYmxlEk91cy1jZW50cmFsMS1kb2NrZXIucGtnLmRldi9zZXJ2ZXJsZXNzLXJ1bnRpbWVzL2dvb2dsZS0yMi1mdWxsL3J1bnRpbWVzL25vZGVqczIwQAE=","serviceAccount":"projects/moonstone-4ffb6/serviceAccounts/209159062090-compute@developer.gserviceaccount.com","automaticUpdatePolicy":{}},"serviceConfig":{"service":"projects/moonstone-4ffb6/locations/us-central1/services/updateprogress","timeoutSeconds":60,"environmentVariables":{"FIREBASE_CONFIG":"{\"projectId\":\"moonstone-4ffb6\",\"storageBucket\":\"moonstone-4ffb6.firebasestorage.app\"}","GCLOUD_PROJECT":"moonstone-4ffb6","EVENTARC_CLOUD_EVENT_SOURCE":"projects/moonstone-4ffb6/locations/us-central1/services/updateProgress","FUNCTION_TARGET":"updateProgress","LOG_EXECUTION_ID":"true","FUNCTION_SIGNATURE_TYPE":"http"},"ingressSettings":"ALLOW_ALL","uri":"https://updateprogress-cblu2dsagq-uc.a.run.app","serviceAccountEmail":"209159062090-compute@developer.gserviceaccount.com","availableMemory":"256Mi","allTrafficOnLatestRevision":true,"revision":"updateprogress-00036-pem","maxInstanceRequestConcurrency":80,"availableCpu":"1"},"state":"ACTIVE","labels":{"deployment-tool":"cli-firebase","deployment-callable":"true","firebase-functions-hash":"7bbeefe44dd2fb04675612dc9aa4e05f050b0b2b"},"environment":"GEN_2","url":"https://us-central1-moonstone-4ffb6.cloudfunctions.net/updateProgress","satisfiesPzi":true},"stages":[{"name":"BUILD","message":"Reusing build","state":"COMPLETE","resource":"projects/209159062090/locations/us-central1/builds/ee4e2110-d135-4dd6-9e8b-4bdd6d27be6d","stateMessages":[{"severity":"WARNING","type":"BuildAnalysisWarning","message":"Node.js 20 is no longer supported by the Node.js community as of 30 April, 2026. Node.js 20 will be deprecated on 2026-04-30. We recommend you to upgrade to the latest version of Node.js as soon as possible."}]},{"name":"SERVICE","message":"Updating Cloud Run service","state":"IN_PROGRESS","resource":"projects/moonstone-4ffb6/locations/us-central1/services/updateprogress","resourceUri":"https://console.cloud.google.com/run/detail/us-central1/updateprogress?project=moonstone-4ffb6","stateMessages":[{"severity":"INFO","type":"CloudRunServiceNewRevisionTrafficInfo","message":"A new revision will be deployed serving with 100% traffic."}]}],"sourceToken":"Cldwcm9qZWN0cy8yMDkxNTkwNjIwOTAvbG9jYXRpb25zL3VzLWNlbnRyYWwxL2J1aWxkcy9lZTRlMjExMC1kMTM1LTRkZDYtOWU4Yi00YmRkNmQyN2JlNmQScXVzLWNlbnRyYWwxLWRvY2tlci5wa2cuZGV2L21vb25zdG9uZS00ZmZiNi9nY2YtYXJ0aWZhY3RzL21vb25zdG9uZS0tNGZmYjZfX3VzLS1jZW50cmFsMV9fYWRkX3RvX2xpYnJhcnk6dmVyc2lvbl8xGMqE6JaLBiJFcHJvamVjdHMvbW9vbnN0b25lLTRmZmI2L2xvY2F0aW9ucy91cy1jZW50cmFsMS9mdW5jdGlvbnMvYWRkVG9MaWJyYXJ5KgwIjICTzAYQ0KqamAIyCG5vZGVqczIwOnYKI2djci5pby9nYWUtcnVudGltZXMvbm9kZWpzMjA6c3RhYmxlEk91cy1jZW50cmFsMS1kb2NrZXIucGtnLmRldi9zZXJ2ZXJsZXNzLXJ1bnRpbWVzL2dvb2dsZS0yMi1mdWxsL3J1bnRpbWVzL25vZGVqczIwQAE=","operationType":"UPDATE_FUNCTION","buildName":"projects/209159062090/locations/us-central1/builds/ee4e2110-d135-4dd6-9e8b-4bdd6d27be6d"},"done":false}
[debug] [2026-02-05T16:06:43.954Z] Got source token Cldwcm9qZWN0cy8yMDkxNTkwNjIwOTAvbG9jYXRpb25zL3VzLWNlbnRyYWwxL2J1aWxkcy9lZTRlMjExMC1kMTM1LTRkZDYtOWU4Yi00YmRkNmQyN2JlNmQScXVzLWNlbnRyYWwxLWRvY2tlci5wa2cuZGV2L21vb25zdG9uZS00ZmZiNi9nY2YtYXJ0aWZhY3RzL21vb25zdG9uZS0tNGZmYjZfX3VzLS1jZW50cmFsMV9fYWRkX3RvX2xpYnJhcnk6dmVyc2lvbl8xGMqE6JaLBiJFcHJvamVjdHMvbW9vbnN0b25lLTRmZmI2L2xvY2F0aW9ucy91cy1jZW50cmFsMS9mdW5jdGlvbnMvYWRkVG9MaWJyYXJ5KgwIjICTzAYQ0KqamAIyCG5vZGVqczIwOnYKI2djci5pby9nYWUtcnVudGltZXMvbm9kZWpzMjA6c3RhYmxlEk91cy1jZW50cmFsMS1kb2NrZXIucGtnLmRldi9zZXJ2ZXJsZXNzLXJ1bnRpbWVzL2dvb2dsZS0yMi1mdWxsL3J1bnRpbWVzL25vZGVqczIwQAE= for region us-central1
[debug] [2026-02-05T16:06:43.998Z] <<< [apiv2][status] GET https://cloudfunctions.googleapis.com/v2/projects/moonstone-4ffb6/locations/us-central1/operations/operation-1770307600288-64a15dba88b90-4635a2f0-de88da05 200
[debug] [2026-02-05T16:06:43.998Z] <<< [apiv2][body] GET https://cloudfunctions.googleapis.com/v2/projects/moonstone-4ffb6/locations/us-central1/operations/operation-1770307600288-64a15dba88b90-4635a2f0-de88da05 {"name":"projects/moonstone-4ffb6/locations/us-central1/operations/operation-1770307600288-64a15dba88b90-4635a2f0-de88da05","metadata":{"@type":"type.googleapis.com/google.cloud.functions.v2.OperationMetadata","createTime":"2026-02-05T16:06:41.063967105Z","target":"projects/moonstone-4ffb6/locations/us-central1/functions/toggleFavorite","verb":"update","cancelRequested":false,"apiVersion":"v2","requestResource":{"@type":"type.googleapis.com/google.cloud.functions.v2.Function","name":"projects/moonstone-4ffb6/locations/us-central1/functions/toggleFavorite","buildConfig":{"runtime":"nodejs20","entryPoint":"toggleFavorite","source":{"storageSource":{"bucket":"gcf-v2-sources-209159062090-us-central1","object":"toggleFavorite/function-source.zip","generation":"1770307601013945"}},"environmentVariables":{"GOOGLE_NODE_RUN_SCRIPTS":""},"dockerRepository":"projects/moonstone-4ffb6/locations/us-central1/repositories/gcf-artifacts","sourceProvenance":{"resolvedStorageSource":{"bucket":"gcf-v2-sources-209159062090-us-central1","object":"toggleFavorite/function-source.zip","generation":"1770306441807979"}},"dockerRegistry":"ARTIFACT_REGISTRY","sourceToken":"Cldwcm9qZWN0cy8yMDkxNTkwNjIwOTAvbG9jYXRpb25zL3VzLWNlbnRyYWwxL2J1aWxkcy9lZTRlMjExMC1kMTM1LTRkZDYtOWU4Yi00YmRkNmQyN2JlNmQScXVzLWNlbnRyYWwxLWRvY2tlci5wa2cuZGV2L21vb25zdG9uZS00ZmZiNi9nY2YtYXJ0aWZhY3RzL21vb25zdG9uZS0tNGZmYjZfX3VzLS1jZW50cmFsMV9fYWRkX3RvX2xpYnJhcnk6dmVyc2lvbl8xGMqE6JaLBiJFcHJvamVjdHMvbW9vbnN0b25lLTRmZmI2L2xvY2F0aW9ucy91cy1jZW50cmFsMS9mdW5jdGlvbnMvYWRkVG9MaWJyYXJ5KgwIjICTzAYQ0KqamAIyCG5vZGVqczIwOnYKI2djci5pby9nYWUtcnVudGltZXMvbm9kZWpzMjA6c3RhYmxlEk91cy1jZW50cmFsMS1kb2NrZXIucGtnLmRldi9zZXJ2ZXJsZXNzLXJ1bnRpbWVzL2dvb2dsZS0yMi1mdWxsL3J1bnRpbWVzL25vZGVqczIwQAE=","serviceAccount":"projects/moonstone-4ffb6/serviceAccounts/209159062090-compute@developer.gserviceaccount.com","automaticUpdatePolicy":{}},"serviceConfig":{"service":"projects/moonstone-4ffb6/locations/us-central1/services/togglefavorite","timeoutSeconds":60,"environmentVariables":{"FIREBASE_CONFIG":"{\"projectId\":\"moonstone-4ffb6\",\"storageBucket\":\"moonstone-4ffb6.firebasestorage.app\"}","GCLOUD_PROJECT":"moonstone-4ffb6","EVENTARC_CLOUD_EVENT_SOURCE":"projects/moonstone-4ffb6/locations/us-central1/services/toggleFavorite","FUNCTION_TARGET":"toggleFavorite","LOG_EXECUTION_ID":"true","FUNCTION_SIGNATURE_TYPE":"http"},"ingressSettings":"ALLOW_ALL","uri":"https://togglefavorite-cblu2dsagq-uc.a.run.app","serviceAccountEmail":"209159062090-compute@developer.gserviceaccount.com","availableMemory":"256Mi","allTrafficOnLatestRevision":true,"revision":"togglefavorite-00035-met","maxInstanceRequestConcurrency":80,"availableCpu":"1"},"state":"ACTIVE","labels":{"deployment-tool":"cli-firebase","deployment-callable":"true","firebase-functions-hash":"7bbeefe44dd2fb04675612dc9aa4e05f050b0b2b"},"environment":"GEN_2","url":"https://us-central1-moonstone-4ffb6.cloudfunctions.net/toggleFavorite","satisfiesPzi":true},"stages":[{"name":"BUILD","message":"Reusing build","state":"COMPLETE","resource":"projects/209159062090/locations/us-central1/builds/ee4e2110-d135-4dd6-9e8b-4bdd6d27be6d","stateMessages":[{"severity":"WARNING","type":"BuildAnalysisWarning","message":"Node.js 20 is no longer supported by the Node.js community as of 30 April, 2026. Node.js 20 will be deprecated on 2026-04-30. We recommend you to upgrade to the latest version of Node.js as soon as possible."}]},{"name":"SERVICE","message":"Updating Cloud Run service","state":"IN_PROGRESS","resource":"projects/moonstone-4ffb6/locations/us-central1/services/togglefavorite","resourceUri":"https://console.cloud.google.com/run/detail/us-central1/togglefavorite?project=moonstone-4ffb6","stateMessages":[{"severity":"INFO","type":"CloudRunServiceNewRevisionTrafficInfo","message":"A new revision will be deployed serving with 100% traffic."}]}],"sourceToken":"Cldwcm9qZWN0cy8yMDkxNTkwNjIwOTAvbG9jYXRpb25zL3VzLWNlbnRyYWwxL2J1aWxkcy9lZTRlMjExMC1kMTM1LTRkZDYtOWU4Yi00YmRkNmQyN2JlNmQScXVzLWNlbnRyYWwxLWRvY2tlci5wa2cuZGV2L21vb25zdG9uZS00ZmZiNi9nY2YtYXJ0aWZhY3RzL21vb25zdG9uZS0tNGZmYjZfX3VzLS1jZW50cmFsMV9fYWRkX3RvX2xpYnJhcnk6dmVyc2lvbl8xGMqE6JaLBiJFcHJvamVjdHMvbW9vbnN0b25lLTRmZmI2L2xvY2F0aW9ucy91cy1jZW50cmFsMS9mdW5jdGlvbnMvYWRkVG9MaWJyYXJ5KgwIjICTzAYQ0KqamAIyCG5vZGVqczIwOnYKI2djci5pby9nYWUtcnVudGltZXMvbm9kZWpzMjA6c3RhYmxlEk91cy1jZW50cmFsMS1kb2NrZXIucGtnLmRldi9zZXJ2ZXJsZXNzLXJ1bnRpbWVzL2dvb2dsZS0yMi1mdWxsL3J1bnRpbWVzL25vZGVqczIwQAE=","operationType":"UPDATE_FUNCTION","buildName":"projects/209159062090/locations/us-central1/builds/ee4e2110-d135-4dd6-9e8b-4bdd6d27be6d"},"done":false}
[debug] [2026-02-05T16:06:43.998Z] Got source token Cldwcm9qZWN0cy8yMDkxNTkwNjIwOTAvbG9jYXRpb25zL3VzLWNlbnRyYWwxL2J1aWxkcy9lZTRlMjExMC1kMTM1LTRkZDYtOWU4Yi00YmRkNmQyN2JlNmQScXVzLWNlbnRyYWwxLWRvY2tlci5wa2cuZGV2L21vb25zdG9uZS00ZmZiNi9nY2YtYXJ0aWZhY3RzL21vb25zdG9uZS0tNGZmYjZfX3VzLS1jZW50cmFsMV9fYWRkX3RvX2xpYnJhcnk6dmVyc2lvbl8xGMqE6JaLBiJFcHJvamVjdHMvbW9vbnN0b25lLTRmZmI2L2xvY2F0aW9ucy91cy1jZW50cmFsMS9mdW5jdGlvbnMvYWRkVG9MaWJyYXJ5KgwIjICTzAYQ0KqamAIyCG5vZGVqczIwOnYKI2djci5pby9nYWUtcnVudGltZXMvbm9kZWpzMjA6c3RhYmxlEk91cy1jZW50cmFsMS1kb2NrZXIucGtnLmRldi9zZXJ2ZXJsZXNzLXJ1bnRpbWVzL2dvb2dsZS0yMi1mdWxsL3J1bnRpbWVzL25vZGVqczIwQAE= for region us-central1
[debug] [2026-02-05T16:06:44.892Z] [update-default-us-central1-deleteStory] Retrying task index 0
[debug] [2026-02-05T16:06:44.892Z] Checked if tokens are valid: true, expires at: 1770308555729
[debug] [2026-02-05T16:06:44.892Z] Checked if tokens are valid: true, expires at: 1770308555729
[debug] [2026-02-05T16:06:44.892Z] >>> [apiv2][query] GET https://cloudfunctions.googleapis.com/v2/projects/moonstone-4ffb6/locations/us-central1/operations/operation-1770307600216-64a15dba772a3-1a928495-e18badf1 [none]
[debug] [2026-02-05T16:06:44.955Z] [update-default-us-central1-updateProgress] Retrying task index 0
[debug] [2026-02-05T16:06:44.955Z] Checked if tokens are valid: true, expires at: 1770308555729
[debug] [2026-02-05T16:06:44.955Z] Checked if tokens are valid: true, expires at: 1770308555729
[debug] [2026-02-05T16:06:44.955Z] >>> [apiv2][query] GET https://cloudfunctions.googleapis.com/v2/projects/moonstone-4ffb6/locations/us-central1/operations/operation-1770307600270-64a15dba84528-f92fd70c-100f3491 [none]
[debug] [2026-02-05T16:06:45.002Z] [update-default-us-central1-toggleFavorite] Retrying task index 0
[debug] [2026-02-05T16:06:45.002Z] Checked if tokens are valid: true, expires at: 1770308555729
[debug] [2026-02-05T16:06:45.002Z] Checked if tokens are valid: true, expires at: 1770308555729
[debug] [2026-02-05T16:06:45.003Z] >>> [apiv2][query] GET https://cloudfunctions.googleapis.com/v2/projects/moonstone-4ffb6/locations/us-central1/operations/operation-1770307600288-64a15dba88b90-4635a2f0-de88da05 [none]
[debug] [2026-02-05T16:06:45.130Z] <<< [apiv2][status] GET https://cloudfunctions.googleapis.com/v2/projects/moonstone-4ffb6/locations/us-central1/operations/operation-1770307600270-64a15dba84528-f92fd70c-100f3491 200
[debug] [2026-02-05T16:06:45.130Z] <<< [apiv2][body] GET https://cloudfunctions.googleapis.com/v2/projects/moonstone-4ffb6/locations/us-central1/operations/operation-1770307600270-64a15dba84528-f92fd70c-100f3491 {"name":"projects/moonstone-4ffb6/locations/us-central1/operations/operation-1770307600270-64a15dba84528-f92fd70c-100f3491","metadata":{"@type":"type.googleapis.com/google.cloud.functions.v2.OperationMetadata","createTime":"2026-02-05T16:06:40.992890378Z","target":"projects/moonstone-4ffb6/locations/us-central1/functions/updateProgress","verb":"update","cancelRequested":false,"apiVersion":"v2","requestResource":{"@type":"type.googleapis.com/google.cloud.functions.v2.Function","name":"projects/moonstone-4ffb6/locations/us-central1/functions/updateProgress","buildConfig":{"runtime":"nodejs20","entryPoint":"updateProgress","source":{"storageSource":{"bucket":"gcf-v2-sources-209159062090-us-central1","object":"updateProgress/function-source.zip","generation":"1770307600935368"}},"environmentVariables":{"GOOGLE_NODE_RUN_SCRIPTS":""},"dockerRepository":"projects/moonstone-4ffb6/locations/us-central1/repositories/gcf-artifacts","sourceProvenance":{"resolvedStorageSource":{"bucket":"gcf-v2-sources-209159062090-us-central1","object":"updateProgress/function-source.zip","generation":"1770306441809240"}},"dockerRegistry":"ARTIFACT_REGISTRY","sourceToken":"Cldwcm9qZWN0cy8yMDkxNTkwNjIwOTAvbG9jYXRpb25zL3VzLWNlbnRyYWwxL2J1aWxkcy9lZTRlMjExMC1kMTM1LTRkZDYtOWU4Yi00YmRkNmQyN2JlNmQScXVzLWNlbnRyYWwxLWRvY2tlci5wa2cuZGV2L21vb25zdG9uZS00ZmZiNi9nY2YtYXJ0aWZhY3RzL21vb25zdG9uZS0tNGZmYjZfX3VzLS1jZW50cmFsMV9fYWRkX3RvX2xpYnJhcnk6dmVyc2lvbl8xGMqE6JaLBiJFcHJvamVjdHMvbW9vbnN0b25lLTRmZmI2L2xvY2F0aW9ucy91cy1jZW50cmFsMS9mdW5jdGlvbnMvYWRkVG9MaWJyYXJ5KgwIjICTzAYQ0KqamAIyCG5vZGVqczIwOnYKI2djci5pby9nYWUtcnVudGltZXMvbm9kZWpzMjA6c3RhYmxlEk91cy1jZW50cmFsMS1kb2NrZXIucGtnLmRldi9zZXJ2ZXJsZXNzLXJ1bnRpbWVzL2dvb2dsZS0yMi1mdWxsL3J1bnRpbWVzL25vZGVqczIwQAE=","serviceAccount":"projects/moonstone-4ffb6/serviceAccounts/209159062090-compute@developer.gserviceaccount.com","automaticUpdatePolicy":{}},"serviceConfig":{"service":"projects/moonstone-4ffb6/locations/us-central1/services/updateprogress","timeoutSeconds":60,"environmentVariables":{"FIREBASE_CONFIG":"{\"projectId\":\"moonstone-4ffb6\",\"storageBucket\":\"moonstone-4ffb6.firebasestorage.app\"}","GCLOUD_PROJECT":"moonstone-4ffb6","EVENTARC_CLOUD_EVENT_SOURCE":"projects/moonstone-4ffb6/locations/us-central1/services/updateProgress","FUNCTION_TARGET":"updateProgress","LOG_EXECUTION_ID":"true","FUNCTION_SIGNATURE_TYPE":"http"},"ingressSettings":"ALLOW_ALL","uri":"https://updateprogress-cblu2dsagq-uc.a.run.app","serviceAccountEmail":"209159062090-compute@developer.gserviceaccount.com","availableMemory":"256Mi","allTrafficOnLatestRevision":true,"revision":"updateprogress-00036-pem","maxInstanceRequestConcurrency":80,"availableCpu":"1"},"state":"ACTIVE","labels":{"deployment-tool":"cli-firebase","deployment-callable":"true","firebase-functions-hash":"7bbeefe44dd2fb04675612dc9aa4e05f050b0b2b"},"environment":"GEN_2","url":"https://us-central1-moonstone-4ffb6.cloudfunctions.net/updateProgress","satisfiesPzi":true},"stages":[{"name":"BUILD","message":"Reusing build","state":"COMPLETE","resource":"projects/209159062090/locations/us-central1/builds/ee4e2110-d135-4dd6-9e8b-4bdd6d27be6d","stateMessages":[{"severity":"WARNING","type":"BuildAnalysisWarning","message":"Node.js 20 is no longer supported by the Node.js community as of 30 April, 2026. Node.js 20 will be deprecated on 2026-04-30. We recommend you to upgrade to the latest version of Node.js as soon as possible."}]},{"name":"SERVICE","message":"Updating Cloud Run service","state":"IN_PROGRESS","resource":"projects/moonstone-4ffb6/locations/us-central1/services/updateprogress","resourceUri":"https://console.cloud.google.com/run/detail/us-central1/updateprogress?project=moonstone-4ffb6","stateMessages":[{"severity":"INFO","type":"CloudRunServiceNewRevisionTrafficInfo","message":"A new revision will be deployed serving with 100% traffic."}]}],"sourceToken":"Cldwcm9qZWN0cy8yMDkxNTkwNjIwOTAvbG9jYXRpb25zL3VzLWNlbnRyYWwxL2J1aWxkcy9lZTRlMjExMC1kMTM1LTRkZDYtOWU4Yi00YmRkNmQyN2JlNmQScXVzLWNlbnRyYWwxLWRvY2tlci5wa2cuZGV2L21vb25zdG9uZS00ZmZiNi9nY2YtYXJ0aWZhY3RzL21vb25zdG9uZS0tNGZmYjZfX3VzLS1jZW50cmFsMV9fYWRkX3RvX2xpYnJhcnk6dmVyc2lvbl8xGMqE6JaLBiJFcHJvamVjdHMvbW9vbnN0b25lLTRmZmI2L2xvY2F0aW9ucy91cy1jZW50cmFsMS9mdW5jdGlvbnMvYWRkVG9MaWJyYXJ5KgwIjICTzAYQ0KqamAIyCG5vZGVqczIwOnYKI2djci5pby9nYWUtcnVudGltZXMvbm9kZWpzMjA6c3RhYmxlEk91cy1jZW50cmFsMS1kb2NrZXIucGtnLmRldi9zZXJ2ZXJsZXNzLXJ1bnRpbWVzL2dvb2dsZS0yMi1mdWxsL3J1bnRpbWVzL25vZGVqczIwQAE=","operationType":"UPDATE_FUNCTION","buildName":"projects/209159062090/locations/us-central1/builds/ee4e2110-d135-4dd6-9e8b-4bdd6d27be6d"},"done":false}
[debug] [2026-02-05T16:06:45.130Z] Got source token Cldwcm9qZWN0cy8yMDkxNTkwNjIwOTAvbG9jYXRpb25zL3VzLWNlbnRyYWwxL2J1aWxkcy9lZTRlMjExMC1kMTM1LTRkZDYtOWU4Yi00YmRkNmQyN2JlNmQScXVzLWNlbnRyYWwxLWRvY2tlci5wa2cuZGV2L21vb25zdG9uZS00ZmZiNi9nY2YtYXJ0aWZhY3RzL21vb25zdG9uZS0tNGZmYjZfX3VzLS1jZW50cmFsMV9fYWRkX3RvX2xpYnJhcnk6dmVyc2lvbl8xGMqE6JaLBiJFcHJvamVjdHMvbW9vbnN0b25lLTRmZmI2L2xvY2F0aW9ucy91cy1jZW50cmFsMS9mdW5jdGlvbnMvYWRkVG9MaWJyYXJ5KgwIjICTzAYQ0KqamAIyCG5vZGVqczIwOnYKI2djci5pby9nYWUtcnVudGltZXMvbm9kZWpzMjA6c3RhYmxlEk91cy1jZW50cmFsMS1kb2NrZXIucGtnLmRldi9zZXJ2ZXJsZXNzLXJ1bnRpbWVzL2dvb2dsZS0yMi1mdWxsL3J1bnRpbWVzL25vZGVqczIwQAE= for region us-central1
[debug] [2026-02-05T16:06:45.154Z] <<< [apiv2][status] GET https://cloudfunctions.googleapis.com/v2/projects/moonstone-4ffb6/locations/us-central1/operations/operation-1770307600216-64a15dba772a3-1a928495-e18badf1 200
[debug] [2026-02-05T16:06:45.154Z] <<< [apiv2][body] GET https://cloudfunctions.googleapis.com/v2/projects/moonstone-4ffb6/locations/us-central1/operations/operation-1770307600216-64a15dba772a3-1a928495-e18badf1 {"name":"projects/moonstone-4ffb6/locations/us-central1/operations/operation-1770307600216-64a15dba772a3-1a928495-e18badf1","metadata":{"@type":"type.googleapis.com/google.cloud.functions.v2.OperationMetadata","createTime":"2026-02-05T16:06:40.965012258Z","target":"projects/moonstone-4ffb6/locations/us-central1/functions/deleteStory","verb":"update","cancelRequested":false,"apiVersion":"v2","requestResource":{"@type":"type.googleapis.com/google.cloud.functions.v2.Function","name":"projects/moonstone-4ffb6/locations/us-central1/functions/deleteStory","buildConfig":{"runtime":"nodejs20","entryPoint":"deleteStory","source":{"storageSource":{"bucket":"gcf-v2-sources-209159062090-us-central1","object":"deleteStory/function-source.zip","generation":"1770307600914689"}},"environmentVariables":{"GOOGLE_NODE_RUN_SCRIPTS":""},"dockerRepository":"projects/moonstone-4ffb6/locations/us-central1/repositories/gcf-artifacts","sourceProvenance":{"resolvedStorageSource":{"bucket":"gcf-v2-sources-209159062090-us-central1","object":"deleteStory/function-source.zip","generation":"1770306441843285"}},"dockerRegistry":"ARTIFACT_REGISTRY","sourceToken":"Cldwcm9qZWN0cy8yMDkxNTkwNjIwOTAvbG9jYXRpb25zL3VzLWNlbnRyYWwxL2J1aWxkcy9lZTRlMjExMC1kMTM1LTRkZDYtOWU4Yi00YmRkNmQyN2JlNmQScXVzLWNlbnRyYWwxLWRvY2tlci5wa2cuZGV2L21vb25zdG9uZS00ZmZiNi9nY2YtYXJ0aWZhY3RzL21vb25zdG9uZS0tNGZmYjZfX3VzLS1jZW50cmFsMV9fYWRkX3RvX2xpYnJhcnk6dmVyc2lvbl8xGMqE6JaLBiJFcHJvamVjdHMvbW9vbnN0b25lLTRmZmI2L2xvY2F0aW9ucy91cy1jZW50cmFsMS9mdW5jdGlvbnMvYWRkVG9MaWJyYXJ5KgwIjICTzAYQ0KqamAIyCG5vZGVqczIwOnYKI2djci5pby9nYWUtcnVudGltZXMvbm9kZWpzMjA6c3RhYmxlEk91cy1jZW50cmFsMS1kb2NrZXIucGtnLmRldi9zZXJ2ZXJsZXNzLXJ1bnRpbWVzL2dvb2dsZS0yMi1mdWxsL3J1bnRpbWVzL25vZGVqczIwQAE=","serviceAccount":"projects/moonstone-4ffb6/serviceAccounts/209159062090-compute@developer.gserviceaccount.com","automaticUpdatePolicy":{}},"serviceConfig":{"service":"projects/moonstone-4ffb6/locations/us-central1/services/deletestory","timeoutSeconds":60,"environmentVariables":{"FIREBASE_CONFIG":"{\"projectId\":\"moonstone-4ffb6\",\"storageBucket\":\"moonstone-4ffb6.firebasestorage.app\"}","GCLOUD_PROJECT":"moonstone-4ffb6","EVENTARC_CLOUD_EVENT_SOURCE":"projects/moonstone-4ffb6/locations/us-central1/services/deleteStory","FUNCTION_TARGET":"deleteStory","LOG_EXECUTION_ID":"true","FUNCTION_SIGNATURE_TYPE":"http"},"ingressSettings":"ALLOW_ALL","uri":"https://deletestory-cblu2dsagq-uc.a.run.app","serviceAccountEmail":"209159062090-compute@developer.gserviceaccount.com","availableMemory":"256Mi","allTrafficOnLatestRevision":true,"revision":"deletestory-00032-juc","maxInstanceRequestConcurrency":80,"availableCpu":"1"},"state":"ACTIVE","labels":{"deployment-tool":"cli-firebase","deployment-callable":"true","firebase-functions-hash":"7bbeefe44dd2fb04675612dc9aa4e05f050b0b2b"},"environment":"GEN_2","url":"https://us-central1-moonstone-4ffb6.cloudfunctions.net/deleteStory","satisfiesPzi":true},"stages":[{"name":"BUILD","message":"Reusing build","state":"COMPLETE","resource":"projects/209159062090/locations/us-central1/builds/ee4e2110-d135-4dd6-9e8b-4bdd6d27be6d","stateMessages":[{"severity":"WARNING","type":"BuildAnalysisWarning","message":"Node.js 20 is no longer supported by the Node.js community as of 30 April, 2026. Node.js 20 will be deprecated on 2026-04-30. We recommend you to upgrade to the latest version of Node.js as soon as possible."}]},{"name":"SERVICE","message":"Updating Cloud Run service","state":"IN_PROGRESS","resource":"projects/moonstone-4ffb6/locations/us-central1/services/deletestory","resourceUri":"https://console.cloud.google.com/run/detail/us-central1/deletestory?project=moonstone-4ffb6","stateMessages":[{"severity":"INFO","type":"CloudRunServiceNewRevisionTrafficInfo","message":"A new revision will be deployed serving with 100% traffic."}]}],"sourceToken":"Cldwcm9qZWN0cy8yMDkxNTkwNjIwOTAvbG9jYXRpb25zL3VzLWNlbnRyYWwxL2J1aWxkcy9lZTRlMjExMC1kMTM1LTRkZDYtOWU4Yi00YmRkNmQyN2JlNmQScXVzLWNlbnRyYWwxLWRvY2tlci5wa2cuZGV2L21vb25zdG9uZS00ZmZiNi9nY2YtYXJ0aWZhY3RzL21vb25zdG9uZS0tNGZmYjZfX3VzLS1jZW50cmFsMV9fYWRkX3RvX2xpYnJhcnk6dmVyc2lvbl8xGMqE6JaLBiJFcHJvamVjdHMvbW9vbnN0b25lLTRmZmI2L2xvY2F0aW9ucy91cy1jZW50cmFsMS9mdW5jdGlvbnMvYWRkVG9MaWJyYXJ5KgwIjICTzAYQ0KqamAIyCG5vZGVqczIwOnYKI2djci5pby9nYWUtcnVudGltZXMvbm9kZWpzMjA6c3RhYmxlEk91cy1jZW50cmFsMS1kb2NrZXIucGtnLmRldi9zZXJ2ZXJsZXNzLXJ1bnRpbWVzL2dvb2dsZS0yMi1mdWxsL3J1bnRpbWVzL25vZGVqczIwQAE=","operationType":"UPDATE_FUNCTION","buildName":"projects/209159062090/locations/us-central1/builds/ee4e2110-d135-4dd6-9e8b-4bdd6d27be6d"},"done":false}
[debug] [2026-02-05T16:06:45.154Z] Got source token Cldwcm9qZWN0cy8yMDkxNTkwNjIwOTAvbG9jYXRpb25zL3VzLWNlbnRyYWwxL2J1aWxkcy9lZTRlMjExMC1kMTM1LTRkZDYtOWU4Yi00YmRkNmQyN2JlNmQScXVzLWNlbnRyYWwxLWRvY2tlci5wa2cuZGV2L21vb25zdG9uZS00ZmZiNi9nY2YtYXJ0aWZhY3RzL21vb25zdG9uZS0tNGZmYjZfX3VzLS1jZW50cmFsMV9fYWRkX3RvX2xpYnJhcnk6dmVyc2lvbl8xGMqE6JaLBiJFcHJvamVjdHMvbW9vbnN0b25lLTRmZmI2L2xvY2F0aW9ucy91cy1jZW50cmFsMS9mdW5jdGlvbnMvYWRkVG9MaWJyYXJ5KgwIjICTzAYQ0KqamAIyCG5vZGVqczIwOnYKI2djci5pby9nYWUtcnVudGltZXMvbm9kZWpzMjA6c3RhYmxlEk91cy1jZW50cmFsMS1kb2NrZXIucGtnLmRldi9zZXJ2ZXJsZXNzLXJ1bnRpbWVzL2dvb2dsZS0yMi1mdWxsL3J1bnRpbWVzL25vZGVqczIwQAE= for region us-central1
[debug] [2026-02-05T16:06:45.199Z] <<< [apiv2][status] GET https://cloudfunctions.googleapis.com/v2/projects/moonstone-4ffb6/locations/us-central1/operations/operation-1770307600288-64a15dba88b90-4635a2f0-de88da05 200
[debug] [2026-02-05T16:06:45.199Z] <<< [apiv2][body] GET https://cloudfunctions.googleapis.com/v2/projects/moonstone-4ffb6/locations/us-central1/operations/operation-1770307600288-64a15dba88b90-4635a2f0-de88da05 {"name":"projects/moonstone-4ffb6/locations/us-central1/operations/operation-1770307600288-64a15dba88b90-4635a2f0-de88da05","metadata":{"@type":"type.googleapis.com/google.cloud.functions.v2.OperationMetadata","createTime":"2026-02-05T16:06:41.063967105Z","target":"projects/moonstone-4ffb6/locations/us-central1/functions/toggleFavorite","verb":"update","cancelRequested":false,"apiVersion":"v2","requestResource":{"@type":"type.googleapis.com/google.cloud.functions.v2.Function","name":"projects/moonstone-4ffb6/locations/us-central1/functions/toggleFavorite","buildConfig":{"runtime":"nodejs20","entryPoint":"toggleFavorite","source":{"storageSource":{"bucket":"gcf-v2-sources-209159062090-us-central1","object":"toggleFavorite/function-source.zip","generation":"1770307601013945"}},"environmentVariables":{"GOOGLE_NODE_RUN_SCRIPTS":""},"dockerRepository":"projects/moonstone-4ffb6/locations/us-central1/repositories/gcf-artifacts","sourceProvenance":{"resolvedStorageSource":{"bucket":"gcf-v2-sources-209159062090-us-central1","object":"toggleFavorite/function-source.zip","generation":"1770306441807979"}},"dockerRegistry":"ARTIFACT_REGISTRY","sourceToken":"Cldwcm9qZWN0cy8yMDkxNTkwNjIwOTAvbG9jYXRpb25zL3VzLWNlbnRyYWwxL2J1aWxkcy9lZTRlMjExMC1kMTM1LTRkZDYtOWU4Yi00YmRkNmQyN2JlNmQScXVzLWNlbnRyYWwxLWRvY2tlci5wa2cuZGV2L21vb25zdG9uZS00ZmZiNi9nY2YtYXJ0aWZhY3RzL21vb25zdG9uZS0tNGZmYjZfX3VzLS1jZW50cmFsMV9fYWRkX3RvX2xpYnJhcnk6dmVyc2lvbl8xGMqE6JaLBiJFcHJvamVjdHMvbW9vbnN0b25lLTRmZmI2L2xvY2F0aW9ucy91cy1jZW50cmFsMS9mdW5jdGlvbnMvYWRkVG9MaWJyYXJ5KgwIjICTzAYQ0KqamAIyCG5vZGVqczIwOnYKI2djci5pby9nYWUtcnVudGltZXMvbm9kZWpzMjA6c3RhYmxlEk91cy1jZW50cmFsMS1kb2NrZXIucGtnLmRldi9zZXJ2ZXJsZXNzLXJ1bnRpbWVzL2dvb2dsZS0yMi1mdWxsL3J1bnRpbWVzL25vZGVqczIwQAE=","serviceAccount":"projects/moonstone-4ffb6/serviceAccounts/209159062090-compute@developer.gserviceaccount.com","automaticUpdatePolicy":{}},"serviceConfig":{"service":"projects/moonstone-4ffb6/locations/us-central1/services/togglefavorite","timeoutSeconds":60,"environmentVariables":{"FIREBASE_CONFIG":"{\"projectId\":\"moonstone-4ffb6\",\"storageBucket\":\"moonstone-4ffb6.firebasestorage.app\"}","GCLOUD_PROJECT":"moonstone-4ffb6","EVENTARC_CLOUD_EVENT_SOURCE":"projects/moonstone-4ffb6/locations/us-central1/services/toggleFavorite","FUNCTION_TARGET":"toggleFavorite","LOG_EXECUTION_ID":"true","FUNCTION_SIGNATURE_TYPE":"http"},"ingressSettings":"ALLOW_ALL","uri":"https://togglefavorite-cblu2dsagq-uc.a.run.app","serviceAccountEmail":"209159062090-compute@developer.gserviceaccount.com","availableMemory":"256Mi","allTrafficOnLatestRevision":true,"revision":"togglefavorite-00035-met","maxInstanceRequestConcurrency":80,"availableCpu":"1"},"state":"ACTIVE","labels":{"deployment-tool":"cli-firebase","deployment-callable":"true","firebase-functions-hash":"7bbeefe44dd2fb04675612dc9aa4e05f050b0b2b"},"environment":"GEN_2","url":"https://us-central1-moonstone-4ffb6.cloudfunctions.net/toggleFavorite","satisfiesPzi":true},"stages":[{"name":"BUILD","message":"Reusing build","state":"COMPLETE","resource":"projects/209159062090/locations/us-central1/builds/ee4e2110-d135-4dd6-9e8b-4bdd6d27be6d","stateMessages":[{"severity":"WARNING","type":"BuildAnalysisWarning","message":"Node.js 20 is no longer supported by the Node.js community as of 30 April, 2026. Node.js 20 will be deprecated on 2026-04-30. We recommend you to upgrade to the latest version of Node.js as soon as possible."}]},{"name":"SERVICE","message":"Updating Cloud Run service","state":"IN_PROGRESS","resource":"projects/moonstone-4ffb6/locations/us-central1/services/togglefavorite","resourceUri":"https://console.cloud.google.com/run/detail/us-central1/togglefavorite?project=moonstone-4ffb6","stateMessages":[{"severity":"INFO","type":"CloudRunServiceNewRevisionTrafficInfo","message":"A new revision will be deployed serving with 100% traffic."}]}],"sourceToken":"Cldwcm9qZWN0cy8yMDkxNTkwNjIwOTAvbG9jYXRpb25zL3VzLWNlbnRyYWwxL2J1aWxkcy9lZTRlMjExMC1kMTM1LTRkZDYtOWU4Yi00YmRkNmQyN2JlNmQScXVzLWNlbnRyYWwxLWRvY2tlci5wa2cuZGV2L21vb25zdG9uZS00ZmZiNi9nY2YtYXJ0aWZhY3RzL21vb25zdG9uZS0tNGZmYjZfX3VzLS1jZW50cmFsMV9fYWRkX3RvX2xpYnJhcnk6dmVyc2lvbl8xGMqE6JaLBiJFcHJvamVjdHMvbW9vbnN0b25lLTRmZmI2L2xvY2F0aW9ucy91cy1jZW50cmFsMS9mdW5jdGlvbnMvYWRkVG9MaWJyYXJ5KgwIjICTzAYQ0KqamAIyCG5vZGVqczIwOnYKI2djci5pby9nYWUtcnVudGltZXMvbm9kZWpzMjA6c3RhYmxlEk91cy1jZW50cmFsMS1kb2NrZXIucGtnLmRldi9zZXJ2ZXJsZXNzLXJ1bnRpbWVzL2dvb2dsZS0yMi1mdWxsL3J1bnRpbWVzL25vZGVqczIwQAE=","operationType":"UPDATE_FUNCTION","buildName":"projects/209159062090/locations/us-central1/builds/ee4e2110-d135-4dd6-9e8b-4bdd6d27be6d"},"done":false}
[debug] [2026-02-05T16:06:45.199Z] Got source token Cldwcm9qZWN0cy8yMDkxNTkwNjIwOTAvbG9jYXRpb25zL3VzLWNlbnRyYWwxL2J1aWxkcy9lZTRlMjExMC1kMTM1LTRkZDYtOWU4Yi00YmRkNmQyN2JlNmQScXVzLWNlbnRyYWwxLWRvY2tlci5wa2cuZGV2L21vb25zdG9uZS00ZmZiNi9nY2YtYXJ0aWZhY3RzL21vb25zdG9uZS0tNGZmYjZfX3VzLS1jZW50cmFsMV9fYWRkX3RvX2xpYnJhcnk6dmVyc2lvbl8xGMqE6JaLBiJFcHJvamVjdHMvbW9vbnN0b25lLTRmZmI2L2xvY2F0aW9ucy91cy1jZW50cmFsMS9mdW5jdGlvbnMvYWRkVG9MaWJyYXJ5KgwIjICTzAYQ0KqamAIyCG5vZGVqczIwOnYKI2djci5pby9nYWUtcnVudGltZXMvbm9kZWpzMjA6c3RhYmxlEk91cy1jZW50cmFsMS1kb2NrZXIucGtnLmRldi9zZXJ2ZXJsZXNzLXJ1bnRpbWVzL2dvb2dsZS0yMi1mdWxsL3J1bnRpbWVzL25vZGVqczIwQAE= for region us-central1
[debug] [2026-02-05T16:06:47.135Z] [update-default-us-central1-updateProgress] Retrying task index 0
[debug] [2026-02-05T16:06:47.135Z] Checked if tokens are valid: true, expires at: 1770308555729
[debug] [2026-02-05T16:06:47.135Z] Checked if tokens are valid: true, expires at: 1770308555729
[debug] [2026-02-05T16:06:47.135Z] >>> [apiv2][query] GET https://cloudfunctions.googleapis.com/v2/projects/moonstone-4ffb6/locations/us-central1/operations/operation-1770307600270-64a15dba84528-f92fd70c-100f3491 [none]
[debug] [2026-02-05T16:06:47.165Z] [update-default-us-central1-deleteStory] Retrying task index 0
[debug] [2026-02-05T16:06:47.165Z] Checked if tokens are valid: true, expires at: 1770308555729
[debug] [2026-02-05T16:06:47.165Z] Checked if tokens are valid: true, expires at: 1770308555729
[debug] [2026-02-05T16:06:47.166Z] >>> [apiv2][query] GET https://cloudfunctions.googleapis.com/v2/projects/moonstone-4ffb6/locations/us-central1/operations/operation-1770307600216-64a15dba772a3-1a928495-e18badf1 [none]
[debug] [2026-02-05T16:06:47.211Z] [update-default-us-central1-toggleFavorite] Retrying task index 0
[debug] [2026-02-05T16:06:47.211Z] Checked if tokens are valid: true, expires at: 1770308555729
[debug] [2026-02-05T16:06:47.212Z] Checked if tokens are valid: true, expires at: 1770308555729
[debug] [2026-02-05T16:06:47.212Z] >>> [apiv2][query] GET https://cloudfunctions.googleapis.com/v2/projects/moonstone-4ffb6/locations/us-central1/operations/operation-1770307600288-64a15dba88b90-4635a2f0-de88da05 [none]
[debug] [2026-02-05T16:06:47.310Z] <<< [apiv2][status] GET https://cloudfunctions.googleapis.com/v2/projects/moonstone-4ffb6/locations/us-central1/operations/operation-1770307600270-64a15dba84528-f92fd70c-100f3491 200
[debug] [2026-02-05T16:06:47.310Z] <<< [apiv2][body] GET https://cloudfunctions.googleapis.com/v2/projects/moonstone-4ffb6/locations/us-central1/operations/operation-1770307600270-64a15dba84528-f92fd70c-100f3491 {"name":"projects/moonstone-4ffb6/locations/us-central1/operations/operation-1770307600270-64a15dba84528-f92fd70c-100f3491","metadata":{"@type":"type.googleapis.com/google.cloud.functions.v2.OperationMetadata","createTime":"2026-02-05T16:06:40.992890378Z","target":"projects/moonstone-4ffb6/locations/us-central1/functions/updateProgress","verb":"update","cancelRequested":false,"apiVersion":"v2","requestResource":{"@type":"type.googleapis.com/google.cloud.functions.v2.Function","name":"projects/moonstone-4ffb6/locations/us-central1/functions/updateProgress","buildConfig":{"runtime":"nodejs20","entryPoint":"updateProgress","source":{"storageSource":{"bucket":"gcf-v2-sources-209159062090-us-central1","object":"updateProgress/function-source.zip","generation":"1770307600935368"}},"environmentVariables":{"GOOGLE_NODE_RUN_SCRIPTS":""},"dockerRepository":"projects/moonstone-4ffb6/locations/us-central1/repositories/gcf-artifacts","sourceProvenance":{"resolvedStorageSource":{"bucket":"gcf-v2-sources-209159062090-us-central1","object":"updateProgress/function-source.zip","generation":"1770306441809240"}},"dockerRegistry":"ARTIFACT_REGISTRY","sourceToken":"Cldwcm9qZWN0cy8yMDkxNTkwNjIwOTAvbG9jYXRpb25zL3VzLWNlbnRyYWwxL2J1aWxkcy9lZTRlMjExMC1kMTM1LTRkZDYtOWU4Yi00YmRkNmQyN2JlNmQScXVzLWNlbnRyYWwxLWRvY2tlci5wa2cuZGV2L21vb25zdG9uZS00ZmZiNi9nY2YtYXJ0aWZhY3RzL21vb25zdG9uZS0tNGZmYjZfX3VzLS1jZW50cmFsMV9fYWRkX3RvX2xpYnJhcnk6dmVyc2lvbl8xGMqE6JaLBiJFcHJvamVjdHMvbW9vbnN0b25lLTRmZmI2L2xvY2F0aW9ucy91cy1jZW50cmFsMS9mdW5jdGlvbnMvYWRkVG9MaWJyYXJ5KgwIjICTzAYQ0KqamAIyCG5vZGVqczIwOnYKI2djci5pby9nYWUtcnVudGltZXMvbm9kZWpzMjA6c3RhYmxlEk91cy1jZW50cmFsMS1kb2NrZXIucGtnLmRldi9zZXJ2ZXJsZXNzLXJ1bnRpbWVzL2dvb2dsZS0yMi1mdWxsL3J1bnRpbWVzL25vZGVqczIwQAE=","serviceAccount":"projects/moonstone-4ffb6/serviceAccounts/209159062090-compute@developer.gserviceaccount.com","automaticUpdatePolicy":{}},"serviceConfig":{"service":"projects/moonstone-4ffb6/locations/us-central1/services/updateprogress","timeoutSeconds":60,"environmentVariables":{"FIREBASE_CONFIG":"{\"projectId\":\"moonstone-4ffb6\",\"storageBucket\":\"moonstone-4ffb6.firebasestorage.app\"}","GCLOUD_PROJECT":"moonstone-4ffb6","EVENTARC_CLOUD_EVENT_SOURCE":"projects/moonstone-4ffb6/locations/us-central1/services/updateProgress","FUNCTION_TARGET":"updateProgress","LOG_EXECUTION_ID":"true","FUNCTION_SIGNATURE_TYPE":"http"},"ingressSettings":"ALLOW_ALL","uri":"https://updateprogress-cblu2dsagq-uc.a.run.app","serviceAccountEmail":"209159062090-compute@developer.gserviceaccount.com","availableMemory":"256Mi","allTrafficOnLatestRevision":true,"revision":"updateprogress-00036-pem","maxInstanceRequestConcurrency":80,"availableCpu":"1"},"state":"ACTIVE","labels":{"deployment-tool":"cli-firebase","deployment-callable":"true","firebase-functions-hash":"7bbeefe44dd2fb04675612dc9aa4e05f050b0b2b"},"environment":"GEN_2","url":"https://us-central1-moonstone-4ffb6.cloudfunctions.net/updateProgress","satisfiesPzi":true},"stages":[{"name":"BUILD","message":"Reusing build","state":"COMPLETE","resource":"projects/209159062090/locations/us-central1/builds/ee4e2110-d135-4dd6-9e8b-4bdd6d27be6d","stateMessages":[{"severity":"WARNING","type":"BuildAnalysisWarning","message":"Node.js 20 is no longer supported by the Node.js community as of 30 April, 2026. Node.js 20 will be deprecated on 2026-04-30. We recommend you to upgrade to the latest version of Node.js as soon as possible."}]},{"name":"SERVICE","message":"Updating Cloud Run service","state":"IN_PROGRESS","resource":"projects/moonstone-4ffb6/locations/us-central1/services/updateprogress","resourceUri":"https://console.cloud.google.com/run/detail/us-central1/updateprogress?project=moonstone-4ffb6","stateMessages":[{"severity":"INFO","type":"CloudRunServiceNewRevisionTrafficInfo","message":"A new revision will be deployed serving with 100% traffic."}]}],"sourceToken":"Cldwcm9qZWN0cy8yMDkxNTkwNjIwOTAvbG9jYXRpb25zL3VzLWNlbnRyYWwxL2J1aWxkcy9lZTRlMjExMC1kMTM1LTRkZDYtOWU4Yi00YmRkNmQyN2JlNmQScXVzLWNlbnRyYWwxLWRvY2tlci5wa2cuZGV2L21vb25zdG9uZS00ZmZiNi9nY2YtYXJ0aWZhY3RzL21vb25zdG9uZS0tNGZmYjZfX3VzLS1jZW50cmFsMV9fYWRkX3RvX2xpYnJhcnk6dmVyc2lvbl8xGMqE6JaLBiJFcHJvamVjdHMvbW9vbnN0b25lLTRmZmI2L2xvY2F0aW9ucy91cy1jZW50cmFsMS9mdW5jdGlvbnMvYWRkVG9MaWJyYXJ5KgwIjICTzAYQ0KqamAIyCG5vZGVqczIwOnYKI2djci5pby9nYWUtcnVudGltZXMvbm9kZWpzMjA6c3RhYmxlEk91cy1jZW50cmFsMS1kb2NrZXIucGtnLmRldi9zZXJ2ZXJsZXNzLXJ1bnRpbWVzL2dvb2dsZS0yMi1mdWxsL3J1bnRpbWVzL25vZGVqczIwQAE=","operationType":"UPDATE_FUNCTION","buildName":"projects/209159062090/locations/us-central1/builds/ee4e2110-d135-4dd6-9e8b-4bdd6d27be6d"},"done":false}
[debug] [2026-02-05T16:06:47.310Z] Got source token Cldwcm9qZWN0cy8yMDkxNTkwNjIwOTAvbG9jYXRpb25zL3VzLWNlbnRyYWwxL2J1aWxkcy9lZTRlMjExMC1kMTM1LTRkZDYtOWU4Yi00YmRkNmQyN2JlNmQScXVzLWNlbnRyYWwxLWRvY2tlci5wa2cuZGV2L21vb25zdG9uZS00ZmZiNi9nY2YtYXJ0aWZhY3RzL21vb25zdG9uZS0tNGZmYjZfX3VzLS1jZW50cmFsMV9fYWRkX3RvX2xpYnJhcnk6dmVyc2lvbl8xGMqE6JaLBiJFcHJvamVjdHMvbW9vbnN0b25lLTRmZmI2L2xvY2F0aW9ucy91cy1jZW50cmFsMS9mdW5jdGlvbnMvYWRkVG9MaWJyYXJ5KgwIjICTzAYQ0KqamAIyCG5vZGVqczIwOnYKI2djci5pby9nYWUtcnVudGltZXMvbm9kZWpzMjA6c3RhYmxlEk91cy1jZW50cmFsMS1kb2NrZXIucGtnLmRldi9zZXJ2ZXJsZXNzLXJ1bnRpbWVzL2dvb2dsZS0yMi1mdWxsL3J1bnRpbWVzL25vZGVqczIwQAE= for region us-central1
[debug] [2026-02-05T16:06:47.334Z] <<< [apiv2][status] GET https://cloudfunctions.googleapis.com/v2/projects/moonstone-4ffb6/locations/us-central1/operations/operation-1770307600216-64a15dba772a3-1a928495-e18badf1 200
[debug] [2026-02-05T16:06:47.335Z] <<< [apiv2][body] GET https://cloudfunctions.googleapis.com/v2/projects/moonstone-4ffb6/locations/us-central1/operations/operation-1770307600216-64a15dba772a3-1a928495-e18badf1 {"name":"projects/moonstone-4ffb6/locations/us-central1/operations/operation-1770307600216-64a15dba772a3-1a928495-e18badf1","metadata":{"@type":"type.googleapis.com/google.cloud.functions.v2.OperationMetadata","createTime":"2026-02-05T16:06:40.965012258Z","target":"projects/moonstone-4ffb6/locations/us-central1/functions/deleteStory","verb":"update","cancelRequested":false,"apiVersion":"v2","requestResource":{"@type":"type.googleapis.com/google.cloud.functions.v2.Function","name":"projects/moonstone-4ffb6/locations/us-central1/functions/deleteStory","buildConfig":{"runtime":"nodejs20","entryPoint":"deleteStory","source":{"storageSource":{"bucket":"gcf-v2-sources-209159062090-us-central1","object":"deleteStory/function-source.zip","generation":"1770307600914689"}},"environmentVariables":{"GOOGLE_NODE_RUN_SCRIPTS":""},"dockerRepository":"projects/moonstone-4ffb6/locations/us-central1/repositories/gcf-artifacts","sourceProvenance":{"resolvedStorageSource":{"bucket":"gcf-v2-sources-209159062090-us-central1","object":"deleteStory/function-source.zip","generation":"1770306441843285"}},"dockerRegistry":"ARTIFACT_REGISTRY","sourceToken":"Cldwcm9qZWN0cy8yMDkxNTkwNjIwOTAvbG9jYXRpb25zL3VzLWNlbnRyYWwxL2J1aWxkcy9lZTRlMjExMC1kMTM1LTRkZDYtOWU4Yi00YmRkNmQyN2JlNmQScXVzLWNlbnRyYWwxLWRvY2tlci5wa2cuZGV2L21vb25zdG9uZS00ZmZiNi9nY2YtYXJ0aWZhY3RzL21vb25zdG9uZS0tNGZmYjZfX3VzLS1jZW50cmFsMV9fYWRkX3RvX2xpYnJhcnk6dmVyc2lvbl8xGMqE6JaLBiJFcHJvamVjdHMvbW9vbnN0b25lLTRmZmI2L2xvY2F0aW9ucy91cy1jZW50cmFsMS9mdW5jdGlvbnMvYWRkVG9MaWJyYXJ5KgwIjICTzAYQ0KqamAIyCG5vZGVqczIwOnYKI2djci5pby9nYWUtcnVudGltZXMvbm9kZWpzMjA6c3RhYmxlEk91cy1jZW50cmFsMS1kb2NrZXIucGtnLmRldi9zZXJ2ZXJsZXNzLXJ1bnRpbWVzL2dvb2dsZS0yMi1mdWxsL3J1bnRpbWVzL25vZGVqczIwQAE=","serviceAccount":"projects/moonstone-4ffb6/serviceAccounts/209159062090-compute@developer.gserviceaccount.com","automaticUpdatePolicy":{}},"serviceConfig":{"service":"projects/moonstone-4ffb6/locations/us-central1/services/deletestory","timeoutSeconds":60,"environmentVariables":{"FIREBASE_CONFIG":"{\"projectId\":\"moonstone-4ffb6\",\"storageBucket\":\"moonstone-4ffb6.firebasestorage.app\"}","GCLOUD_PROJECT":"moonstone-4ffb6","EVENTARC_CLOUD_EVENT_SOURCE":"projects/moonstone-4ffb6/locations/us-central1/services/deleteStory","FUNCTION_TARGET":"deleteStory","LOG_EXECUTION_ID":"true","FUNCTION_SIGNATURE_TYPE":"http"},"ingressSettings":"ALLOW_ALL","uri":"https://deletestory-cblu2dsagq-uc.a.run.app","serviceAccountEmail":"209159062090-compute@developer.gserviceaccount.com","availableMemory":"256Mi","allTrafficOnLatestRevision":true,"revision":"deletestory-00032-juc","maxInstanceRequestConcurrency":80,"availableCpu":"1"},"state":"ACTIVE","labels":{"deployment-tool":"cli-firebase","deployment-callable":"true","firebase-functions-hash":"7bbeefe44dd2fb04675612dc9aa4e05f050b0b2b"},"environment":"GEN_2","url":"https://us-central1-moonstone-4ffb6.cloudfunctions.net/deleteStory","satisfiesPzi":true},"stages":[{"name":"BUILD","message":"Reusing build","state":"COMPLETE","resource":"projects/209159062090/locations/us-central1/builds/ee4e2110-d135-4dd6-9e8b-4bdd6d27be6d","stateMessages":[{"severity":"WARNING","type":"BuildAnalysisWarning","message":"Node.js 20 is no longer supported by the Node.js community as of 30 April, 2026. Node.js 20 will be deprecated on 2026-04-30. We recommend you to upgrade to the latest version of Node.js as soon as possible."}]},{"name":"SERVICE","message":"Updating Cloud Run service","state":"IN_PROGRESS","resource":"projects/moonstone-4ffb6/locations/us-central1/services/deletestory","resourceUri":"https://console.cloud.google.com/run/detail/us-central1/deletestory?project=moonstone-4ffb6","stateMessages":[{"severity":"INFO","type":"CloudRunServiceNewRevisionTrafficInfo","message":"A new revision will be deployed serving with 100% traffic."}]}],"sourceToken":"Cldwcm9qZWN0cy8yMDkxNTkwNjIwOTAvbG9jYXRpb25zL3VzLWNlbnRyYWwxL2J1aWxkcy9lZTRlMjExMC1kMTM1LTRkZDYtOWU4Yi00YmRkNmQyN2JlNmQScXVzLWNlbnRyYWwxLWRvY2tlci5wa2cuZGV2L21vb25zdG9uZS00ZmZiNi9nY2YtYXJ0aWZhY3RzL21vb25zdG9uZS0tNGZmYjZfX3VzLS1jZW50cmFsMV9fYWRkX3RvX2xpYnJhcnk6dmVyc2lvbl8xGMqE6JaLBiJFcHJvamVjdHMvbW9vbnN0b25lLTRmZmI2L2xvY2F0aW9ucy91cy1jZW50cmFsMS9mdW5jdGlvbnMvYWRkVG9MaWJyYXJ5KgwIjICTzAYQ0KqamAIyCG5vZGVqczIwOnYKI2djci5pby9nYWUtcnVudGltZXMvbm9kZWpzMjA6c3RhYmxlEk91cy1jZW50cmFsMS1kb2NrZXIucGtnLmRldi9zZXJ2ZXJsZXNzLXJ1bnRpbWVzL2dvb2dsZS0yMi1mdWxsL3J1bnRpbWVzL25vZGVqczIwQAE=","operationType":"UPDATE_FUNCTION","buildName":"projects/209159062090/locations/us-central1/builds/ee4e2110-d135-4dd6-9e8b-4bdd6d27be6d"},"done":false}
[debug] [2026-02-05T16:06:47.335Z] Got source token Cldwcm9qZWN0cy8yMDkxNTkwNjIwOTAvbG9jYXRpb25zL3VzLWNlbnRyYWwxL2J1aWxkcy9lZTRlMjExMC1kMTM1LTRkZDYtOWU4Yi00YmRkNmQyN2JlNmQScXVzLWNlbnRyYWwxLWRvY2tlci5wa2cuZGV2L21vb25zdG9uZS00ZmZiNi9nY2YtYXJ0aWZhY3RzL21vb25zdG9uZS0tNGZmYjZfX3VzLS1jZW50cmFsMV9fYWRkX3RvX2xpYnJhcnk6dmVyc2lvbl8xGMqE6JaLBiJFcHJvamVjdHMvbW9vbnN0b25lLTRmZmI2L2xvY2F0aW9ucy91cy1jZW50cmFsMS9mdW5jdGlvbnMvYWRkVG9MaWJyYXJ5KgwIjICTzAYQ0KqamAIyCG5vZGVqczIwOnYKI2djci5pby9nYWUtcnVudGltZXMvbm9kZWpzMjA6c3RhYmxlEk91cy1jZW50cmFsMS1kb2NrZXIucGtnLmRldi9zZXJ2ZXJsZXNzLXJ1bnRpbWVzL2dvb2dsZS0yMi1mdWxsL3J1bnRpbWVzL25vZGVqczIwQAE= for region us-central1
[debug] [2026-02-05T16:06:47.417Z] <<< [apiv2][status] GET https://cloudfunctions.googleapis.com/v2/projects/moonstone-4ffb6/locations/us-central1/operations/operation-1770307600288-64a15dba88b90-4635a2f0-de88da05 200
[debug] [2026-02-05T16:06:47.417Z] <<< [apiv2][body] GET https://cloudfunctions.googleapis.com/v2/projects/moonstone-4ffb6/locations/us-central1/operations/operation-1770307600288-64a15dba88b90-4635a2f0-de88da05 {"name":"projects/moonstone-4ffb6/locations/us-central1/operations/operation-1770307600288-64a15dba88b90-4635a2f0-de88da05","metadata":{"@type":"type.googleapis.com/google.cloud.functions.v2.OperationMetadata","createTime":"2026-02-05T16:06:41.063967105Z","target":"projects/moonstone-4ffb6/locations/us-central1/functions/toggleFavorite","verb":"update","cancelRequested":false,"apiVersion":"v2","requestResource":{"@type":"type.googleapis.com/google.cloud.functions.v2.Function","name":"projects/moonstone-4ffb6/locations/us-central1/functions/toggleFavorite","buildConfig":{"runtime":"nodejs20","entryPoint":"toggleFavorite","source":{"storageSource":{"bucket":"gcf-v2-sources-209159062090-us-central1","object":"toggleFavorite/function-source.zip","generation":"1770307601013945"}},"environmentVariables":{"GOOGLE_NODE_RUN_SCRIPTS":""},"dockerRepository":"projects/moonstone-4ffb6/locations/us-central1/repositories/gcf-artifacts","sourceProvenance":{"resolvedStorageSource":{"bucket":"gcf-v2-sources-209159062090-us-central1","object":"toggleFavorite/function-source.zip","generation":"1770306441807979"}},"dockerRegistry":"ARTIFACT_REGISTRY","sourceToken":"Cldwcm9qZWN0cy8yMDkxNTkwNjIwOTAvbG9jYXRpb25zL3VzLWNlbnRyYWwxL2J1aWxkcy9lZTRlMjExMC1kMTM1LTRkZDYtOWU4Yi00YmRkNmQyN2JlNmQScXVzLWNlbnRyYWwxLWRvY2tlci5wa2cuZGV2L21vb25zdG9uZS00ZmZiNi9nY2YtYXJ0aWZhY3RzL21vb25zdG9uZS0tNGZmYjZfX3VzLS1jZW50cmFsMV9fYWRkX3RvX2xpYnJhcnk6dmVyc2lvbl8xGMqE6JaLBiJFcHJvamVjdHMvbW9vbnN0b25lLTRmZmI2L2xvY2F0aW9ucy91cy1jZW50cmFsMS9mdW5jdGlvbnMvYWRkVG9MaWJyYXJ5KgwIjICTzAYQ0KqamAIyCG5vZGVqczIwOnYKI2djci5pby9nYWUtcnVudGltZXMvbm9kZWpzMjA6c3RhYmxlEk91cy1jZW50cmFsMS1kb2NrZXIucGtnLmRldi9zZXJ2ZXJsZXNzLXJ1bnRpbWVzL2dvb2dsZS0yMi1mdWxsL3J1bnRpbWVzL25vZGVqczIwQAE=","serviceAccount":"projects/moonstone-4ffb6/serviceAccounts/209159062090-compute@developer.gserviceaccount.com","automaticUpdatePolicy":{}},"serviceConfig":{"service":"projects/moonstone-4ffb6/locations/us-central1/services/togglefavorite","timeoutSeconds":60,"environmentVariables":{"FIREBASE_CONFIG":"{\"projectId\":\"moonstone-4ffb6\",\"storageBucket\":\"moonstone-4ffb6.firebasestorage.app\"}","GCLOUD_PROJECT":"moonstone-4ffb6","EVENTARC_CLOUD_EVENT_SOURCE":"projects/moonstone-4ffb6/locations/us-central1/services/toggleFavorite","FUNCTION_TARGET":"toggleFavorite","LOG_EXECUTION_ID":"true","FUNCTION_SIGNATURE_TYPE":"http"},"ingressSettings":"ALLOW_ALL","uri":"https://togglefavorite-cblu2dsagq-uc.a.run.app","serviceAccountEmail":"209159062090-compute@developer.gserviceaccount.com","availableMemory":"256Mi","allTrafficOnLatestRevision":true,"revision":"togglefavorite-00035-met","maxInstanceRequestConcurrency":80,"availableCpu":"1"},"state":"ACTIVE","labels":{"deployment-tool":"cli-firebase","deployment-callable":"true","firebase-functions-hash":"7bbeefe44dd2fb04675612dc9aa4e05f050b0b2b"},"environment":"GEN_2","url":"https://us-central1-moonstone-4ffb6.cloudfunctions.net/toggleFavorite","satisfiesPzi":true},"stages":[{"name":"BUILD","message":"Reusing build","state":"COMPLETE","resource":"projects/209159062090/locations/us-central1/builds/ee4e2110-d135-4dd6-9e8b-4bdd6d27be6d","stateMessages":[{"severity":"WARNING","type":"BuildAnalysisWarning","message":"Node.js 20 is no longer supported by the Node.js community as of 30 April, 2026. Node.js 20 will be deprecated on 2026-04-30. We recommend you to upgrade to the latest version of Node.js as soon as possible."}]},{"name":"SERVICE","message":"Updating Cloud Run service","state":"IN_PROGRESS","resource":"projects/moonstone-4ffb6/locations/us-central1/services/togglefavorite","resourceUri":"https://console.cloud.google.com/run/detail/us-central1/togglefavorite?project=moonstone-4ffb6","stateMessages":[{"severity":"INFO","type":"CloudRunServiceNewRevisionTrafficInfo","message":"A new revision will be deployed serving with 100% traffic."}]}],"sourceToken":"Cldwcm9qZWN0cy8yMDkxNTkwNjIwOTAvbG9jYXRpb25zL3VzLWNlbnRyYWwxL2J1aWxkcy9lZTRlMjExMC1kMTM1LTRkZDYtOWU4Yi00YmRkNmQyN2JlNmQScXVzLWNlbnRyYWwxLWRvY2tlci5wa2cuZGV2L21vb25zdG9uZS00ZmZiNi9nY2YtYXJ0aWZhY3RzL21vb25zdG9uZS0tNGZmYjZfX3VzLS1jZW50cmFsMV9fYWRkX3RvX2xpYnJhcnk6dmVyc2lvbl8xGMqE6JaLBiJFcHJvamVjdHMvbW9vbnN0b25lLTRmZmI2L2xvY2F0aW9ucy91cy1jZW50cmFsMS9mdW5jdGlvbnMvYWRkVG9MaWJyYXJ5KgwIjICTzAYQ0KqamAIyCG5vZGVqczIwOnYKI2djci5pby9nYWUtcnVudGltZXMvbm9kZWpzMjA6c3RhYmxlEk91cy1jZW50cmFsMS1kb2NrZXIucGtnLmRldi9zZXJ2ZXJsZXNzLXJ1bnRpbWVzL2dvb2dsZS0yMi1mdWxsL3J1bnRpbWVzL25vZGVqczIwQAE=","operationType":"UPDATE_FUNCTION","buildName":"projects/209159062090/locations/us-central1/builds/ee4e2110-d135-4dd6-9e8b-4bdd6d27be6d"},"done":false}
[debug] [2026-02-05T16:06:47.417Z] Got source token Cldwcm9qZWN0cy8yMDkxNTkwNjIwOTAvbG9jYXRpb25zL3VzLWNlbnRyYWwxL2J1aWxkcy9lZTRlMjExMC1kMTM1LTRkZDYtOWU4Yi00YmRkNmQyN2JlNmQScXVzLWNlbnRyYWwxLWRvY2tlci5wa2cuZGV2L21vb25zdG9uZS00ZmZiNi9nY2YtYXJ0aWZhY3RzL21vb25zdG9uZS0tNGZmYjZfX3VzLS1jZW50cmFsMV9fYWRkX3RvX2xpYnJhcnk6dmVyc2lvbl8xGMqE6JaLBiJFcHJvamVjdHMvbW9vbnN0b25lLTRmZmI2L2xvY2F0aW9ucy91cy1jZW50cmFsMS9mdW5jdGlvbnMvYWRkVG9MaWJyYXJ5KgwIjICTzAYQ0KqamAIyCG5vZGVqczIwOnYKI2djci5pby9nYWUtcnVudGltZXMvbm9kZWpzMjA6c3RhYmxlEk91cy1jZW50cmFsMS1kb2NrZXIucGtnLmRldi9zZXJ2ZXJsZXNzLXJ1bnRpbWVzL2dvb2dsZS0yMi1mdWxsL3J1bnRpbWVzL25vZGVqczIwQAE= for region us-central1
[debug] [2026-02-05T16:06:51.136Z] [update-default-us-central1-onUserCreated] Retrying task index 0
[debug] [2026-02-05T16:06:51.136Z] Checked if tokens are valid: true, expires at: 1770308555729
[debug] [2026-02-05T16:06:51.136Z] Checked if tokens are valid: true, expires at: 1770308555729
[debug] [2026-02-05T16:06:51.136Z] >>> [apiv2][query] GET https://cloudfunctions.googleapis.com/v1/operations/bW9vbnN0b25lLTRmZmI2L3VzLWNlbnRyYWwxL29uVXNlckNyZWF0ZWQvWjJ5VTQwUjBZakE [none]
[debug] [2026-02-05T16:06:51.307Z] <<< [apiv2][status] GET https://cloudfunctions.googleapis.com/v1/operations/bW9vbnN0b25lLTRmZmI2L3VzLWNlbnRyYWwxL29uVXNlckNyZWF0ZWQvWjJ5VTQwUjBZakE 200
[debug] [2026-02-05T16:06:51.308Z] <<< [apiv2][body] GET https://cloudfunctions.googleapis.com/v1/operations/bW9vbnN0b25lLTRmZmI2L3VzLWNlbnRyYWwxL29uVXNlckNyZWF0ZWQvWjJ5VTQwUjBZakE {"name":"operations/bW9vbnN0b25lLTRmZmI2L3VzLWNlbnRyYWwxL29uVXNlckNyZWF0ZWQvWjJ5VTQwUjBZakE","metadata":{"@type":"type.googleapis.com/google.cloud.functions.v1.OperationMetadataV1","target":"projects/moonstone-4ffb6/locations/us-central1/functions/onUserCreated","type":"UPDATE_FUNCTION","request":{"@type":"type.googleapis.com/google.cloud.functions.v1.CloudFunction","name":"projects/moonstone-4ffb6/locations/us-central1/functions/onUserCreated","eventTrigger":{"eventType":"providers/firebase.auth/eventTypes/user.create","resource":"projects/moonstone-4ffb6","service":"firebaseauth.googleapis.com"},"status":"ACTIVE","entryPoint":"onUserCreated","updateTime":"2026-02-05T15:47:52.578Z","versionId":"37","labels":{"deployment-tool":"cli-firebase","firebase-functions-hash":"601a9d2c7821ba6b3231d8b73751faf9cff534f0"},"sourceUploadUrl":"https://storage.googleapis.com/uploads-103741382100.us-central1.cloudfunctions.appspot.com/fd5f4b10-979c-4e98-8fed-6ea9b74dbfdd.zip?GoogleAccessId=service-209159062090@gcf-admin-robot.iam.gserviceaccount.com&Expires=1770309269&Signature=ilJjefXq3lJUkA84HjrpUi4RDBqk01KPGYCZQm2TsbY7Kc5SoJWKZ6CH%2B5sH1%2FgFo8Ob0g8mVzKpsLMs%2FRJtTYvlt79c8%2FB02ZDiY1J23aBqfygefWZQXpeG3n8jBejT57h%2Bxp1SWbH9ounL%2FC4OQoaUfR2%2BqoQiawPyiuSDwdVefJ%2F4lXTkPW2q73gSsxF4C2hSstsFavTDPo6PDRPOYVZhGEPamDoNzTsxIBVQ%2F8P8FbpJdZtKuZTk8FpBTGZDkh73zwA5AWegbOsbxZ7GhKcMtl1WhwgSzS%2Bd1EIVzSocbKV6II9eZZu69vhrcs7gKzowVIpwQhT3hAshnFAboQ%3D%3D","environmentVariables":{"FIREBASE_CONFIG":"{\"projectId\":\"moonstone-4ffb6\",\"storageBucket\":\"moonstone-4ffb6.firebasestorage.app\"}","GCLOUD_PROJECT":"moonstone-4ffb6","EVENTARC_CLOUD_EVENT_SOURCE":"projects/moonstone-4ffb6/locations/us-central1/functions/onUserCreated"},"runtime":"nodejs20","buildId":"69f59c75-70a9-4043-acf7-a346c1545c96","buildEnvironmentVariables":{"GOOGLE_NODE_RUN_SCRIPTS":""},"buildName":"projects/209159062090/locations/us-central1/builds/69f59c75-70a9-4043-acf7-a346c1545c96","dockerRegistry":"ARTIFACT_REGISTRY","automaticUpdatePolicy":{},"buildServiceAccount":"projects/moonstone-4ffb6/serviceAccounts/209159062090-compute@developer.gserviceaccount.com"},"versionId":"38","updateTime":"2026-02-05T16:04:30Z","buildId":"8baebbba-7ede-4b99-ba2a-42efc01e5585","sourceToken":"af378585-4cef-4f9c-ae10-27b69417ae8b","buildName":"projects/209159062090/locations/us-central1/builds/8baebbba-7ede-4b99-ba2a-42efc01e5585"}}
[debug] [2026-02-05T16:06:51.308Z] Got source token af378585-4cef-4f9c-ae10-27b69417ae8b for region us-central1
[debug] [2026-02-05T16:06:51.323Z] [update-default-us-central1-updateProgress] Retrying task index 0
[debug] [2026-02-05T16:06:51.323Z] Checked if tokens are valid: true, expires at: 1770308555729
[debug] [2026-02-05T16:06:51.323Z] Checked if tokens are valid: true, expires at: 1770308555729
[debug] [2026-02-05T16:06:51.323Z] >>> [apiv2][query] GET https://cloudfunctions.googleapis.com/v2/projects/moonstone-4ffb6/locations/us-central1/operations/operation-1770307600270-64a15dba84528-f92fd70c-100f3491 [none]
[debug] [2026-02-05T16:06:51.339Z] [update-default-us-central1-deleteStory] Retrying task index 0
[debug] [2026-02-05T16:06:51.339Z] Checked if tokens are valid: true, expires at: 1770308555729
[debug] [2026-02-05T16:06:51.339Z] Checked if tokens are valid: true, expires at: 1770308555729
[debug] [2026-02-05T16:06:51.339Z] >>> [apiv2][query] GET https://cloudfunctions.googleapis.com/v2/projects/moonstone-4ffb6/locations/us-central1/operations/operation-1770307600216-64a15dba772a3-1a928495-e18badf1 [none]
[debug] [2026-02-05T16:06:51.418Z] [update-default-us-central1-toggleFavorite] Retrying task index 0
[debug] [2026-02-05T16:06:51.418Z] Checked if tokens are valid: true, expires at: 1770308555729
[debug] [2026-02-05T16:06:51.418Z] Checked if tokens are valid: true, expires at: 1770308555729
[debug] [2026-02-05T16:06:51.418Z] >>> [apiv2][query] GET https://cloudfunctions.googleapis.com/v2/projects/moonstone-4ffb6/locations/us-central1/operations/operation-1770307600288-64a15dba88b90-4635a2f0-de88da05 [none]
[debug] [2026-02-05T16:06:51.511Z] [update-default-us-central1-previewVoice] Retrying task index 0
[debug] [2026-02-05T16:06:51.511Z] Checked if tokens are valid: true, expires at: 1770308555729
[debug] [2026-02-05T16:06:51.511Z] Checked if tokens are valid: true, expires at: 1770308555729
[debug] [2026-02-05T16:06:51.511Z] >>> [apiv2][query] GET https://cloudfunctions.googleapis.com/v2/projects/moonstone-4ffb6/locations/us-central1/operations/operation-1770307469925-64a15d3e35c8e-39a3132d-d1ed5cc7 [none]
[debug] [2026-02-05T16:06:51.538Z] <<< [apiv2][status] GET https://cloudfunctions.googleapis.com/v2/projects/moonstone-4ffb6/locations/us-central1/operations/operation-1770307600270-64a15dba84528-f92fd70c-100f3491 200
[debug] [2026-02-05T16:06:51.538Z] <<< [apiv2][body] GET https://cloudfunctions.googleapis.com/v2/projects/moonstone-4ffb6/locations/us-central1/operations/operation-1770307600270-64a15dba84528-f92fd70c-100f3491 {"name":"projects/moonstone-4ffb6/locations/us-central1/operations/operation-1770307600270-64a15dba84528-f92fd70c-100f3491","metadata":{"@type":"type.googleapis.com/google.cloud.functions.v2.OperationMetadata","createTime":"2026-02-05T16:06:40.992890378Z","target":"projects/moonstone-4ffb6/locations/us-central1/functions/updateProgress","verb":"update","cancelRequested":false,"apiVersion":"v2","requestResource":{"@type":"type.googleapis.com/google.cloud.functions.v2.Function","name":"projects/moonstone-4ffb6/locations/us-central1/functions/updateProgress","buildConfig":{"runtime":"nodejs20","entryPoint":"updateProgress","source":{"storageSource":{"bucket":"gcf-v2-sources-209159062090-us-central1","object":"updateProgress/function-source.zip","generation":"1770307600935368"}},"environmentVariables":{"GOOGLE_NODE_RUN_SCRIPTS":""},"dockerRepository":"projects/moonstone-4ffb6/locations/us-central1/repositories/gcf-artifacts","sourceProvenance":{"resolvedStorageSource":{"bucket":"gcf-v2-sources-209159062090-us-central1","object":"updateProgress/function-source.zip","generation":"1770306441809240"}},"dockerRegistry":"ARTIFACT_REGISTRY","sourceToken":"Cldwcm9qZWN0cy8yMDkxNTkwNjIwOTAvbG9jYXRpb25zL3VzLWNlbnRyYWwxL2J1aWxkcy9lZTRlMjExMC1kMTM1LTRkZDYtOWU4Yi00YmRkNmQyN2JlNmQScXVzLWNlbnRyYWwxLWRvY2tlci5wa2cuZGV2L21vb25zdG9uZS00ZmZiNi9nY2YtYXJ0aWZhY3RzL21vb25zdG9uZS0tNGZmYjZfX3VzLS1jZW50cmFsMV9fYWRkX3RvX2xpYnJhcnk6dmVyc2lvbl8xGMqE6JaLBiJFcHJvamVjdHMvbW9vbnN0b25lLTRmZmI2L2xvY2F0aW9ucy91cy1jZW50cmFsMS9mdW5jdGlvbnMvYWRkVG9MaWJyYXJ5KgwIjICTzAYQ0KqamAIyCG5vZGVqczIwOnYKI2djci5pby9nYWUtcnVudGltZXMvbm9kZWpzMjA6c3RhYmxlEk91cy1jZW50cmFsMS1kb2NrZXIucGtnLmRldi9zZXJ2ZXJsZXNzLXJ1bnRpbWVzL2dvb2dsZS0yMi1mdWxsL3J1bnRpbWVzL25vZGVqczIwQAE=","serviceAccount":"projects/moonstone-4ffb6/serviceAccounts/209159062090-compute@developer.gserviceaccount.com","automaticUpdatePolicy":{}},"serviceConfig":{"service":"projects/moonstone-4ffb6/locations/us-central1/services/updateprogress","timeoutSeconds":60,"environmentVariables":{"FIREBASE_CONFIG":"{\"projectId\":\"moonstone-4ffb6\",\"storageBucket\":\"moonstone-4ffb6.firebasestorage.app\"}","GCLOUD_PROJECT":"moonstone-4ffb6","EVENTARC_CLOUD_EVENT_SOURCE":"projects/moonstone-4ffb6/locations/us-central1/services/updateProgress","FUNCTION_TARGET":"updateProgress","LOG_EXECUTION_ID":"true","FUNCTION_SIGNATURE_TYPE":"http"},"ingressSettings":"ALLOW_ALL","uri":"https://updateprogress-cblu2dsagq-uc.a.run.app","serviceAccountEmail":"209159062090-compute@developer.gserviceaccount.com","availableMemory":"256Mi","allTrafficOnLatestRevision":true,"revision":"updateprogress-00036-pem","maxInstanceRequestConcurrency":80,"availableCpu":"1"},"state":"ACTIVE","labels":{"deployment-tool":"cli-firebase","deployment-callable":"true","firebase-functions-hash":"7bbeefe44dd2fb04675612dc9aa4e05f050b0b2b"},"environment":"GEN_2","url":"https://us-central1-moonstone-4ffb6.cloudfunctions.net/updateProgress","satisfiesPzi":true},"stages":[{"name":"BUILD","message":"Reusing build","state":"COMPLETE","resource":"projects/209159062090/locations/us-central1/builds/ee4e2110-d135-4dd6-9e8b-4bdd6d27be6d","stateMessages":[{"severity":"WARNING","type":"BuildAnalysisWarning","message":"Node.js 20 is no longer supported by the Node.js community as of 30 April, 2026. Node.js 20 will be deprecated on 2026-04-30. We recommend you to upgrade to the latest version of Node.js as soon as possible."}]},{"name":"SERVICE","message":"Updating Cloud Run service","state":"IN_PROGRESS","resource":"projects/moonstone-4ffb6/locations/us-central1/services/updateprogress","resourceUri":"https://console.cloud.google.com/run/detail/us-central1/updateprogress?project=moonstone-4ffb6","stateMessages":[{"severity":"INFO","type":"CloudRunServiceNewRevisionTrafficInfo","message":"A new revision will be deployed serving with 100% traffic."}]}],"sourceToken":"Cldwcm9qZWN0cy8yMDkxNTkwNjIwOTAvbG9jYXRpb25zL3VzLWNlbnRyYWwxL2J1aWxkcy9lZTRlMjExMC1kMTM1LTRkZDYtOWU4Yi00YmRkNmQyN2JlNmQScXVzLWNlbnRyYWwxLWRvY2tlci5wa2cuZGV2L21vb25zdG9uZS00ZmZiNi9nY2YtYXJ0aWZhY3RzL21vb25zdG9uZS0tNGZmYjZfX3VzLS1jZW50cmFsMV9fYWRkX3RvX2xpYnJhcnk6dmVyc2lvbl8xGMqE6JaLBiJFcHJvamVjdHMvbW9vbnN0b25lLTRmZmI2L2xvY2F0aW9ucy91cy1jZW50cmFsMS9mdW5jdGlvbnMvYWRkVG9MaWJyYXJ5KgwIjICTzAYQ0KqamAIyCG5vZGVqczIwOnYKI2djci5pby9nYWUtcnVudGltZXMvbm9kZWpzMjA6c3RhYmxlEk91cy1jZW50cmFsMS1kb2NrZXIucGtnLmRldi9zZXJ2ZXJsZXNzLXJ1bnRpbWVzL2dvb2dsZS0yMi1mdWxsL3J1bnRpbWVzL25vZGVqczIwQAE=","operationType":"UPDATE_FUNCTION","buildName":"projects/209159062090/locations/us-central1/builds/ee4e2110-d135-4dd6-9e8b-4bdd6d27be6d"},"done":false}
[debug] [2026-02-05T16:06:51.538Z] Got source token Cldwcm9qZWN0cy8yMDkxNTkwNjIwOTAvbG9jYXRpb25zL3VzLWNlbnRyYWwxL2J1aWxkcy9lZTRlMjExMC1kMTM1LTRkZDYtOWU4Yi00YmRkNmQyN2JlNmQScXVzLWNlbnRyYWwxLWRvY2tlci5wa2cuZGV2L21vb25zdG9uZS00ZmZiNi9nY2YtYXJ0aWZhY3RzL21vb25zdG9uZS0tNGZmYjZfX3VzLS1jZW50cmFsMV9fYWRkX3RvX2xpYnJhcnk6dmVyc2lvbl8xGMqE6JaLBiJFcHJvamVjdHMvbW9vbnN0b25lLTRmZmI2L2xvY2F0aW9ucy91cy1jZW50cmFsMS9mdW5jdGlvbnMvYWRkVG9MaWJyYXJ5KgwIjICTzAYQ0KqamAIyCG5vZGVqczIwOnYKI2djci5pby9nYWUtcnVudGltZXMvbm9kZWpzMjA6c3RhYmxlEk91cy1jZW50cmFsMS1kb2NrZXIucGtnLmRldi9zZXJ2ZXJsZXNzLXJ1bnRpbWVzL2dvb2dsZS0yMi1mdWxsL3J1bnRpbWVzL25vZGVqczIwQAE= for region us-central1
[debug] [2026-02-05T16:06:51.547Z] <<< [apiv2][status] GET https://cloudfunctions.googleapis.com/v2/projects/moonstone-4ffb6/locations/us-central1/operations/operation-1770307600216-64a15dba772a3-1a928495-e18badf1 200
[debug] [2026-02-05T16:06:51.547Z] <<< [apiv2][body] GET https://cloudfunctions.googleapis.com/v2/projects/moonstone-4ffb6/locations/us-central1/operations/operation-1770307600216-64a15dba772a3-1a928495-e18badf1 {"name":"projects/moonstone-4ffb6/locations/us-central1/operations/operation-1770307600216-64a15dba772a3-1a928495-e18badf1","metadata":{"@type":"type.googleapis.com/google.cloud.functions.v2.OperationMetadata","createTime":"2026-02-05T16:06:40.965012258Z","target":"projects/moonstone-4ffb6/locations/us-central1/functions/deleteStory","verb":"update","cancelRequested":false,"apiVersion":"v2","requestResource":{"@type":"type.googleapis.com/google.cloud.functions.v2.Function","name":"projects/moonstone-4ffb6/locations/us-central1/functions/deleteStory","buildConfig":{"runtime":"nodejs20","entryPoint":"deleteStory","source":{"storageSource":{"bucket":"gcf-v2-sources-209159062090-us-central1","object":"deleteStory/function-source.zip","generation":"1770307600914689"}},"environmentVariables":{"GOOGLE_NODE_RUN_SCRIPTS":""},"dockerRepository":"projects/moonstone-4ffb6/locations/us-central1/repositories/gcf-artifacts","sourceProvenance":{"resolvedStorageSource":{"bucket":"gcf-v2-sources-209159062090-us-central1","object":"deleteStory/function-source.zip","generation":"1770306441843285"}},"dockerRegistry":"ARTIFACT_REGISTRY","sourceToken":"Cldwcm9qZWN0cy8yMDkxNTkwNjIwOTAvbG9jYXRpb25zL3VzLWNlbnRyYWwxL2J1aWxkcy9lZTRlMjExMC1kMTM1LTRkZDYtOWU4Yi00YmRkNmQyN2JlNmQScXVzLWNlbnRyYWwxLWRvY2tlci5wa2cuZGV2L21vb25zdG9uZS00ZmZiNi9nY2YtYXJ0aWZhY3RzL21vb25zdG9uZS0tNGZmYjZfX3VzLS1jZW50cmFsMV9fYWRkX3RvX2xpYnJhcnk6dmVyc2lvbl8xGMqE6JaLBiJFcHJvamVjdHMvbW9vbnN0b25lLTRmZmI2L2xvY2F0aW9ucy91cy1jZW50cmFsMS9mdW5jdGlvbnMvYWRkVG9MaWJyYXJ5KgwIjICTzAYQ0KqamAIyCG5vZGVqczIwOnYKI2djci5pby9nYWUtcnVudGltZXMvbm9kZWpzMjA6c3RhYmxlEk91cy1jZW50cmFsMS1kb2NrZXIucGtnLmRldi9zZXJ2ZXJsZXNzLXJ1bnRpbWVzL2dvb2dsZS0yMi1mdWxsL3J1bnRpbWVzL25vZGVqczIwQAE=","serviceAccount":"projects/moonstone-4ffb6/serviceAccounts/209159062090-compute@developer.gserviceaccount.com","automaticUpdatePolicy":{}},"serviceConfig":{"service":"projects/moonstone-4ffb6/locations/us-central1/services/deletestory","timeoutSeconds":60,"environmentVariables":{"FIREBASE_CONFIG":"{\"projectId\":\"moonstone-4ffb6\",\"storageBucket\":\"moonstone-4ffb6.firebasestorage.app\"}","GCLOUD_PROJECT":"moonstone-4ffb6","EVENTARC_CLOUD_EVENT_SOURCE":"projects/moonstone-4ffb6/locations/us-central1/services/deleteStory","FUNCTION_TARGET":"deleteStory","LOG_EXECUTION_ID":"true","FUNCTION_SIGNATURE_TYPE":"http"},"ingressSettings":"ALLOW_ALL","uri":"https://deletestory-cblu2dsagq-uc.a.run.app","serviceAccountEmail":"209159062090-compute@developer.gserviceaccount.com","availableMemory":"256Mi","allTrafficOnLatestRevision":true,"revision":"deletestory-00032-juc","maxInstanceRequestConcurrency":80,"availableCpu":"1"},"state":"ACTIVE","labels":{"deployment-tool":"cli-firebase","deployment-callable":"true","firebase-functions-hash":"7bbeefe44dd2fb04675612dc9aa4e05f050b0b2b"},"environment":"GEN_2","url":"https://us-central1-moonstone-4ffb6.cloudfunctions.net/deleteStory","satisfiesPzi":true},"stages":[{"name":"BUILD","message":"Reusing build","state":"COMPLETE","resource":"projects/209159062090/locations/us-central1/builds/ee4e2110-d135-4dd6-9e8b-4bdd6d27be6d","stateMessages":[{"severity":"WARNING","type":"BuildAnalysisWarning","message":"Node.js 20 is no longer supported by the Node.js community as of 30 April, 2026. Node.js 20 will be deprecated on 2026-04-30. We recommend you to upgrade to the latest version of Node.js as soon as possible."}]},{"name":"SERVICE","message":"Updating Cloud Run service","state":"IN_PROGRESS","resource":"projects/moonstone-4ffb6/locations/us-central1/services/deletestory","resourceUri":"https://console.cloud.google.com/run/detail/us-central1/deletestory?project=moonstone-4ffb6","stateMessages":[{"severity":"INFO","type":"CloudRunServiceNewRevisionTrafficInfo","message":"A new revision will be deployed serving with 100% traffic."}]}],"sourceToken":"Cldwcm9qZWN0cy8yMDkxNTkwNjIwOTAvbG9jYXRpb25zL3VzLWNlbnRyYWwxL2J1aWxkcy9lZTRlMjExMC1kMTM1LTRkZDYtOWU4Yi00YmRkNmQyN2JlNmQScXVzLWNlbnRyYWwxLWRvY2tlci5wa2cuZGV2L21vb25zdG9uZS00ZmZiNi9nY2YtYXJ0aWZhY3RzL21vb25zdG9uZS0tNGZmYjZfX3VzLS1jZW50cmFsMV9fYWRkX3RvX2xpYnJhcnk6dmVyc2lvbl8xGMqE6JaLBiJFcHJvamVjdHMvbW9vbnN0b25lLTRmZmI2L2xvY2F0aW9ucy91cy1jZW50cmFsMS9mdW5jdGlvbnMvYWRkVG9MaWJyYXJ5KgwIjICTzAYQ0KqamAIyCG5vZGVqczIwOnYKI2djci5pby9nYWUtcnVudGltZXMvbm9kZWpzMjA6c3RhYmxlEk91cy1jZW50cmFsMS1kb2NrZXIucGtnLmRldi9zZXJ2ZXJsZXNzLXJ1bnRpbWVzL2dvb2dsZS0yMi1mdWxsL3J1bnRpbWVzL25vZGVqczIwQAE=","operationType":"UPDATE_FUNCTION","buildName":"projects/209159062090/locations/us-central1/builds/ee4e2110-d135-4dd6-9e8b-4bdd6d27be6d"},"done":false}
[debug] [2026-02-05T16:06:51.547Z] Got source token Cldwcm9qZWN0cy8yMDkxNTkwNjIwOTAvbG9jYXRpb25zL3VzLWNlbnRyYWwxL2J1aWxkcy9lZTRlMjExMC1kMTM1LTRkZDYtOWU4Yi00YmRkNmQyN2JlNmQScXVzLWNlbnRyYWwxLWRvY2tlci5wa2cuZGV2L21vb25zdG9uZS00ZmZiNi9nY2YtYXJ0aWZhY3RzL21vb25zdG9uZS0tNGZmYjZfX3VzLS1jZW50cmFsMV9fYWRkX3RvX2xpYnJhcnk6dmVyc2lvbl8xGMqE6JaLBiJFcHJvamVjdHMvbW9vbnN0b25lLTRmZmI2L2xvY2F0aW9ucy91cy1jZW50cmFsMS9mdW5jdGlvbnMvYWRkVG9MaWJyYXJ5KgwIjICTzAYQ0KqamAIyCG5vZGVqczIwOnYKI2djci5pby9nYWUtcnVudGltZXMvbm9kZWpzMjA6c3RhYmxlEk91cy1jZW50cmFsMS1kb2NrZXIucGtnLmRldi9zZXJ2ZXJsZXNzLXJ1bnRpbWVzL2dvb2dsZS0yMi1mdWxsL3J1bnRpbWVzL25vZGVqczIwQAE= for region us-central1
[debug] [2026-02-05T16:06:51.615Z] <<< [apiv2][status] GET https://cloudfunctions.googleapis.com/v2/projects/moonstone-4ffb6/locations/us-central1/operations/operation-1770307600288-64a15dba88b90-4635a2f0-de88da05 200
[debug] [2026-02-05T16:06:51.615Z] <<< [apiv2][body] GET https://cloudfunctions.googleapis.com/v2/projects/moonstone-4ffb6/locations/us-central1/operations/operation-1770307600288-64a15dba88b90-4635a2f0-de88da05 {"name":"projects/moonstone-4ffb6/locations/us-central1/operations/operation-1770307600288-64a15dba88b90-4635a2f0-de88da05","metadata":{"@type":"type.googleapis.com/google.cloud.functions.v2.OperationMetadata","createTime":"2026-02-05T16:06:41.063967105Z","target":"projects/moonstone-4ffb6/locations/us-central1/functions/toggleFavorite","verb":"update","cancelRequested":false,"apiVersion":"v2","requestResource":{"@type":"type.googleapis.com/google.cloud.functions.v2.Function","name":"projects/moonstone-4ffb6/locations/us-central1/functions/toggleFavorite","buildConfig":{"runtime":"nodejs20","entryPoint":"toggleFavorite","source":{"storageSource":{"bucket":"gcf-v2-sources-209159062090-us-central1","object":"toggleFavorite/function-source.zip","generation":"1770307601013945"}},"environmentVariables":{"GOOGLE_NODE_RUN_SCRIPTS":""},"dockerRepository":"projects/moonstone-4ffb6/locations/us-central1/repositories/gcf-artifacts","sourceProvenance":{"resolvedStorageSource":{"bucket":"gcf-v2-sources-209159062090-us-central1","object":"toggleFavorite/function-source.zip","generation":"1770306441807979"}},"dockerRegistry":"ARTIFACT_REGISTRY","sourceToken":"Cldwcm9qZWN0cy8yMDkxNTkwNjIwOTAvbG9jYXRpb25zL3VzLWNlbnRyYWwxL2J1aWxkcy9lZTRlMjExMC1kMTM1LTRkZDYtOWU4Yi00YmRkNmQyN2JlNmQScXVzLWNlbnRyYWwxLWRvY2tlci5wa2cuZGV2L21vb25zdG9uZS00ZmZiNi9nY2YtYXJ0aWZhY3RzL21vb25zdG9uZS0tNGZmYjZfX3VzLS1jZW50cmFsMV9fYWRkX3RvX2xpYnJhcnk6dmVyc2lvbl8xGMqE6JaLBiJFcHJvamVjdHMvbW9vbnN0b25lLTRmZmI2L2xvY2F0aW9ucy91cy1jZW50cmFsMS9mdW5jdGlvbnMvYWRkVG9MaWJyYXJ5KgwIjICTzAYQ0KqamAIyCG5vZGVqczIwOnYKI2djci5pby9nYWUtcnVudGltZXMvbm9kZWpzMjA6c3RhYmxlEk91cy1jZW50cmFsMS1kb2NrZXIucGtnLmRldi9zZXJ2ZXJsZXNzLXJ1bnRpbWVzL2dvb2dsZS0yMi1mdWxsL3J1bnRpbWVzL25vZGVqczIwQAE=","serviceAccount":"projects/moonstone-4ffb6/serviceAccounts/209159062090-compute@developer.gserviceaccount.com","automaticUpdatePolicy":{}},"serviceConfig":{"service":"projects/moonstone-4ffb6/locations/us-central1/services/togglefavorite","timeoutSeconds":60,"environmentVariables":{"FIREBASE_CONFIG":"{\"projectId\":\"moonstone-4ffb6\",\"storageBucket\":\"moonstone-4ffb6.firebasestorage.app\"}","GCLOUD_PROJECT":"moonstone-4ffb6","EVENTARC_CLOUD_EVENT_SOURCE":"projects/moonstone-4ffb6/locations/us-central1/services/toggleFavorite","FUNCTION_TARGET":"toggleFavorite","LOG_EXECUTION_ID":"true","FUNCTION_SIGNATURE_TYPE":"http"},"ingressSettings":"ALLOW_ALL","uri":"https://togglefavorite-cblu2dsagq-uc.a.run.app","serviceAccountEmail":"209159062090-compute@developer.gserviceaccount.com","availableMemory":"256Mi","allTrafficOnLatestRevision":true,"revision":"togglefavorite-00035-met","maxInstanceRequestConcurrency":80,"availableCpu":"1"},"state":"ACTIVE","labels":{"deployment-tool":"cli-firebase","deployment-callable":"true","firebase-functions-hash":"7bbeefe44dd2fb04675612dc9aa4e05f050b0b2b"},"environment":"GEN_2","url":"https://us-central1-moonstone-4ffb6.cloudfunctions.net/toggleFavorite","satisfiesPzi":true},"stages":[{"name":"BUILD","message":"Reusing build","state":"COMPLETE","resource":"projects/209159062090/locations/us-central1/builds/ee4e2110-d135-4dd6-9e8b-4bdd6d27be6d","stateMessages":[{"severity":"WARNING","type":"BuildAnalysisWarning","message":"Node.js 20 is no longer supported by the Node.js community as of 30 April, 2026. Node.js 20 will be deprecated on 2026-04-30. We recommend you to upgrade to the latest version of Node.js as soon as possible."}]},{"name":"SERVICE","message":"Updating Cloud Run service","state":"IN_PROGRESS","resource":"projects/moonstone-4ffb6/locations/us-central1/services/togglefavorite","resourceUri":"https://console.cloud.google.com/run/detail/us-central1/togglefavorite?project=moonstone-4ffb6","stateMessages":[{"severity":"INFO","type":"CloudRunServiceNewRevisionTrafficInfo","message":"A new revision will be deployed serving with 100% traffic."}]}],"sourceToken":"Cldwcm9qZWN0cy8yMDkxNTkwNjIwOTAvbG9jYXRpb25zL3VzLWNlbnRyYWwxL2J1aWxkcy9lZTRlMjExMC1kMTM1LTRkZDYtOWU4Yi00YmRkNmQyN2JlNmQScXVzLWNlbnRyYWwxLWRvY2tlci5wa2cuZGV2L21vb25zdG9uZS00ZmZiNi9nY2YtYXJ0aWZhY3RzL21vb25zdG9uZS0tNGZmYjZfX3VzLS1jZW50cmFsMV9fYWRkX3RvX2xpYnJhcnk6dmVyc2lvbl8xGMqE6JaLBiJFcHJvamVjdHMvbW9vbnN0b25lLTRmZmI2L2xvY2F0aW9ucy91cy1jZW50cmFsMS9mdW5jdGlvbnMvYWRkVG9MaWJyYXJ5KgwIjICTzAYQ0KqamAIyCG5vZGVqczIwOnYKI2djci5pby9nYWUtcnVudGltZXMvbm9kZWpzMjA6c3RhYmxlEk91cy1jZW50cmFsMS1kb2NrZXIucGtnLmRldi9zZXJ2ZXJsZXNzLXJ1bnRpbWVzL2dvb2dsZS0yMi1mdWxsL3J1bnRpbWVzL25vZGVqczIwQAE=","operationType":"UPDATE_FUNCTION","buildName":"projects/209159062090/locations/us-central1/builds/ee4e2110-d135-4dd6-9e8b-4bdd6d27be6d"},"done":false}
[debug] [2026-02-05T16:06:51.615Z] Got source token Cldwcm9qZWN0cy8yMDkxNTkwNjIwOTAvbG9jYXRpb25zL3VzLWNlbnRyYWwxL2J1aWxkcy9lZTRlMjExMC1kMTM1LTRkZDYtOWU4Yi00YmRkNmQyN2JlNmQScXVzLWNlbnRyYWwxLWRvY2tlci5wa2cuZGV2L21vb25zdG9uZS00ZmZiNi9nY2YtYXJ0aWZhY3RzL21vb25zdG9uZS0tNGZmYjZfX3VzLS1jZW50cmFsMV9fYWRkX3RvX2xpYnJhcnk6dmVyc2lvbl8xGMqE6JaLBiJFcHJvamVjdHMvbW9vbnN0b25lLTRmZmI2L2xvY2F0aW9ucy91cy1jZW50cmFsMS9mdW5jdGlvbnMvYWRkVG9MaWJyYXJ5KgwIjICTzAYQ0KqamAIyCG5vZGVqczIwOnYKI2djci5pby9nYWUtcnVudGltZXMvbm9kZWpzMjA6c3RhYmxlEk91cy1jZW50cmFsMS1kb2NrZXIucGtnLmRldi9zZXJ2ZXJsZXNzLXJ1bnRpbWVzL2dvb2dsZS0yMi1mdWxsL3J1bnRpbWVzL25vZGVqczIwQAE= for region us-central1
[debug] [2026-02-05T16:06:51.749Z] <<< [apiv2][status] GET https://cloudfunctions.googleapis.com/v2/projects/moonstone-4ffb6/locations/us-central1/operations/operation-1770307469925-64a15d3e35c8e-39a3132d-d1ed5cc7 200
[debug] [2026-02-05T16:06:51.749Z] <<< [apiv2][body] GET https://cloudfunctions.googleapis.com/v2/projects/moonstone-4ffb6/locations/us-central1/operations/operation-1770307469925-64a15d3e35c8e-39a3132d-d1ed5cc7 {"name":"projects/moonstone-4ffb6/locations/us-central1/operations/operation-1770307469925-64a15d3e35c8e-39a3132d-d1ed5cc7","metadata":{"@type":"type.googleapis.com/google.cloud.functions.v2.OperationMetadata","createTime":"2026-02-05T16:04:30.622575670Z","endTime":"2026-02-05T16:06:42.104604328Z","target":"projects/moonstone-4ffb6/locations/us-central1/functions/previewVoice","verb":"update","cancelRequested":false,"apiVersion":"v2","requestResource":{"@type":"type.googleapis.com/google.cloud.functions.v2.Function","name":"projects/moonstone-4ffb6/locations/us-central1/functions/previewVoice","buildConfig":{"runtime":"nodejs20","entryPoint":"previewVoice","source":{"storageSource":{"bucket":"gcf-v2-sources-209159062090-us-central1","object":"previewVoice/function-source.zip","generation":"1770307470574217"}},"environmentVariables":{"GOOGLE_NODE_RUN_SCRIPTS":""},"dockerRepository":"projects/moonstone-4ffb6/locations/us-central1/repositories/gcf-artifacts","sourceProvenance":{"resolvedStorageSource":{"bucket":"gcf-v2-sources-209159062090-us-central1","object":"previewVoice/function-source.zip","generation":"1770306322040150"}},"dockerRegistry":"ARTIFACT_REGISTRY","serviceAccount":"projects/moonstone-4ffb6/serviceAccounts/209159062090-compute@developer.gserviceaccount.com","automaticUpdatePolicy":{}},"serviceConfig":{"service":"projects/moonstone-4ffb6/locations/us-central1/services/previewvoice","timeoutSeconds":60,"environmentVariables":{"FIREBASE_CONFIG":"{\"projectId\":\"moonstone-4ffb6\",\"storageBucket\":\"moonstone-4ffb6.firebasestorage.app\"}","GCLOUD_PROJECT":"moonstone-4ffb6","EVENTARC_CLOUD_EVENT_SOURCE":"projects/moonstone-4ffb6/locations/us-central1/services/previewVoice","FUNCTION_TARGET":"previewVoice","LOG_EXECUTION_ID":"true"},"ingressSettings":"ALLOW_ALL","uri":"https://previewvoice-cblu2dsagq-uc.a.run.app","serviceAccountEmail":"209159062090-compute@developer.gserviceaccount.com","availableMemory":"512Mi","allTrafficOnLatestRevision":true,"revision":"previewvoice-00027-vif","maxInstanceRequestConcurrency":80,"availableCpu":"1"},"state":"ACTIVE","labels":{"deployment-tool":"cli-firebase","deployment-callable":"true","firebase-functions-hash":"7bbeefe44dd2fb04675612dc9aa4e05f050b0b2b"},"environment":"GEN_2","url":"https://us-central1-moonstone-4ffb6.cloudfunctions.net/previewVoice","satisfiesPzi":true},"stages":[{"name":"BUILD","message":"Build finished","state":"COMPLETE","resource":"projects/209159062090/locations/us-central1/builds/68bd7e82-b514-403f-9791-758372b59bcb","resourceUri":"https://console.cloud.google.com/cloud-build/builds;region=us-central1/68bd7e82-b514-403f-9791-758372b59bcb?project=209159062090","stateMessages":[{"severity":"WARNING","type":"BuildAnalysisWarning","message":"*** Improve build performance by generating and committing package-lock.json."}]},{"name":"SERVICE","message":"Updating Cloud Run service","state":"COMPLETE","resource":"projects/moonstone-4ffb6/locations/us-central1/services/previewvoice","resourceUri":"https://console.cloud.google.com/run/detail/us-central1/previewvoice?project=moonstone-4ffb6","stateMessages":[{"severity":"INFO","type":"CloudRunServiceNewRevisionTrafficInfo","message":"A new revision will be deployed serving with 100% traffic."}]}],"sourceToken":"Cldwcm9qZWN0cy8yMDkxNTkwNjIwOTAvbG9jYXRpb25zL3VzLWNlbnRyYWwxL2J1aWxkcy82OGJkN2U4Mi1iNTE0LTQwM2YtOTc5MS03NTgzNzJiNTliY2IScHVzLWNlbnRyYWwxLWRvY2tlci5wa2cuZGV2L21vb25zdG9uZS00ZmZiNi9nY2YtYXJ0aWZhY3RzL21vb25zdG9uZS0tNGZmYjZfX3VzLS1jZW50cmFsMV9fcHJldmlld192b2ljZTp2ZXJzaW9uXzEYyoTolosGIkVwcm9qZWN0cy9tb29uc3RvbmUtNGZmYjYvbG9jYXRpb25zL3VzLWNlbnRyYWwxL2Z1bmN0aW9ucy9wcmV2aWV3Vm9pY2UqDAiGgJPMBhDY7+7JAzIIbm9kZWpzMjA6dgojZ2NyLmlvL2dhZS1ydW50aW1lcy9ub2RlanMyMDpzdGFibGUST3VzLWNlbnRyYWwxLWRvY2tlci5wa2cuZGV2L3NlcnZlcmxlc3MtcnVudGltZXMvZ29vZ2xlLTIyLWZ1bGwvcnVudGltZXMvbm9kZWpzMjBAAQ==","operationType":"UPDATE_FUNCTION","buildName":"projects/209159062090/locations/us-central1/builds/68bd7e82-b514-403f-9791-758372b59bcb"},"done":true,"response":{"@type":"type.googleapis.com/google.cloud.functions.v2.Function","name":"projects/moonstone-4ffb6/locations/us-central1/functions/previewVoice","buildConfig":{"build":"projects/209159062090/locations/us-central1/builds/68bd7e82-b514-403f-9791-758372b59bcb","runtime":"nodejs20","entryPoint":"previewVoice","source":{"storageSource":{"bucket":"gcf-v2-sources-209159062090-us-central1","object":"previewVoice/function-source.zip","generation":"1770307470574217"}},"environmentVariables":{"GOOGLE_NODE_RUN_SCRIPTS":""},"dockerRepository":"projects/moonstone-4ffb6/locations/us-central1/repositories/gcf-artifacts","sourceProvenance":{"resolvedStorageSource":{"bucket":"gcf-v2-sources-209159062090-us-central1","object":"previewVoice/function-source.zip","generation":"1770307470574217"}},"dockerRegistry":"ARTIFACT_REGISTRY","serviceAccount":"projects/moonstone-4ffb6/serviceAccounts/209159062090-compute@developer.gserviceaccount.com","automaticUpdatePolicy":{}},"serviceConfig":{"service":"projects/moonstone-4ffb6/locations/us-central1/services/previewvoice","timeoutSeconds":60,"environmentVariables":{"FIREBASE_CONFIG":"{\"projectId\":\"moonstone-4ffb6\",\"storageBucket\":\"moonstone-4ffb6.firebasestorage.app\"}","GCLOUD_PROJECT":"moonstone-4ffb6","EVENTARC_CLOUD_EVENT_SOURCE":"projects/moonstone-4ffb6/locations/us-central1/services/previewVoice","FUNCTION_TARGET":"previewVoice","LOG_EXECUTION_ID":"true"},"maxInstanceCount":20,"ingressSettings":"ALLOW_ALL","uri":"https://previewvoice-cblu2dsagq-uc.a.run.app","serviceAccountEmail":"209159062090-compute@developer.gserviceaccount.com","availableMemory":"512Mi","allTrafficOnLatestRevision":true,"revision":"previewvoice-00028-vef","maxInstanceRequestConcurrency":80,"availableCpu":"1"},"state":"ACTIVE","updateTime":"2026-02-05T16:04:30.625699314Z","labels":{"firebase-functions-hash":"7bbeefe44dd2fb04675612dc9aa4e05f050b0b2b","deployment-tool":"cli-firebase","deployment-callable":"true"},"environment":"GEN_2","url":"https://us-central1-moonstone-4ffb6.cloudfunctions.net/previewVoice","createTime":"2026-01-10T02:18:46.113428914Z","satisfiesPzi":true}}
[debug] [2026-02-05T16:06:51.749Z] Got source token Cldwcm9qZWN0cy8yMDkxNTkwNjIwOTAvbG9jYXRpb25zL3VzLWNlbnRyYWwxL2J1aWxkcy82OGJkN2U4Mi1iNTE0LTQwM2YtOTc5MS03NTgzNzJiNTliY2IScHVzLWNlbnRyYWwxLWRvY2tlci5wa2cuZGV2L21vb25zdG9uZS00ZmZiNi9nY2YtYXJ0aWZhY3RzL21vb25zdG9uZS0tNGZmYjZfX3VzLS1jZW50cmFsMV9fcHJldmlld192b2ljZTp2ZXJzaW9uXzEYyoTolosGIkVwcm9qZWN0cy9tb29uc3RvbmUtNGZmYjYvbG9jYXRpb25zL3VzLWNlbnRyYWwxL2Z1bmN0aW9ucy9wcmV2aWV3Vm9pY2UqDAiGgJPMBhDY7+7JAzIIbm9kZWpzMjA6dgojZ2NyLmlvL2dhZS1ydW50aW1lcy9ub2RlanMyMDpzdGFibGUST3VzLWNlbnRyYWwxLWRvY2tlci5wa2cuZGV2L3NlcnZlcmxlc3MtcnVudGltZXMvZ29vZ2xlLTIyLWZ1bGwvcnVudGltZXMvbm9kZWpzMjBAAQ== for region us-central1
[info] +  functions[previewVoice(us-central1)] Successful update operation. 
[debug] [2026-02-05T16:06:51.858Z] [update-default-us-central1-createStory] Retrying task index 0
[debug] [2026-02-05T16:06:51.858Z] Checked if tokens are valid: true, expires at: 1770308555729
[debug] [2026-02-05T16:06:51.858Z] Checked if tokens are valid: true, expires at: 1770308555729
[debug] [2026-02-05T16:06:51.858Z] >>> [apiv2][query] GET https://cloudfunctions.googleapis.com/v2/projects/moonstone-4ffb6/locations/us-central1/operations/operation-1770307469959-64a15d3e3e1e3-9c651303-a65010cb [none]
[debug] [2026-02-05T16:06:52.013Z] <<< [apiv2][status] GET https://cloudfunctions.googleapis.com/v2/projects/moonstone-4ffb6/locations/us-central1/operations/operation-1770307469959-64a15d3e3e1e3-9c651303-a65010cb 200
[debug] [2026-02-05T16:06:52.013Z] <<< [apiv2][body] GET https://cloudfunctions.googleapis.com/v2/projects/moonstone-4ffb6/locations/us-central1/operations/operation-1770307469959-64a15d3e3e1e3-9c651303-a65010cb {"name":"projects/moonstone-4ffb6/locations/us-central1/operations/operation-1770307469959-64a15d3e3e1e3-9c651303-a65010cb","metadata":{"@type":"type.googleapis.com/google.cloud.functions.v2.OperationMetadata","createTime":"2026-02-05T16:04:30.622741317Z","target":"projects/moonstone-4ffb6/locations/us-central1/functions/createStory","verb":"update","cancelRequested":false,"apiVersion":"v2","requestResource":{"@type":"type.googleapis.com/google.cloud.functions.v2.Function","name":"projects/moonstone-4ffb6/locations/us-central1/functions/createStory","buildConfig":{"runtime":"nodejs20","entryPoint":"createStory","source":{"storageSource":{"bucket":"gcf-v2-sources-209159062090-us-central1","object":"createStory/function-source.zip","generation":"1770307470571183"}},"environmentVariables":{"GOOGLE_NODE_RUN_SCRIPTS":""},"dockerRepository":"projects/moonstone-4ffb6/locations/us-central1/repositories/gcf-artifacts","sourceProvenance":{"resolvedStorageSource":{"bucket":"gcf-v2-sources-209159062090-us-central1","object":"createStory/function-source.zip","generation":"1770306322005926"}},"dockerRegistry":"ARTIFACT_REGISTRY","serviceAccount":"projects/moonstone-4ffb6/serviceAccounts/209159062090-compute@developer.gserviceaccount.com","automaticUpdatePolicy":{}},"serviceConfig":{"service":"projects/moonstone-4ffb6/locations/us-central1/services/createstory","timeoutSeconds":540,"environmentVariables":{"FIREBASE_CONFIG":"{\"projectId\":\"moonstone-4ffb6\",\"storageBucket\":\"moonstone-4ffb6.firebasestorage.app\"}","GCLOUD_PROJECT":"moonstone-4ffb6","EVENTARC_CLOUD_EVENT_SOURCE":"projects/moonstone-4ffb6/locations/us-central1/services/createStory","FUNCTION_TARGET":"createStory","LOG_EXECUTION_ID":"true"},"ingressSettings":"ALLOW_ALL","uri":"https://createstory-cblu2dsagq-uc.a.run.app","serviceAccountEmail":"209159062090-compute@developer.gserviceaccount.com","availableMemory":"1024Mi","allTrafficOnLatestRevision":true,"revision":"createstory-00062-lel","maxInstanceRequestConcurrency":80,"availableCpu":"1"},"state":"ACTIVE","labels":{"deployment-tool":"cli-firebase","deployment-callable":"true","firebase-functions-hash":"7bbeefe44dd2fb04675612dc9aa4e05f050b0b2b"},"environment":"GEN_2","url":"https://us-central1-moonstone-4ffb6.cloudfunctions.net/createStory","satisfiesPzi":true},"stages":[{"name":"BUILD","message":"Build finished","state":"COMPLETE","resource":"projects/209159062090/locations/us-central1/builds/25c50249-3a7d-44ac-a749-66cd96fd1a69","resourceUri":"https://console.cloud.google.com/cloud-build/builds;region=us-central1/25c50249-3a7d-44ac-a749-66cd96fd1a69?project=209159062090","stateMessages":[{"severity":"WARNING","type":"BuildAnalysisWarning","message":"*** Improve build performance by generating and committing package-lock.json."}]},{"name":"SERVICE","message":"Updating Cloud Run service","state":"IN_PROGRESS","resource":"projects/moonstone-4ffb6/locations/us-central1/services/createstory","resourceUri":"https://console.cloud.google.com/run/detail/us-central1/createstory?project=moonstone-4ffb6","stateMessages":[{"severity":"INFO","type":"CloudRunServiceNewRevisionTrafficInfo","message":"A new revision will be deployed serving with 100% traffic."}]}],"sourceToken":"Cldwcm9qZWN0cy8yMDkxNTkwNjIwOTAvbG9jYXRpb25zL3VzLWNlbnRyYWwxL2J1aWxkcy8yNWM1MDI0OS0zYTdkLTQ0YWMtYTc0OS02NmNkOTZmZDFhNjkSb3VzLWNlbnRyYWwxLWRvY2tlci5wa2cuZGV2L21vb25zdG9uZS00ZmZiNi9nY2YtYXJ0aWZhY3RzL21vb25zdG9uZS0tNGZmYjZfX3VzLS1jZW50cmFsMV9fY3JlYXRlX3N0b3J5OnZlcnNpb25fMRjKhOiWiwYiRHByb2plY3RzL21vb25zdG9uZS00ZmZiNi9sb2NhdGlvbnMvdXMtY2VudHJhbDEvZnVuY3Rpb25zL2NyZWF0ZVN0b3J5KgwIjYCTzAYQyO6q6wEyCG5vZGVqczIwOnYKI2djci5pby9nYWUtcnVudGltZXMvbm9kZWpzMjA6c3RhYmxlEk91cy1jZW50cmFsMS1kb2NrZXIucGtnLmRldi9zZXJ2ZXJsZXNzLXJ1bnRpbWVzL2dvb2dsZS0yMi1mdWxsL3J1bnRpbWVzL25vZGVqczIwQAE=","operationType":"UPDATE_FUNCTION","buildName":"projects/209159062090/locations/us-central1/builds/25c50249-3a7d-44ac-a749-66cd96fd1a69"},"done":false}
[debug] [2026-02-05T16:06:52.013Z] Got source token Cldwcm9qZWN0cy8yMDkxNTkwNjIwOTAvbG9jYXRpb25zL3VzLWNlbnRyYWwxL2J1aWxkcy8yNWM1MDI0OS0zYTdkLTQ0YWMtYTc0OS02NmNkOTZmZDFhNjkSb3VzLWNlbnRyYWwxLWRvY2tlci5wa2cuZGV2L21vb25zdG9uZS00ZmZiNi9nY2YtYXJ0aWZhY3RzL21vb25zdG9uZS0tNGZmYjZfX3VzLS1jZW50cmFsMV9fY3JlYXRlX3N0b3J5OnZlcnNpb25fMRjKhOiWiwYiRHByb2plY3RzL21vb25zdG9uZS00ZmZiNi9sb2NhdGlvbnMvdXMtY2VudHJhbDEvZnVuY3Rpb25zL2NyZWF0ZVN0b3J5KgwIjYCTzAYQyO6q6wEyCG5vZGVqczIwOnYKI2djci5pby9nYWUtcnVudGltZXMvbm9kZWpzMjA6c3RhYmxlEk91cy1jZW50cmFsMS1kb2NrZXIucGtnLmRldi9zZXJ2ZXJsZXNzLXJ1bnRpbWVzL2dvb2dsZS0yMi1mdWxsL3J1bnRpbWVzL25vZGVqczIwQAE= for region us-central1
[debug] [2026-02-05T16:06:52.060Z] [update-default-us-central1-addToLibrary] Retrying task index 0
[debug] [2026-02-05T16:06:52.060Z] Checked if tokens are valid: true, expires at: 1770308555729
[debug] [2026-02-05T16:06:52.060Z] Checked if tokens are valid: true, expires at: 1770308555729
[debug] [2026-02-05T16:06:52.060Z] >>> [apiv2][query] GET https://cloudfunctions.googleapis.com/v2/projects/moonstone-4ffb6/locations/us-central1/operations/operation-1770307469884-64a15d3e2bb4b-a5861e88-08d66d81 [none]
[debug] [2026-02-05T16:06:52.241Z] <<< [apiv2][status] GET https://cloudfunctions.googleapis.com/v2/projects/moonstone-4ffb6/locations/us-central1/operations/operation-1770307469884-64a15d3e2bb4b-a5861e88-08d66d81 200
[debug] [2026-02-05T16:06:52.242Z] <<< [apiv2][body] GET https://cloudfunctions.googleapis.com/v2/projects/moonstone-4ffb6/locations/us-central1/operations/operation-1770307469884-64a15d3e2bb4b-a5861e88-08d66d81 {"name":"projects/moonstone-4ffb6/locations/us-central1/operations/operation-1770307469884-64a15d3e2bb4b-a5861e88-08d66d81","metadata":{"@type":"type.googleapis.com/google.cloud.functions.v2.OperationMetadata","createTime":"2026-02-05T16:04:30.602082585Z","target":"projects/moonstone-4ffb6/locations/us-central1/functions/addToLibrary","verb":"update","cancelRequested":false,"apiVersion":"v2","requestResource":{"@type":"type.googleapis.com/google.cloud.functions.v2.Function","name":"projects/moonstone-4ffb6/locations/us-central1/functions/addToLibrary","buildConfig":{"runtime":"nodejs20","entryPoint":"addToLibrary","source":{"storageSource":{"bucket":"gcf-v2-sources-209159062090-us-central1","object":"addToLibrary/function-source.zip","generation":"1770307470546449"}},"environmentVariables":{"GOOGLE_NODE_RUN_SCRIPTS":""},"dockerRepository":"projects/moonstone-4ffb6/locations/us-central1/repositories/gcf-artifacts","sourceProvenance":{"resolvedStorageSource":{"bucket":"gcf-v2-sources-209159062090-us-central1","object":"addToLibrary/function-source.zip","generation":"1770306321990882"}},"dockerRegistry":"ARTIFACT_REGISTRY","serviceAccount":"projects/moonstone-4ffb6/serviceAccounts/209159062090-compute@developer.gserviceaccount.com","automaticUpdatePolicy":{}},"serviceConfig":{"service":"projects/moonstone-4ffb6/locations/us-central1/services/addtolibrary","timeoutSeconds":60,"environmentVariables":{"FIREBASE_CONFIG":"{\"projectId\":\"moonstone-4ffb6\",\"storageBucket\":\"moonstone-4ffb6.firebasestorage.app\"}","GCLOUD_PROJECT":"moonstone-4ffb6","EVENTARC_CLOUD_EVENT_SOURCE":"projects/moonstone-4ffb6/locations/us-central1/services/addToLibrary","FUNCTION_TARGET":"addToLibrary","LOG_EXECUTION_ID":"true","FUNCTION_SIGNATURE_TYPE":"http"},"ingressSettings":"ALLOW_ALL","uri":"https://addtolibrary-cblu2dsagq-uc.a.run.app","serviceAccountEmail":"209159062090-compute@developer.gserviceaccount.com","availableMemory":"256Mi","allTrafficOnLatestRevision":true,"revision":"addtolibrary-00036-zum","maxInstanceRequestConcurrency":80,"availableCpu":"1"},"state":"ACTIVE","labels":{"deployment-tool":"cloudfunctions","deployment-callable":"true","firebase-functions-hash":"7bbeefe44dd2fb04675612dc9aa4e05f050b0b2b"},"environment":"GEN_2","url":"https://us-central1-moonstone-4ffb6.cloudfunctions.net/addToLibrary","satisfiesPzi":true},"stages":[{"name":"BUILD","message":"Build finished","state":"COMPLETE","resource":"projects/209159062090/locations/us-central1/builds/ee4e2110-d135-4dd6-9e8b-4bdd6d27be6d","resourceUri":"https://console.cloud.google.com/cloud-build/builds;region=us-central1/ee4e2110-d135-4dd6-9e8b-4bdd6d27be6d?project=209159062090","stateMessages":[{"severity":"WARNING","type":"BuildAnalysisWarning","message":"*** Improve build performance by generating and committing package-lock.json."}]},{"name":"SERVICE","message":"Updating Cloud Run service","state":"IN_PROGRESS","resource":"projects/moonstone-4ffb6/locations/us-central1/services/addtolibrary","resourceUri":"https://console.cloud.google.com/run/detail/us-central1/addtolibrary?project=moonstone-4ffb6","stateMessages":[{"severity":"INFO","type":"CloudRunServiceNewRevisionTrafficInfo","message":"A new revision will be deployed serving with 100% traffic."}]}],"sourceToken":"Cldwcm9qZWN0cy8yMDkxNTkwNjIwOTAvbG9jYXRpb25zL3VzLWNlbnRyYWwxL2J1aWxkcy9lZTRlMjExMC1kMTM1LTRkZDYtOWU4Yi00YmRkNmQyN2JlNmQScXVzLWNlbnRyYWwxLWRvY2tlci5wa2cuZGV2L21vb25zdG9uZS00ZmZiNi9nY2YtYXJ0aWZhY3RzL21vb25zdG9uZS0tNGZmYjZfX3VzLS1jZW50cmFsMV9fYWRkX3RvX2xpYnJhcnk6dmVyc2lvbl8xGMqE6JaLBiJFcHJvamVjdHMvbW9vbnN0b25lLTRmZmI2L2xvY2F0aW9ucy91cy1jZW50cmFsMS9mdW5jdGlvbnMvYWRkVG9MaWJyYXJ5KgwIjICTzAYQ0KqamAIyCG5vZGVqczIwOnYKI2djci5pby9nYWUtcnVudGltZXMvbm9kZWpzMjA6c3RhYmxlEk91cy1jZW50cmFsMS1kb2NrZXIucGtnLmRldi9zZXJ2ZXJsZXNzLXJ1bnRpbWVzL2dvb2dsZS0yMi1mdWxsL3J1bnRpbWVzL25vZGVqczIwQAE=","operationType":"UPDATE_FUNCTION","buildName":"projects/209159062090/locations/us-central1/builds/ee4e2110-d135-4dd6-9e8b-4bdd6d27be6d"},"done":false}
[debug] [2026-02-05T16:06:52.242Z] Got source token Cldwcm9qZWN0cy8yMDkxNTkwNjIwOTAvbG9jYXRpb25zL3VzLWNlbnRyYWwxL2J1aWxkcy9lZTRlMjExMC1kMTM1LTRkZDYtOWU4Yi00YmRkNmQyN2JlNmQScXVzLWNlbnRyYWwxLWRvY2tlci5wa2cuZGV2L21vb25zdG9uZS00ZmZiNi9nY2YtYXJ0aWZhY3RzL21vb25zdG9uZS0tNGZmYjZfX3VzLS1jZW50cmFsMV9fYWRkX3RvX2xpYnJhcnk6dmVyc2lvbl8xGMqE6JaLBiJFcHJvamVjdHMvbW9vbnN0b25lLTRmZmI2L2xvY2F0aW9ucy91cy1jZW50cmFsMS9mdW5jdGlvbnMvYWRkVG9MaWJyYXJ5KgwIjICTzAYQ0KqamAIyCG5vZGVqczIwOnYKI2djci5pby9nYWUtcnVudGltZXMvbm9kZWpzMjA6c3RhYmxlEk91cy1jZW50cmFsMS1kb2NrZXIucGtnLmRldi9zZXJ2ZXJsZXNzLXJ1bnRpbWVzL2dvb2dsZS0yMi1mdWxsL3J1bnRpbWVzL25vZGVqczIwQAE= for region us-central1
[debug] [2026-02-05T16:06:59.544Z] [update-default-us-central1-updateProgress] Retrying task index 0
[debug] [2026-02-05T16:06:59.544Z] Checked if tokens are valid: true, expires at: 1770308555729
[debug] [2026-02-05T16:06:59.544Z] Checked if tokens are valid: true, expires at: 1770308555729
[debug] [2026-02-05T16:06:59.544Z] >>> [apiv2][query] GET https://cloudfunctions.googleapis.com/v2/projects/moonstone-4ffb6/locations/us-central1/operations/operation-1770307600270-64a15dba84528-f92fd70c-100f3491 [none]
[debug] [2026-02-05T16:06:59.560Z] [update-default-us-central1-deleteStory] Retrying task index 0
[debug] [2026-02-05T16:06:59.560Z] Checked if tokens are valid: true, expires at: 1770308555729
[debug] [2026-02-05T16:06:59.560Z] Checked if tokens are valid: true, expires at: 1770308555729
[debug] [2026-02-05T16:06:59.560Z] >>> [apiv2][query] GET https://cloudfunctions.googleapis.com/v2/projects/moonstone-4ffb6/locations/us-central1/operations/operation-1770307600216-64a15dba772a3-1a928495-e18badf1 [none]
[debug] [2026-02-05T16:06:59.622Z] [update-default-us-central1-toggleFavorite] Retrying task index 0
[debug] [2026-02-05T16:06:59.622Z] Checked if tokens are valid: true, expires at: 1770308555729
[debug] [2026-02-05T16:06:59.622Z] Checked if tokens are valid: true, expires at: 1770308555729
[debug] [2026-02-05T16:06:59.622Z] >>> [apiv2][query] GET https://cloudfunctions.googleapis.com/v2/projects/moonstone-4ffb6/locations/us-central1/operations/operation-1770307600288-64a15dba88b90-4635a2f0-de88da05 [none]
[debug] [2026-02-05T16:06:59.763Z] <<< [apiv2][status] GET https://cloudfunctions.googleapis.com/v2/projects/moonstone-4ffb6/locations/us-central1/operations/operation-1770307600270-64a15dba84528-f92fd70c-100f3491 200
[debug] [2026-02-05T16:06:59.763Z] <<< [apiv2][body] GET https://cloudfunctions.googleapis.com/v2/projects/moonstone-4ffb6/locations/us-central1/operations/operation-1770307600270-64a15dba84528-f92fd70c-100f3491 {"name":"projects/moonstone-4ffb6/locations/us-central1/operations/operation-1770307600270-64a15dba84528-f92fd70c-100f3491","metadata":{"@type":"type.googleapis.com/google.cloud.functions.v2.OperationMetadata","createTime":"2026-02-05T16:06:40.992890378Z","target":"projects/moonstone-4ffb6/locations/us-central1/functions/updateProgress","verb":"update","cancelRequested":false,"apiVersion":"v2","requestResource":{"@type":"type.googleapis.com/google.cloud.functions.v2.Function","name":"projects/moonstone-4ffb6/locations/us-central1/functions/updateProgress","buildConfig":{"runtime":"nodejs20","entryPoint":"updateProgress","source":{"storageSource":{"bucket":"gcf-v2-sources-209159062090-us-central1","object":"updateProgress/function-source.zip","generation":"1770307600935368"}},"environmentVariables":{"GOOGLE_NODE_RUN_SCRIPTS":""},"dockerRepository":"projects/moonstone-4ffb6/locations/us-central1/repositories/gcf-artifacts","sourceProvenance":{"resolvedStorageSource":{"bucket":"gcf-v2-sources-209159062090-us-central1","object":"updateProgress/function-source.zip","generation":"1770306441809240"}},"dockerRegistry":"ARTIFACT_REGISTRY","sourceToken":"Cldwcm9qZWN0cy8yMDkxNTkwNjIwOTAvbG9jYXRpb25zL3VzLWNlbnRyYWwxL2J1aWxkcy9lZTRlMjExMC1kMTM1LTRkZDYtOWU4Yi00YmRkNmQyN2JlNmQScXVzLWNlbnRyYWwxLWRvY2tlci5wa2cuZGV2L21vb25zdG9uZS00ZmZiNi9nY2YtYXJ0aWZhY3RzL21vb25zdG9uZS0tNGZmYjZfX3VzLS1jZW50cmFsMV9fYWRkX3RvX2xpYnJhcnk6dmVyc2lvbl8xGMqE6JaLBiJFcHJvamVjdHMvbW9vbnN0b25lLTRmZmI2L2xvY2F0aW9ucy91cy1jZW50cmFsMS9mdW5jdGlvbnMvYWRkVG9MaWJyYXJ5KgwIjICTzAYQ0KqamAIyCG5vZGVqczIwOnYKI2djci5pby9nYWUtcnVudGltZXMvbm9kZWpzMjA6c3RhYmxlEk91cy1jZW50cmFsMS1kb2NrZXIucGtnLmRldi9zZXJ2ZXJsZXNzLXJ1bnRpbWVzL2dvb2dsZS0yMi1mdWxsL3J1bnRpbWVzL25vZGVqczIwQAE=","serviceAccount":"projects/moonstone-4ffb6/serviceAccounts/209159062090-compute@developer.gserviceaccount.com","automaticUpdatePolicy":{}},"serviceConfig":{"service":"projects/moonstone-4ffb6/locations/us-central1/services/updateprogress","timeoutSeconds":60,"environmentVariables":{"FIREBASE_CONFIG":"{\"projectId\":\"moonstone-4ffb6\",\"storageBucket\":\"moonstone-4ffb6.firebasestorage.app\"}","GCLOUD_PROJECT":"moonstone-4ffb6","EVENTARC_CLOUD_EVENT_SOURCE":"projects/moonstone-4ffb6/locations/us-central1/services/updateProgress","FUNCTION_TARGET":"updateProgress","LOG_EXECUTION_ID":"true","FUNCTION_SIGNATURE_TYPE":"http"},"ingressSettings":"ALLOW_ALL","uri":"https://updateprogress-cblu2dsagq-uc.a.run.app","serviceAccountEmail":"209159062090-compute@developer.gserviceaccount.com","availableMemory":"256Mi","allTrafficOnLatestRevision":true,"revision":"updateprogress-00036-pem","maxInstanceRequestConcurrency":80,"availableCpu":"1"},"state":"ACTIVE","labels":{"deployment-tool":"cli-firebase","deployment-callable":"true","firebase-functions-hash":"7bbeefe44dd2fb04675612dc9aa4e05f050b0b2b"},"environment":"GEN_2","url":"https://us-central1-moonstone-4ffb6.cloudfunctions.net/updateProgress","satisfiesPzi":true},"stages":[{"name":"BUILD","message":"Reusing build","state":"COMPLETE","resource":"projects/209159062090/locations/us-central1/builds/ee4e2110-d135-4dd6-9e8b-4bdd6d27be6d","stateMessages":[{"severity":"WARNING","type":"BuildAnalysisWarning","message":"Node.js 20 is no longer supported by the Node.js community as of 30 April, 2026. Node.js 20 will be deprecated on 2026-04-30. We recommend you to upgrade to the latest version of Node.js as soon as possible."}]},{"name":"SERVICE","message":"Updating Cloud Run service","state":"IN_PROGRESS","resource":"projects/moonstone-4ffb6/locations/us-central1/services/updateprogress","resourceUri":"https://console.cloud.google.com/run/detail/us-central1/updateprogress?project=moonstone-4ffb6","stateMessages":[{"severity":"INFO","type":"CloudRunServiceNewRevisionTrafficInfo","message":"A new revision will be deployed serving with 100% traffic."}]}],"sourceToken":"Cldwcm9qZWN0cy8yMDkxNTkwNjIwOTAvbG9jYXRpb25zL3VzLWNlbnRyYWwxL2J1aWxkcy9lZTRlMjExMC1kMTM1LTRkZDYtOWU4Yi00YmRkNmQyN2JlNmQScXVzLWNlbnRyYWwxLWRvY2tlci5wa2cuZGV2L21vb25zdG9uZS00ZmZiNi9nY2YtYXJ0aWZhY3RzL21vb25zdG9uZS0tNGZmYjZfX3VzLS1jZW50cmFsMV9fYWRkX3RvX2xpYnJhcnk6dmVyc2lvbl8xGMqE6JaLBiJFcHJvamVjdHMvbW9vbnN0b25lLTRmZmI2L2xvY2F0aW9ucy91cy1jZW50cmFsMS9mdW5jdGlvbnMvYWRkVG9MaWJyYXJ5KgwIjICTzAYQ0KqamAIyCG5vZGVqczIwOnYKI2djci5pby9nYWUtcnVudGltZXMvbm9kZWpzMjA6c3RhYmxlEk91cy1jZW50cmFsMS1kb2NrZXIucGtnLmRldi9zZXJ2ZXJsZXNzLXJ1bnRpbWVzL2dvb2dsZS0yMi1mdWxsL3J1bnRpbWVzL25vZGVqczIwQAE=","operationType":"UPDATE_FUNCTION","buildName":"projects/209159062090/locations/us-central1/builds/ee4e2110-d135-4dd6-9e8b-4bdd6d27be6d"},"done":false}
[debug] [2026-02-05T16:06:59.763Z] Got source token Cldwcm9qZWN0cy8yMDkxNTkwNjIwOTAvbG9jYXRpb25zL3VzLWNlbnRyYWwxL2J1aWxkcy9lZTRlMjExMC1kMTM1LTRkZDYtOWU4Yi00YmRkNmQyN2JlNmQScXVzLWNlbnRyYWwxLWRvY2tlci5wa2cuZGV2L21vb25zdG9uZS00ZmZiNi9nY2YtYXJ0aWZhY3RzL21vb25zdG9uZS0tNGZmYjZfX3VzLS1jZW50cmFsMV9fYWRkX3RvX2xpYnJhcnk6dmVyc2lvbl8xGMqE6JaLBiJFcHJvamVjdHMvbW9vbnN0b25lLTRmZmI2L2xvY2F0aW9ucy91cy1jZW50cmFsMS9mdW5jdGlvbnMvYWRkVG9MaWJyYXJ5KgwIjICTzAYQ0KqamAIyCG5vZGVqczIwOnYKI2djci5pby9nYWUtcnVudGltZXMvbm9kZWpzMjA6c3RhYmxlEk91cy1jZW50cmFsMS1kb2NrZXIucGtnLmRldi9zZXJ2ZXJsZXNzLXJ1bnRpbWVzL2dvb2dsZS0yMi1mdWxsL3J1bnRpbWVzL25vZGVqczIwQAE= for region us-central1
[debug] [2026-02-05T16:06:59.789Z] <<< [apiv2][status] GET https://cloudfunctions.googleapis.com/v2/projects/moonstone-4ffb6/locations/us-central1/operations/operation-1770307600216-64a15dba772a3-1a928495-e18badf1 200
[debug] [2026-02-05T16:06:59.789Z] <<< [apiv2][body] GET https://cloudfunctions.googleapis.com/v2/projects/moonstone-4ffb6/locations/us-central1/operations/operation-1770307600216-64a15dba772a3-1a928495-e18badf1 {"name":"projects/moonstone-4ffb6/locations/us-central1/operations/operation-1770307600216-64a15dba772a3-1a928495-e18badf1","metadata":{"@type":"type.googleapis.com/google.cloud.functions.v2.OperationMetadata","createTime":"2026-02-05T16:06:40.965012258Z","target":"projects/moonstone-4ffb6/locations/us-central1/functions/deleteStory","verb":"update","cancelRequested":false,"apiVersion":"v2","requestResource":{"@type":"type.googleapis.com/google.cloud.functions.v2.Function","name":"projects/moonstone-4ffb6/locations/us-central1/functions/deleteStory","buildConfig":{"runtime":"nodejs20","entryPoint":"deleteStory","source":{"storageSource":{"bucket":"gcf-v2-sources-209159062090-us-central1","object":"deleteStory/function-source.zip","generation":"1770307600914689"}},"environmentVariables":{"GOOGLE_NODE_RUN_SCRIPTS":""},"dockerRepository":"projects/moonstone-4ffb6/locations/us-central1/repositories/gcf-artifacts","sourceProvenance":{"resolvedStorageSource":{"bucket":"gcf-v2-sources-209159062090-us-central1","object":"deleteStory/function-source.zip","generation":"1770306441843285"}},"dockerRegistry":"ARTIFACT_REGISTRY","sourceToken":"Cldwcm9qZWN0cy8yMDkxNTkwNjIwOTAvbG9jYXRpb25zL3VzLWNlbnRyYWwxL2J1aWxkcy9lZTRlMjExMC1kMTM1LTRkZDYtOWU4Yi00YmRkNmQyN2JlNmQScXVzLWNlbnRyYWwxLWRvY2tlci5wa2cuZGV2L21vb25zdG9uZS00ZmZiNi9nY2YtYXJ0aWZhY3RzL21vb25zdG9uZS0tNGZmYjZfX3VzLS1jZW50cmFsMV9fYWRkX3RvX2xpYnJhcnk6dmVyc2lvbl8xGMqE6JaLBiJFcHJvamVjdHMvbW9vbnN0b25lLTRmZmI2L2xvY2F0aW9ucy91cy1jZW50cmFsMS9mdW5jdGlvbnMvYWRkVG9MaWJyYXJ5KgwIjICTzAYQ0KqamAIyCG5vZGVqczIwOnYKI2djci5pby9nYWUtcnVudGltZXMvbm9kZWpzMjA6c3RhYmxlEk91cy1jZW50cmFsMS1kb2NrZXIucGtnLmRldi9zZXJ2ZXJsZXNzLXJ1bnRpbWVzL2dvb2dsZS0yMi1mdWxsL3J1bnRpbWVzL25vZGVqczIwQAE=","serviceAccount":"projects/moonstone-4ffb6/serviceAccounts/209159062090-compute@developer.gserviceaccount.com","automaticUpdatePolicy":{}},"serviceConfig":{"service":"projects/moonstone-4ffb6/locations/us-central1/services/deletestory","timeoutSeconds":60,"environmentVariables":{"FIREBASE_CONFIG":"{\"projectId\":\"moonstone-4ffb6\",\"storageBucket\":\"moonstone-4ffb6.firebasestorage.app\"}","GCLOUD_PROJECT":"moonstone-4ffb6","EVENTARC_CLOUD_EVENT_SOURCE":"projects/moonstone-4ffb6/locations/us-central1/services/deleteStory","FUNCTION_TARGET":"deleteStory","LOG_EXECUTION_ID":"true","FUNCTION_SIGNATURE_TYPE":"http"},"ingressSettings":"ALLOW_ALL","uri":"https://deletestory-cblu2dsagq-uc.a.run.app","serviceAccountEmail":"209159062090-compute@developer.gserviceaccount.com","availableMemory":"256Mi","allTrafficOnLatestRevision":true,"revision":"deletestory-00032-juc","maxInstanceRequestConcurrency":80,"availableCpu":"1"},"state":"ACTIVE","labels":{"deployment-tool":"cli-firebase","deployment-callable":"true","firebase-functions-hash":"7bbeefe44dd2fb04675612dc9aa4e05f050b0b2b"},"environment":"GEN_2","url":"https://us-central1-moonstone-4ffb6.cloudfunctions.net/deleteStory","satisfiesPzi":true},"stages":[{"name":"BUILD","message":"Reusing build","state":"COMPLETE","resource":"projects/209159062090/locations/us-central1/builds/ee4e2110-d135-4dd6-9e8b-4bdd6d27be6d","stateMessages":[{"severity":"WARNING","type":"BuildAnalysisWarning","message":"Node.js 20 is no longer supported by the Node.js community as of 30 April, 2026. Node.js 20 will be deprecated on 2026-04-30. We recommend you to upgrade to the latest version of Node.js as soon as possible."}]},{"name":"SERVICE","message":"Updating Cloud Run service","state":"IN_PROGRESS","resource":"projects/moonstone-4ffb6/locations/us-central1/services/deletestory","resourceUri":"https://console.cloud.google.com/run/detail/us-central1/deletestory?project=moonstone-4ffb6","stateMessages":[{"severity":"INFO","type":"CloudRunServiceNewRevisionTrafficInfo","message":"A new revision will be deployed serving with 100% traffic."}]}],"sourceToken":"Cldwcm9qZWN0cy8yMDkxNTkwNjIwOTAvbG9jYXRpb25zL3VzLWNlbnRyYWwxL2J1aWxkcy9lZTRlMjExMC1kMTM1LTRkZDYtOWU4Yi00YmRkNmQyN2JlNmQScXVzLWNlbnRyYWwxLWRvY2tlci5wa2cuZGV2L21vb25zdG9uZS00ZmZiNi9nY2YtYXJ0aWZhY3RzL21vb25zdG9uZS0tNGZmYjZfX3VzLS1jZW50cmFsMV9fYWRkX3RvX2xpYnJhcnk6dmVyc2lvbl8xGMqE6JaLBiJFcHJvamVjdHMvbW9vbnN0b25lLTRmZmI2L2xvY2F0aW9ucy91cy1jZW50cmFsMS9mdW5jdGlvbnMvYWRkVG9MaWJyYXJ5KgwIjICTzAYQ0KqamAIyCG5vZGVqczIwOnYKI2djci5pby9nYWUtcnVudGltZXMvbm9kZWpzMjA6c3RhYmxlEk91cy1jZW50cmFsMS1kb2NrZXIucGtnLmRldi9zZXJ2ZXJsZXNzLXJ1bnRpbWVzL2dvb2dsZS0yMi1mdWxsL3J1bnRpbWVzL25vZGVqczIwQAE=","operationType":"UPDATE_FUNCTION","buildName":"projects/209159062090/locations/us-central1/builds/ee4e2110-d135-4dd6-9e8b-4bdd6d27be6d"},"done":false}
[debug] [2026-02-05T16:06:59.789Z] Got source token Cldwcm9qZWN0cy8yMDkxNTkwNjIwOTAvbG9jYXRpb25zL3VzLWNlbnRyYWwxL2J1aWxkcy9lZTRlMjExMC1kMTM1LTRkZDYtOWU4Yi00YmRkNmQyN2JlNmQScXVzLWNlbnRyYWwxLWRvY2tlci5wa2cuZGV2L21vb25zdG9uZS00ZmZiNi9nY2YtYXJ0aWZhY3RzL21vb25zdG9uZS0tNGZmYjZfX3VzLS1jZW50cmFsMV9fYWRkX3RvX2xpYnJhcnk6dmVyc2lvbl8xGMqE6JaLBiJFcHJvamVjdHMvbW9vbnN0b25lLTRmZmI2L2xvY2F0aW9ucy91cy1jZW50cmFsMS9mdW5jdGlvbnMvYWRkVG9MaWJyYXJ5KgwIjICTzAYQ0KqamAIyCG5vZGVqczIwOnYKI2djci5pby9nYWUtcnVudGltZXMvbm9kZWpzMjA6c3RhYmxlEk91cy1jZW50cmFsMS1kb2NrZXIucGtnLmRldi9zZXJ2ZXJsZXNzLXJ1bnRpbWVzL2dvb2dsZS0yMi1mdWxsL3J1bnRpbWVzL25vZGVqczIwQAE= for region us-central1
[debug] [2026-02-05T16:06:59.850Z] <<< [apiv2][status] GET https://cloudfunctions.googleapis.com/v2/projects/moonstone-4ffb6/locations/us-central1/operations/operation-1770307600288-64a15dba88b90-4635a2f0-de88da05 200
[debug] [2026-02-05T16:06:59.850Z] <<< [apiv2][body] GET https://cloudfunctions.googleapis.com/v2/projects/moonstone-4ffb6/locations/us-central1/operations/operation-1770307600288-64a15dba88b90-4635a2f0-de88da05 {"name":"projects/moonstone-4ffb6/locations/us-central1/operations/operation-1770307600288-64a15dba88b90-4635a2f0-de88da05","metadata":{"@type":"type.googleapis.com/google.cloud.functions.v2.OperationMetadata","createTime":"2026-02-05T16:06:41.063967105Z","target":"projects/moonstone-4ffb6/locations/us-central1/functions/toggleFavorite","verb":"update","cancelRequested":false,"apiVersion":"v2","requestResource":{"@type":"type.googleapis.com/google.cloud.functions.v2.Function","name":"projects/moonstone-4ffb6/locations/us-central1/functions/toggleFavorite","buildConfig":{"runtime":"nodejs20","entryPoint":"toggleFavorite","source":{"storageSource":{"bucket":"gcf-v2-sources-209159062090-us-central1","object":"toggleFavorite/function-source.zip","generation":"1770307601013945"}},"environmentVariables":{"GOOGLE_NODE_RUN_SCRIPTS":""},"dockerRepository":"projects/moonstone-4ffb6/locations/us-central1/repositories/gcf-artifacts","sourceProvenance":{"resolvedStorageSource":{"bucket":"gcf-v2-sources-209159062090-us-central1","object":"toggleFavorite/function-source.zip","generation":"1770306441807979"}},"dockerRegistry":"ARTIFACT_REGISTRY","sourceToken":"Cldwcm9qZWN0cy8yMDkxNTkwNjIwOTAvbG9jYXRpb25zL3VzLWNlbnRyYWwxL2J1aWxkcy9lZTRlMjExMC1kMTM1LTRkZDYtOWU4Yi00YmRkNmQyN2JlNmQScXVzLWNlbnRyYWwxLWRvY2tlci5wa2cuZGV2L21vb25zdG9uZS00ZmZiNi9nY2YtYXJ0aWZhY3RzL21vb25zdG9uZS0tNGZmYjZfX3VzLS1jZW50cmFsMV9fYWRkX3RvX2xpYnJhcnk6dmVyc2lvbl8xGMqE6JaLBiJFcHJvamVjdHMvbW9vbnN0b25lLTRmZmI2L2xvY2F0aW9ucy91cy1jZW50cmFsMS9mdW5jdGlvbnMvYWRkVG9MaWJyYXJ5KgwIjICTzAYQ0KqamAIyCG5vZGVqczIwOnYKI2djci5pby9nYWUtcnVudGltZXMvbm9kZWpzMjA6c3RhYmxlEk91cy1jZW50cmFsMS1kb2NrZXIucGtnLmRldi9zZXJ2ZXJsZXNzLXJ1bnRpbWVzL2dvb2dsZS0yMi1mdWxsL3J1bnRpbWVzL25vZGVqczIwQAE=","serviceAccount":"projects/moonstone-4ffb6/serviceAccounts/209159062090-compute@developer.gserviceaccount.com","automaticUpdatePolicy":{}},"serviceConfig":{"service":"projects/moonstone-4ffb6/locations/us-central1/services/togglefavorite","timeoutSeconds":60,"environmentVariables":{"FIREBASE_CONFIG":"{\"projectId\":\"moonstone-4ffb6\",\"storageBucket\":\"moonstone-4ffb6.firebasestorage.app\"}","GCLOUD_PROJECT":"moonstone-4ffb6","EVENTARC_CLOUD_EVENT_SOURCE":"projects/moonstone-4ffb6/locations/us-central1/services/toggleFavorite","FUNCTION_TARGET":"toggleFavorite","LOG_EXECUTION_ID":"true","FUNCTION_SIGNATURE_TYPE":"http"},"ingressSettings":"ALLOW_ALL","uri":"https://togglefavorite-cblu2dsagq-uc.a.run.app","serviceAccountEmail":"209159062090-compute@developer.gserviceaccount.com","availableMemory":"256Mi","allTrafficOnLatestRevision":true,"revision":"togglefavorite-00035-met","maxInstanceRequestConcurrency":80,"availableCpu":"1"},"state":"ACTIVE","labels":{"deployment-tool":"cli-firebase","deployment-callable":"true","firebase-functions-hash":"7bbeefe44dd2fb04675612dc9aa4e05f050b0b2b"},"environment":"GEN_2","url":"https://us-central1-moonstone-4ffb6.cloudfunctions.net/toggleFavorite","satisfiesPzi":true},"stages":[{"name":"BUILD","message":"Reusing build","state":"COMPLETE","resource":"projects/209159062090/locations/us-central1/builds/ee4e2110-d135-4dd6-9e8b-4bdd6d27be6d","stateMessages":[{"severity":"WARNING","type":"BuildAnalysisWarning","message":"Node.js 20 is no longer supported by the Node.js community as of 30 April, 2026. Node.js 20 will be deprecated on 2026-04-30. We recommend you to upgrade to the latest version of Node.js as soon as possible."}]},{"name":"SERVICE","message":"Updating Cloud Run service","state":"IN_PROGRESS","resource":"projects/moonstone-4ffb6/locations/us-central1/services/togglefavorite","resourceUri":"https://console.cloud.google.com/run/detail/us-central1/togglefavorite?project=moonstone-4ffb6","stateMessages":[{"severity":"INFO","type":"CloudRunServiceNewRevisionTrafficInfo","message":"A new revision will be deployed serving with 100% traffic."}]}],"sourceToken":"Cldwcm9qZWN0cy8yMDkxNTkwNjIwOTAvbG9jYXRpb25zL3VzLWNlbnRyYWwxL2J1aWxkcy9lZTRlMjExMC1kMTM1LTRkZDYtOWU4Yi00YmRkNmQyN2JlNmQScXVzLWNlbnRyYWwxLWRvY2tlci5wa2cuZGV2L21vb25zdG9uZS00ZmZiNi9nY2YtYXJ0aWZhY3RzL21vb25zdG9uZS0tNGZmYjZfX3VzLS1jZW50cmFsMV9fYWRkX3RvX2xpYnJhcnk6dmVyc2lvbl8xGMqE6JaLBiJFcHJvamVjdHMvbW9vbnN0b25lLTRmZmI2L2xvY2F0aW9ucy91cy1jZW50cmFsMS9mdW5jdGlvbnMvYWRkVG9MaWJyYXJ5KgwIjICTzAYQ0KqamAIyCG5vZGVqczIwOnYKI2djci5pby9nYWUtcnVudGltZXMvbm9kZWpzMjA6c3RhYmxlEk91cy1jZW50cmFsMS1kb2NrZXIucGtnLmRldi9zZXJ2ZXJsZXNzLXJ1bnRpbWVzL2dvb2dsZS0yMi1mdWxsL3J1bnRpbWVzL25vZGVqczIwQAE=","operationType":"UPDATE_FUNCTION","buildName":"projects/209159062090/locations/us-central1/builds/ee4e2110-d135-4dd6-9e8b-4bdd6d27be6d"},"done":false}
[debug] [2026-02-05T16:06:59.850Z] Got source token Cldwcm9qZWN0cy8yMDkxNTkwNjIwOTAvbG9jYXRpb25zL3VzLWNlbnRyYWwxL2J1aWxkcy9lZTRlMjExMC1kMTM1LTRkZDYtOWU4Yi00YmRkNmQyN2JlNmQScXVzLWNlbnRyYWwxLWRvY2tlci5wa2cuZGV2L21vb25zdG9uZS00ZmZiNi9nY2YtYXJ0aWZhY3RzL21vb25zdG9uZS0tNGZmYjZfX3VzLS1jZW50cmFsMV9fYWRkX3RvX2xpYnJhcnk6dmVyc2lvbl8xGMqE6JaLBiJFcHJvamVjdHMvbW9vbnN0b25lLTRmZmI2L2xvY2F0aW9ucy91cy1jZW50cmFsMS9mdW5jdGlvbnMvYWRkVG9MaWJyYXJ5KgwIjICTzAYQ0KqamAIyCG5vZGVqczIwOnYKI2djci5pby9nYWUtcnVudGltZXMvbm9kZWpzMjA6c3RhYmxlEk91cy1jZW50cmFsMS1kb2NrZXIucGtnLmRldi9zZXJ2ZXJsZXNzLXJ1bnRpbWVzL2dvb2dsZS0yMi1mdWxsL3J1bnRpbWVzL25vZGVqczIwQAE= for region us-central1
[debug] [2026-02-05T16:07:01.309Z] [update-default-us-central1-onUserCreated] Retrying task index 0
[debug] [2026-02-05T16:07:01.309Z] Checked if tokens are valid: true, expires at: 1770308555729
[debug] [2026-02-05T16:07:01.309Z] Checked if tokens are valid: true, expires at: 1770308555729
[debug] [2026-02-05T16:07:01.309Z] >>> [apiv2][query] GET https://cloudfunctions.googleapis.com/v1/operations/bW9vbnN0b25lLTRmZmI2L3VzLWNlbnRyYWwxL29uVXNlckNyZWF0ZWQvWjJ5VTQwUjBZakE [none]
[debug] [2026-02-05T16:07:01.392Z] <<< [apiv2][status] GET https://cloudfunctions.googleapis.com/v1/operations/bW9vbnN0b25lLTRmZmI2L3VzLWNlbnRyYWwxL29uVXNlckNyZWF0ZWQvWjJ5VTQwUjBZakE 200
[debug] [2026-02-05T16:07:01.392Z] <<< [apiv2][body] GET https://cloudfunctions.googleapis.com/v1/operations/bW9vbnN0b25lLTRmZmI2L3VzLWNlbnRyYWwxL29uVXNlckNyZWF0ZWQvWjJ5VTQwUjBZakE {"name":"operations/bW9vbnN0b25lLTRmZmI2L3VzLWNlbnRyYWwxL29uVXNlckNyZWF0ZWQvWjJ5VTQwUjBZakE","metadata":{"@type":"type.googleapis.com/google.cloud.functions.v1.OperationMetadataV1","target":"projects/moonstone-4ffb6/locations/us-central1/functions/onUserCreated","type":"UPDATE_FUNCTION","request":{"@type":"type.googleapis.com/google.cloud.functions.v1.CloudFunction","name":"projects/moonstone-4ffb6/locations/us-central1/functions/onUserCreated","eventTrigger":{"eventType":"providers/firebase.auth/eventTypes/user.create","resource":"projects/moonstone-4ffb6","service":"firebaseauth.googleapis.com"},"status":"ACTIVE","entryPoint":"onUserCreated","updateTime":"2026-02-05T15:47:52.578Z","versionId":"37","labels":{"deployment-tool":"cli-firebase","firebase-functions-hash":"601a9d2c7821ba6b3231d8b73751faf9cff534f0"},"sourceUploadUrl":"https://storage.googleapis.com/uploads-103741382100.us-central1.cloudfunctions.appspot.com/fd5f4b10-979c-4e98-8fed-6ea9b74dbfdd.zip?GoogleAccessId=service-209159062090@gcf-admin-robot.iam.gserviceaccount.com&Expires=1770309269&Signature=ilJjefXq3lJUkA84HjrpUi4RDBqk01KPGYCZQm2TsbY7Kc5SoJWKZ6CH%2B5sH1%2FgFo8Ob0g8mVzKpsLMs%2FRJtTYvlt79c8%2FB02ZDiY1J23aBqfygefWZQXpeG3n8jBejT57h%2Bxp1SWbH9ounL%2FC4OQoaUfR2%2BqoQiawPyiuSDwdVefJ%2F4lXTkPW2q73gSsxF4C2hSstsFavTDPo6PDRPOYVZhGEPamDoNzTsxIBVQ%2F8P8FbpJdZtKuZTk8FpBTGZDkh73zwA5AWegbOsbxZ7GhKcMtl1WhwgSzS%2Bd1EIVzSocbKV6II9eZZu69vhrcs7gKzowVIpwQhT3hAshnFAboQ%3D%3D","environmentVariables":{"FIREBASE_CONFIG":"{\"projectId\":\"moonstone-4ffb6\",\"storageBucket\":\"moonstone-4ffb6.firebasestorage.app\"}","GCLOUD_PROJECT":"moonstone-4ffb6","EVENTARC_CLOUD_EVENT_SOURCE":"projects/moonstone-4ffb6/locations/us-central1/functions/onUserCreated"},"runtime":"nodejs20","buildId":"69f59c75-70a9-4043-acf7-a346c1545c96","buildEnvironmentVariables":{"GOOGLE_NODE_RUN_SCRIPTS":""},"buildName":"projects/209159062090/locations/us-central1/builds/69f59c75-70a9-4043-acf7-a346c1545c96","dockerRegistry":"ARTIFACT_REGISTRY","automaticUpdatePolicy":{},"buildServiceAccount":"projects/moonstone-4ffb6/serviceAccounts/209159062090-compute@developer.gserviceaccount.com"},"versionId":"38","updateTime":"2026-02-05T16:06:58Z","buildId":"8baebbba-7ede-4b99-ba2a-42efc01e5585","sourceToken":"af378585-4cef-4f9c-ae10-27b69417ae8b","buildName":"projects/209159062090/locations/us-central1/builds/8baebbba-7ede-4b99-ba2a-42efc01e5585"},"done":true,"response":{"@type":"type.googleapis.com/google.cloud.functions.v1.CloudFunction","name":"projects/moonstone-4ffb6/locations/us-central1/functions/onUserCreated","eventTrigger":{"eventType":"providers/firebase.auth/eventTypes/user.create","resource":"projects/moonstone-4ffb6","service":"firebaseauth.googleapis.com","failurePolicy":{}},"status":"ACTIVE","entryPoint":"onUserCreated","timeout":"60s","availableMemoryMb":256,"serviceAccountEmail":"moonstone-4ffb6@appspot.gserviceaccount.com","updateTime":"2026-02-05T16:06:58.681Z","versionId":"38","labels":{"deployment-tool":"cli-firebase","firebase-functions-hash":"601a9d2c7821ba6b3231d8b73751faf9cff534f0"},"sourceUploadUrl":"https://storage.googleapis.com/uploads-103741382100.us-central1.cloudfunctions.appspot.com/fd5f4b10-979c-4e98-8fed-6ea9b74dbfdd.zip","environmentVariables":{"FIREBASE_CONFIG":"{\"projectId\":\"moonstone-4ffb6\",\"storageBucket\":\"moonstone-4ffb6.firebasestorage.app\"}","GCLOUD_PROJECT":"moonstone-4ffb6","EVENTARC_CLOUD_EVENT_SOURCE":"projects/moonstone-4ffb6/locations/us-central1/functions/onUserCreated"},"runtime":"nodejs20","maxInstances":3000,"ingressSettings":"ALLOW_ALL","buildId":"8baebbba-7ede-4b99-ba2a-42efc01e5585","buildEnvironmentVariables":{"GOOGLE_NODE_RUN_SCRIPTS":""},"buildName":"projects/209159062090/locations/us-central1/builds/8baebbba-7ede-4b99-ba2a-42efc01e5585","dockerRegistry":"ARTIFACT_REGISTRY","automaticUpdatePolicy":{},"buildServiceAccount":"projects/moonstone-4ffb6/serviceAccounts/209159062090-compute@developer.gserviceaccount.com"}}
[debug] [2026-02-05T16:07:01.392Z] Got source token af378585-4cef-4f9c-ae10-27b69417ae8b for region us-central1
[info] +  functions[onUserCreated(us-central1)] Successful update operation. 
[debug] [2026-02-05T16:07:02.021Z] [update-default-us-central1-createStory] Retrying task index 0
[debug] [2026-02-05T16:07:02.021Z] Checked if tokens are valid: true, expires at: 1770308555729
[debug] [2026-02-05T16:07:02.021Z] Checked if tokens are valid: true, expires at: 1770308555729
[debug] [2026-02-05T16:07:02.021Z] >>> [apiv2][query] GET https://cloudfunctions.googleapis.com/v2/projects/moonstone-4ffb6/locations/us-central1/operations/operation-1770307469959-64a15d3e3e1e3-9c651303-a65010cb [none]
[debug] [2026-02-05T16:07:02.179Z] <<< [apiv2][status] GET https://cloudfunctions.googleapis.com/v2/projects/moonstone-4ffb6/locations/us-central1/operations/operation-1770307469959-64a15d3e3e1e3-9c651303-a65010cb 200
[debug] [2026-02-05T16:07:02.179Z] <<< [apiv2][body] GET https://cloudfunctions.googleapis.com/v2/projects/moonstone-4ffb6/locations/us-central1/operations/operation-1770307469959-64a15d3e3e1e3-9c651303-a65010cb {"name":"projects/moonstone-4ffb6/locations/us-central1/operations/operation-1770307469959-64a15d3e3e1e3-9c651303-a65010cb","metadata":{"@type":"type.googleapis.com/google.cloud.functions.v2.OperationMetadata","createTime":"2026-02-05T16:04:30.622741317Z","target":"projects/moonstone-4ffb6/locations/us-central1/functions/createStory","verb":"update","cancelRequested":false,"apiVersion":"v2","requestResource":{"@type":"type.googleapis.com/google.cloud.functions.v2.Function","name":"projects/moonstone-4ffb6/locations/us-central1/functions/createStory","buildConfig":{"runtime":"nodejs20","entryPoint":"createStory","source":{"storageSource":{"bucket":"gcf-v2-sources-209159062090-us-central1","object":"createStory/function-source.zip","generation":"1770307470571183"}},"environmentVariables":{"GOOGLE_NODE_RUN_SCRIPTS":""},"dockerRepository":"projects/moonstone-4ffb6/locations/us-central1/repositories/gcf-artifacts","sourceProvenance":{"resolvedStorageSource":{"bucket":"gcf-v2-sources-209159062090-us-central1","object":"createStory/function-source.zip","generation":"1770306322005926"}},"dockerRegistry":"ARTIFACT_REGISTRY","serviceAccount":"projects/moonstone-4ffb6/serviceAccounts/209159062090-compute@developer.gserviceaccount.com","automaticUpdatePolicy":{}},"serviceConfig":{"service":"projects/moonstone-4ffb6/locations/us-central1/services/createstory","timeoutSeconds":540,"environmentVariables":{"FIREBASE_CONFIG":"{\"projectId\":\"moonstone-4ffb6\",\"storageBucket\":\"moonstone-4ffb6.firebasestorage.app\"}","GCLOUD_PROJECT":"moonstone-4ffb6","EVENTARC_CLOUD_EVENT_SOURCE":"projects/moonstone-4ffb6/locations/us-central1/services/createStory","FUNCTION_TARGET":"createStory","LOG_EXECUTION_ID":"true"},"ingressSettings":"ALLOW_ALL","uri":"https://createstory-cblu2dsagq-uc.a.run.app","serviceAccountEmail":"209159062090-compute@developer.gserviceaccount.com","availableMemory":"1024Mi","allTrafficOnLatestRevision":true,"revision":"createstory-00062-lel","maxInstanceRequestConcurrency":80,"availableCpu":"1"},"state":"ACTIVE","labels":{"deployment-tool":"cli-firebase","deployment-callable":"true","firebase-functions-hash":"7bbeefe44dd2fb04675612dc9aa4e05f050b0b2b"},"environment":"GEN_2","url":"https://us-central1-moonstone-4ffb6.cloudfunctions.net/createStory","satisfiesPzi":true},"stages":[{"name":"BUILD","message":"Build finished","state":"COMPLETE","resource":"projects/209159062090/locations/us-central1/builds/25c50249-3a7d-44ac-a749-66cd96fd1a69","resourceUri":"https://console.cloud.google.com/cloud-build/builds;region=us-central1/25c50249-3a7d-44ac-a749-66cd96fd1a69?project=209159062090","stateMessages":[{"severity":"WARNING","type":"BuildAnalysisWarning","message":"*** Improve build performance by generating and committing package-lock.json."}]},{"name":"SERVICE","message":"Updating Cloud Run service","state":"IN_PROGRESS","resource":"projects/moonstone-4ffb6/locations/us-central1/services/createstory","resourceUri":"https://console.cloud.google.com/run/detail/us-central1/createstory?project=moonstone-4ffb6","stateMessages":[{"severity":"INFO","type":"CloudRunServiceNewRevisionTrafficInfo","message":"A new revision will be deployed serving with 100% traffic."}]}],"sourceToken":"Cldwcm9qZWN0cy8yMDkxNTkwNjIwOTAvbG9jYXRpb25zL3VzLWNlbnRyYWwxL2J1aWxkcy8yNWM1MDI0OS0zYTdkLTQ0YWMtYTc0OS02NmNkOTZmZDFhNjkSb3VzLWNlbnRyYWwxLWRvY2tlci5wa2cuZGV2L21vb25zdG9uZS00ZmZiNi9nY2YtYXJ0aWZhY3RzL21vb25zdG9uZS0tNGZmYjZfX3VzLS1jZW50cmFsMV9fY3JlYXRlX3N0b3J5OnZlcnNpb25fMRjKhOiWiwYiRHByb2plY3RzL21vb25zdG9uZS00ZmZiNi9sb2NhdGlvbnMvdXMtY2VudHJhbDEvZnVuY3Rpb25zL2NyZWF0ZVN0b3J5KgwIjYCTzAYQyO6q6wEyCG5vZGVqczIwOnYKI2djci5pby9nYWUtcnVudGltZXMvbm9kZWpzMjA6c3RhYmxlEk91cy1jZW50cmFsMS1kb2NrZXIucGtnLmRldi9zZXJ2ZXJsZXNzLXJ1bnRpbWVzL2dvb2dsZS0yMi1mdWxsL3J1bnRpbWVzL25vZGVqczIwQAE=","operationType":"UPDATE_FUNCTION","buildName":"projects/209159062090/locations/us-central1/builds/25c50249-3a7d-44ac-a749-66cd96fd1a69"},"done":false}
[debug] [2026-02-05T16:07:02.179Z] Got source token Cldwcm9qZWN0cy8yMDkxNTkwNjIwOTAvbG9jYXRpb25zL3VzLWNlbnRyYWwxL2J1aWxkcy8yNWM1MDI0OS0zYTdkLTQ0YWMtYTc0OS02NmNkOTZmZDFhNjkSb3VzLWNlbnRyYWwxLWRvY2tlci5wa2cuZGV2L21vb25zdG9uZS00ZmZiNi9nY2YtYXJ0aWZhY3RzL21vb25zdG9uZS0tNGZmYjZfX3VzLS1jZW50cmFsMV9fY3JlYXRlX3N0b3J5OnZlcnNpb25fMRjKhOiWiwYiRHByb2plY3RzL21vb25zdG9uZS00ZmZiNi9sb2NhdGlvbnMvdXMtY2VudHJhbDEvZnVuY3Rpb25zL2NyZWF0ZVN0b3J5KgwIjYCTzAYQyO6q6wEyCG5vZGVqczIwOnYKI2djci5pby9nYWUtcnVudGltZXMvbm9kZWpzMjA6c3RhYmxlEk91cy1jZW50cmFsMS1kb2NrZXIucGtnLmRldi9zZXJ2ZXJsZXNzLXJ1bnRpbWVzL2dvb2dsZS0yMi1mdWxsL3J1bnRpbWVzL25vZGVqczIwQAE= for region us-central1
[debug] [2026-02-05T16:07:02.255Z] [update-default-us-central1-addToLibrary] Retrying task index 0
[debug] [2026-02-05T16:07:02.256Z] Checked if tokens are valid: true, expires at: 1770308555729
[debug] [2026-02-05T16:07:02.256Z] Checked if tokens are valid: true, expires at: 1770308555729
[debug] [2026-02-05T16:07:02.256Z] >>> [apiv2][query] GET https://cloudfunctions.googleapis.com/v2/projects/moonstone-4ffb6/locations/us-central1/operations/operation-1770307469884-64a15d3e2bb4b-a5861e88-08d66d81 [none]
[debug] [2026-02-05T16:07:02.450Z] <<< [apiv2][status] GET https://cloudfunctions.googleapis.com/v2/projects/moonstone-4ffb6/locations/us-central1/operations/operation-1770307469884-64a15d3e2bb4b-a5861e88-08d66d81 200
[debug] [2026-02-05T16:07:02.450Z] <<< [apiv2][body] GET https://cloudfunctions.googleapis.com/v2/projects/moonstone-4ffb6/locations/us-central1/operations/operation-1770307469884-64a15d3e2bb4b-a5861e88-08d66d81 {"name":"projects/moonstone-4ffb6/locations/us-central1/operations/operation-1770307469884-64a15d3e2bb4b-a5861e88-08d66d81","metadata":{"@type":"type.googleapis.com/google.cloud.functions.v2.OperationMetadata","createTime":"2026-02-05T16:04:30.602082585Z","target":"projects/moonstone-4ffb6/locations/us-central1/functions/addToLibrary","verb":"update","cancelRequested":false,"apiVersion":"v2","requestResource":{"@type":"type.googleapis.com/google.cloud.functions.v2.Function","name":"projects/moonstone-4ffb6/locations/us-central1/functions/addToLibrary","buildConfig":{"runtime":"nodejs20","entryPoint":"addToLibrary","source":{"storageSource":{"bucket":"gcf-v2-sources-209159062090-us-central1","object":"addToLibrary/function-source.zip","generation":"1770307470546449"}},"environmentVariables":{"GOOGLE_NODE_RUN_SCRIPTS":""},"dockerRepository":"projects/moonstone-4ffb6/locations/us-central1/repositories/gcf-artifacts","sourceProvenance":{"resolvedStorageSource":{"bucket":"gcf-v2-sources-209159062090-us-central1","object":"addToLibrary/function-source.zip","generation":"1770306321990882"}},"dockerRegistry":"ARTIFACT_REGISTRY","serviceAccount":"projects/moonstone-4ffb6/serviceAccounts/209159062090-compute@developer.gserviceaccount.com","automaticUpdatePolicy":{}},"serviceConfig":{"service":"projects/moonstone-4ffb6/locations/us-central1/services/addtolibrary","timeoutSeconds":60,"environmentVariables":{"FIREBASE_CONFIG":"{\"projectId\":\"moonstone-4ffb6\",\"storageBucket\":\"moonstone-4ffb6.firebasestorage.app\"}","GCLOUD_PROJECT":"moonstone-4ffb6","EVENTARC_CLOUD_EVENT_SOURCE":"projects/moonstone-4ffb6/locations/us-central1/services/addToLibrary","FUNCTION_TARGET":"addToLibrary","LOG_EXECUTION_ID":"true","FUNCTION_SIGNATURE_TYPE":"http"},"ingressSettings":"ALLOW_ALL","uri":"https://addtolibrary-cblu2dsagq-uc.a.run.app","serviceAccountEmail":"209159062090-compute@developer.gserviceaccount.com","availableMemory":"256Mi","allTrafficOnLatestRevision":true,"revision":"addtolibrary-00036-zum","maxInstanceRequestConcurrency":80,"availableCpu":"1"},"state":"ACTIVE","labels":{"deployment-tool":"cloudfunctions","deployment-callable":"true","firebase-functions-hash":"7bbeefe44dd2fb04675612dc9aa4e05f050b0b2b"},"environment":"GEN_2","url":"https://us-central1-moonstone-4ffb6.cloudfunctions.net/addToLibrary","satisfiesPzi":true},"stages":[{"name":"BUILD","message":"Build finished","state":"COMPLETE","resource":"projects/209159062090/locations/us-central1/builds/ee4e2110-d135-4dd6-9e8b-4bdd6d27be6d","resourceUri":"https://console.cloud.google.com/cloud-build/builds;region=us-central1/ee4e2110-d135-4dd6-9e8b-4bdd6d27be6d?project=209159062090","stateMessages":[{"severity":"WARNING","type":"BuildAnalysisWarning","message":"*** Improve build performance by generating and committing package-lock.json."}]},{"name":"SERVICE","message":"Updating Cloud Run service","state":"IN_PROGRESS","resource":"projects/moonstone-4ffb6/locations/us-central1/services/addtolibrary","resourceUri":"https://console.cloud.google.com/run/detail/us-central1/addtolibrary?project=moonstone-4ffb6","stateMessages":[{"severity":"INFO","type":"CloudRunServiceNewRevisionTrafficInfo","message":"A new revision will be deployed serving with 100% traffic."}]}],"sourceToken":"Cldwcm9qZWN0cy8yMDkxNTkwNjIwOTAvbG9jYXRpb25zL3VzLWNlbnRyYWwxL2J1aWxkcy9lZTRlMjExMC1kMTM1LTRkZDYtOWU4Yi00YmRkNmQyN2JlNmQScXVzLWNlbnRyYWwxLWRvY2tlci5wa2cuZGV2L21vb25zdG9uZS00ZmZiNi9nY2YtYXJ0aWZhY3RzL21vb25zdG9uZS0tNGZmYjZfX3VzLS1jZW50cmFsMV9fYWRkX3RvX2xpYnJhcnk6dmVyc2lvbl8xGMqE6JaLBiJFcHJvamVjdHMvbW9vbnN0b25lLTRmZmI2L2xvY2F0aW9ucy91cy1jZW50cmFsMS9mdW5jdGlvbnMvYWRkVG9MaWJyYXJ5KgwIjICTzAYQ0KqamAIyCG5vZGVqczIwOnYKI2djci5pby9nYWUtcnVudGltZXMvbm9kZWpzMjA6c3RhYmxlEk91cy1jZW50cmFsMS1kb2NrZXIucGtnLmRldi9zZXJ2ZXJsZXNzLXJ1bnRpbWVzL2dvb2dsZS0yMi1mdWxsL3J1bnRpbWVzL25vZGVqczIwQAE=","operationType":"UPDATE_FUNCTION","buildName":"projects/209159062090/locations/us-central1/builds/ee4e2110-d135-4dd6-9e8b-4bdd6d27be6d"},"done":false}
[debug] [2026-02-05T16:07:02.450Z] Got source token Cldwcm9qZWN0cy8yMDkxNTkwNjIwOTAvbG9jYXRpb25zL3VzLWNlbnRyYWwxL2J1aWxkcy9lZTRlMjExMC1kMTM1LTRkZDYtOWU4Yi00YmRkNmQyN2JlNmQScXVzLWNlbnRyYWwxLWRvY2tlci5wa2cuZGV2L21vb25zdG9uZS00ZmZiNi9nY2YtYXJ0aWZhY3RzL21vb25zdG9uZS0tNGZmYjZfX3VzLS1jZW50cmFsMV9fYWRkX3RvX2xpYnJhcnk6dmVyc2lvbl8xGMqE6JaLBiJFcHJvamVjdHMvbW9vbnN0b25lLTRmZmI2L2xvY2F0aW9ucy91cy1jZW50cmFsMS9mdW5jdGlvbnMvYWRkVG9MaWJyYXJ5KgwIjICTzAYQ0KqamAIyCG5vZGVqczIwOnYKI2djci5pby9nYWUtcnVudGltZXMvbm9kZWpzMjA6c3RhYmxlEk91cy1jZW50cmFsMS1kb2NrZXIucGtnLmRldi9zZXJ2ZXJsZXNzLXJ1bnRpbWVzL2dvb2dsZS0yMi1mdWxsL3J1bnRpbWVzL25vZGVqczIwQAE= for region us-central1
[debug] [2026-02-05T16:07:09.770Z] [update-default-us-central1-updateProgress] Retrying task index 0
[debug] [2026-02-05T16:07:09.770Z] Checked if tokens are valid: true, expires at: 1770308555729
[debug] [2026-02-05T16:07:09.770Z] Checked if tokens are valid: true, expires at: 1770308555729
[debug] [2026-02-05T16:07:09.770Z] >>> [apiv2][query] GET https://cloudfunctions.googleapis.com/v2/projects/moonstone-4ffb6/locations/us-central1/operations/operation-1770307600270-64a15dba84528-f92fd70c-100f3491 [none]
[debug] [2026-02-05T16:07:09.801Z] [update-default-us-central1-deleteStory] Retrying task index 0
[debug] [2026-02-05T16:07:09.801Z] Checked if tokens are valid: true, expires at: 1770308555729
[debug] [2026-02-05T16:07:09.801Z] Checked if tokens are valid: true, expires at: 1770308555729
[debug] [2026-02-05T16:07:09.801Z] >>> [apiv2][query] GET https://cloudfunctions.googleapis.com/v2/projects/moonstone-4ffb6/locations/us-central1/operations/operation-1770307600216-64a15dba772a3-1a928495-e18badf1 [none]
[debug] [2026-02-05T16:07:09.851Z] [update-default-us-central1-toggleFavorite] Retrying task index 0
[debug] [2026-02-05T16:07:09.851Z] Checked if tokens are valid: true, expires at: 1770308555729
[debug] [2026-02-05T16:07:09.851Z] Checked if tokens are valid: true, expires at: 1770308555729
[debug] [2026-02-05T16:07:09.852Z] >>> [apiv2][query] GET https://cloudfunctions.googleapis.com/v2/projects/moonstone-4ffb6/locations/us-central1/operations/operation-1770307600288-64a15dba88b90-4635a2f0-de88da05 [none]
[debug] [2026-02-05T16:07:10.032Z] <<< [apiv2][status] GET https://cloudfunctions.googleapis.com/v2/projects/moonstone-4ffb6/locations/us-central1/operations/operation-1770307600270-64a15dba84528-f92fd70c-100f3491 200
[debug] [2026-02-05T16:07:10.033Z] <<< [apiv2][body] GET https://cloudfunctions.googleapis.com/v2/projects/moonstone-4ffb6/locations/us-central1/operations/operation-1770307600270-64a15dba84528-f92fd70c-100f3491 {"name":"projects/moonstone-4ffb6/locations/us-central1/operations/operation-1770307600270-64a15dba84528-f92fd70c-100f3491","metadata":{"@type":"type.googleapis.com/google.cloud.functions.v2.OperationMetadata","createTime":"2026-02-05T16:06:40.992890378Z","target":"projects/moonstone-4ffb6/locations/us-central1/functions/updateProgress","verb":"update","cancelRequested":false,"apiVersion":"v2","requestResource":{"@type":"type.googleapis.com/google.cloud.functions.v2.Function","name":"projects/moonstone-4ffb6/locations/us-central1/functions/updateProgress","buildConfig":{"runtime":"nodejs20","entryPoint":"updateProgress","source":{"storageSource":{"bucket":"gcf-v2-sources-209159062090-us-central1","object":"updateProgress/function-source.zip","generation":"1770307600935368"}},"environmentVariables":{"GOOGLE_NODE_RUN_SCRIPTS":""},"dockerRepository":"projects/moonstone-4ffb6/locations/us-central1/repositories/gcf-artifacts","sourceProvenance":{"resolvedStorageSource":{"bucket":"gcf-v2-sources-209159062090-us-central1","object":"updateProgress/function-source.zip","generation":"1770306441809240"}},"dockerRegistry":"ARTIFACT_REGISTRY","sourceToken":"Cldwcm9qZWN0cy8yMDkxNTkwNjIwOTAvbG9jYXRpb25zL3VzLWNlbnRyYWwxL2J1aWxkcy9lZTRlMjExMC1kMTM1LTRkZDYtOWU4Yi00YmRkNmQyN2JlNmQScXVzLWNlbnRyYWwxLWRvY2tlci5wa2cuZGV2L21vb25zdG9uZS00ZmZiNi9nY2YtYXJ0aWZhY3RzL21vb25zdG9uZS0tNGZmYjZfX3VzLS1jZW50cmFsMV9fYWRkX3RvX2xpYnJhcnk6dmVyc2lvbl8xGMqE6JaLBiJFcHJvamVjdHMvbW9vbnN0b25lLTRmZmI2L2xvY2F0aW9ucy91cy1jZW50cmFsMS9mdW5jdGlvbnMvYWRkVG9MaWJyYXJ5KgwIjICTzAYQ0KqamAIyCG5vZGVqczIwOnYKI2djci5pby9nYWUtcnVudGltZXMvbm9kZWpzMjA6c3RhYmxlEk91cy1jZW50cmFsMS1kb2NrZXIucGtnLmRldi9zZXJ2ZXJsZXNzLXJ1bnRpbWVzL2dvb2dsZS0yMi1mdWxsL3J1bnRpbWVzL25vZGVqczIwQAE=","serviceAccount":"projects/moonstone-4ffb6/serviceAccounts/209159062090-compute@developer.gserviceaccount.com","automaticUpdatePolicy":{}},"serviceConfig":{"service":"projects/moonstone-4ffb6/locations/us-central1/services/updateprogress","timeoutSeconds":60,"environmentVariables":{"FIREBASE_CONFIG":"{\"projectId\":\"moonstone-4ffb6\",\"storageBucket\":\"moonstone-4ffb6.firebasestorage.app\"}","GCLOUD_PROJECT":"moonstone-4ffb6","EVENTARC_CLOUD_EVENT_SOURCE":"projects/moonstone-4ffb6/locations/us-central1/services/updateProgress","FUNCTION_TARGET":"updateProgress","LOG_EXECUTION_ID":"true","FUNCTION_SIGNATURE_TYPE":"http"},"ingressSettings":"ALLOW_ALL","uri":"https://updateprogress-cblu2dsagq-uc.a.run.app","serviceAccountEmail":"209159062090-compute@developer.gserviceaccount.com","availableMemory":"256Mi","allTrafficOnLatestRevision":true,"revision":"updateprogress-00036-pem","maxInstanceRequestConcurrency":80,"availableCpu":"1"},"state":"ACTIVE","labels":{"deployment-tool":"cli-firebase","deployment-callable":"true","firebase-functions-hash":"7bbeefe44dd2fb04675612dc9aa4e05f050b0b2b"},"environment":"GEN_2","url":"https://us-central1-moonstone-4ffb6.cloudfunctions.net/updateProgress","satisfiesPzi":true},"stages":[{"name":"BUILD","message":"Reusing build","state":"COMPLETE","resource":"projects/209159062090/locations/us-central1/builds/ee4e2110-d135-4dd6-9e8b-4bdd6d27be6d","stateMessages":[{"severity":"WARNING","type":"BuildAnalysisWarning","message":"Node.js 20 is no longer supported by the Node.js community as of 30 April, 2026. Node.js 20 will be deprecated on 2026-04-30. We recommend you to upgrade to the latest version of Node.js as soon as possible."}]},{"name":"SERVICE","message":"Updating Cloud Run service","state":"IN_PROGRESS","resource":"projects/moonstone-4ffb6/locations/us-central1/services/updateprogress","resourceUri":"https://console.cloud.google.com/run/detail/us-central1/updateprogress?project=moonstone-4ffb6","stateMessages":[{"severity":"INFO","type":"CloudRunServiceNewRevisionTrafficInfo","message":"A new revision will be deployed serving with 100% traffic."}]}],"sourceToken":"Cldwcm9qZWN0cy8yMDkxNTkwNjIwOTAvbG9jYXRpb25zL3VzLWNlbnRyYWwxL2J1aWxkcy9lZTRlMjExMC1kMTM1LTRkZDYtOWU4Yi00YmRkNmQyN2JlNmQScXVzLWNlbnRyYWwxLWRvY2tlci5wa2cuZGV2L21vb25zdG9uZS00ZmZiNi9nY2YtYXJ0aWZhY3RzL21vb25zdG9uZS0tNGZmYjZfX3VzLS1jZW50cmFsMV9fYWRkX3RvX2xpYnJhcnk6dmVyc2lvbl8xGMqE6JaLBiJFcHJvamVjdHMvbW9vbnN0b25lLTRmZmI2L2xvY2F0aW9ucy91cy1jZW50cmFsMS9mdW5jdGlvbnMvYWRkVG9MaWJyYXJ5KgwIjICTzAYQ0KqamAIyCG5vZGVqczIwOnYKI2djci5pby9nYWUtcnVudGltZXMvbm9kZWpzMjA6c3RhYmxlEk91cy1jZW50cmFsMS1kb2NrZXIucGtnLmRldi9zZXJ2ZXJsZXNzLXJ1bnRpbWVzL2dvb2dsZS0yMi1mdWxsL3J1bnRpbWVzL25vZGVqczIwQAE=","operationType":"UPDATE_FUNCTION","buildName":"projects/209159062090/locations/us-central1/builds/ee4e2110-d135-4dd6-9e8b-4bdd6d27be6d"},"done":false}
[debug] [2026-02-05T16:07:10.033Z] Got source token Cldwcm9qZWN0cy8yMDkxNTkwNjIwOTAvbG9jYXRpb25zL3VzLWNlbnRyYWwxL2J1aWxkcy9lZTRlMjExMC1kMTM1LTRkZDYtOWU4Yi00YmRkNmQyN2JlNmQScXVzLWNlbnRyYWwxLWRvY2tlci5wa2cuZGV2L21vb25zdG9uZS00ZmZiNi9nY2YtYXJ0aWZhY3RzL21vb25zdG9uZS0tNGZmYjZfX3VzLS1jZW50cmFsMV9fYWRkX3RvX2xpYnJhcnk6dmVyc2lvbl8xGMqE6JaLBiJFcHJvamVjdHMvbW9vbnN0b25lLTRmZmI2L2xvY2F0aW9ucy91cy1jZW50cmFsMS9mdW5jdGlvbnMvYWRkVG9MaWJyYXJ5KgwIjICTzAYQ0KqamAIyCG5vZGVqczIwOnYKI2djci5pby9nYWUtcnVudGltZXMvbm9kZWpzMjA6c3RhYmxlEk91cy1jZW50cmFsMS1kb2NrZXIucGtnLmRldi9zZXJ2ZXJsZXNzLXJ1bnRpbWVzL2dvb2dsZS0yMi1mdWxsL3J1bnRpbWVzL25vZGVqczIwQAE= for region us-central1
[debug] [2026-02-05T16:07:10.034Z] <<< [apiv2][status] GET https://cloudfunctions.googleapis.com/v2/projects/moonstone-4ffb6/locations/us-central1/operations/operation-1770307600216-64a15dba772a3-1a928495-e18badf1 200
[debug] [2026-02-05T16:07:10.034Z] <<< [apiv2][body] GET https://cloudfunctions.googleapis.com/v2/projects/moonstone-4ffb6/locations/us-central1/operations/operation-1770307600216-64a15dba772a3-1a928495-e18badf1 {"name":"projects/moonstone-4ffb6/locations/us-central1/operations/operation-1770307600216-64a15dba772a3-1a928495-e18badf1","metadata":{"@type":"type.googleapis.com/google.cloud.functions.v2.OperationMetadata","createTime":"2026-02-05T16:06:40.965012258Z","target":"projects/moonstone-4ffb6/locations/us-central1/functions/deleteStory","verb":"update","cancelRequested":false,"apiVersion":"v2","requestResource":{"@type":"type.googleapis.com/google.cloud.functions.v2.Function","name":"projects/moonstone-4ffb6/locations/us-central1/functions/deleteStory","buildConfig":{"runtime":"nodejs20","entryPoint":"deleteStory","source":{"storageSource":{"bucket":"gcf-v2-sources-209159062090-us-central1","object":"deleteStory/function-source.zip","generation":"1770307600914689"}},"environmentVariables":{"GOOGLE_NODE_RUN_SCRIPTS":""},"dockerRepository":"projects/moonstone-4ffb6/locations/us-central1/repositories/gcf-artifacts","sourceProvenance":{"resolvedStorageSource":{"bucket":"gcf-v2-sources-209159062090-us-central1","object":"deleteStory/function-source.zip","generation":"1770306441843285"}},"dockerRegistry":"ARTIFACT_REGISTRY","sourceToken":"Cldwcm9qZWN0cy8yMDkxNTkwNjIwOTAvbG9jYXRpb25zL3VzLWNlbnRyYWwxL2J1aWxkcy9lZTRlMjExMC1kMTM1LTRkZDYtOWU4Yi00YmRkNmQyN2JlNmQScXVzLWNlbnRyYWwxLWRvY2tlci5wa2cuZGV2L21vb25zdG9uZS00ZmZiNi9nY2YtYXJ0aWZhY3RzL21vb25zdG9uZS0tNGZmYjZfX3VzLS1jZW50cmFsMV9fYWRkX3RvX2xpYnJhcnk6dmVyc2lvbl8xGMqE6JaLBiJFcHJvamVjdHMvbW9vbnN0b25lLTRmZmI2L2xvY2F0aW9ucy91cy1jZW50cmFsMS9mdW5jdGlvbnMvYWRkVG9MaWJyYXJ5KgwIjICTzAYQ0KqamAIyCG5vZGVqczIwOnYKI2djci5pby9nYWUtcnVudGltZXMvbm9kZWpzMjA6c3RhYmxlEk91cy1jZW50cmFsMS1kb2NrZXIucGtnLmRldi9zZXJ2ZXJsZXNzLXJ1bnRpbWVzL2dvb2dsZS0yMi1mdWxsL3J1bnRpbWVzL25vZGVqczIwQAE=","serviceAccount":"projects/moonstone-4ffb6/serviceAccounts/209159062090-compute@developer.gserviceaccount.com","automaticUpdatePolicy":{}},"serviceConfig":{"service":"projects/moonstone-4ffb6/locations/us-central1/services/deletestory","timeoutSeconds":60,"environmentVariables":{"FIREBASE_CONFIG":"{\"projectId\":\"moonstone-4ffb6\",\"storageBucket\":\"moonstone-4ffb6.firebasestorage.app\"}","GCLOUD_PROJECT":"moonstone-4ffb6","EVENTARC_CLOUD_EVENT_SOURCE":"projects/moonstone-4ffb6/locations/us-central1/services/deleteStory","FUNCTION_TARGET":"deleteStory","LOG_EXECUTION_ID":"true","FUNCTION_SIGNATURE_TYPE":"http"},"ingressSettings":"ALLOW_ALL","uri":"https://deletestory-cblu2dsagq-uc.a.run.app","serviceAccountEmail":"209159062090-compute@developer.gserviceaccount.com","availableMemory":"256Mi","allTrafficOnLatestRevision":true,"revision":"deletestory-00032-juc","maxInstanceRequestConcurrency":80,"availableCpu":"1"},"state":"ACTIVE","labels":{"deployment-tool":"cli-firebase","deployment-callable":"true","firebase-functions-hash":"7bbeefe44dd2fb04675612dc9aa4e05f050b0b2b"},"environment":"GEN_2","url":"https://us-central1-moonstone-4ffb6.cloudfunctions.net/deleteStory","satisfiesPzi":true},"stages":[{"name":"BUILD","message":"Reusing build","state":"COMPLETE","resource":"projects/209159062090/locations/us-central1/builds/ee4e2110-d135-4dd6-9e8b-4bdd6d27be6d","stateMessages":[{"severity":"WARNING","type":"BuildAnalysisWarning","message":"Node.js 20 is no longer supported by the Node.js community as of 30 April, 2026. Node.js 20 will be deprecated on 2026-04-30. We recommend you to upgrade to the latest version of Node.js as soon as possible."}]},{"name":"SERVICE","message":"Updating Cloud Run service","state":"IN_PROGRESS","resource":"projects/moonstone-4ffb6/locations/us-central1/services/deletestory","resourceUri":"https://console.cloud.google.com/run/detail/us-central1/deletestory?project=moonstone-4ffb6","stateMessages":[{"severity":"INFO","type":"CloudRunServiceNewRevisionTrafficInfo","message":"A new revision will be deployed serving with 100% traffic."}]}],"sourceToken":"Cldwcm9qZWN0cy8yMDkxNTkwNjIwOTAvbG9jYXRpb25zL3VzLWNlbnRyYWwxL2J1aWxkcy9lZTRlMjExMC1kMTM1LTRkZDYtOWU4Yi00YmRkNmQyN2JlNmQScXVzLWNlbnRyYWwxLWRvY2tlci5wa2cuZGV2L21vb25zdG9uZS00ZmZiNi9nY2YtYXJ0aWZhY3RzL21vb25zdG9uZS0tNGZmYjZfX3VzLS1jZW50cmFsMV9fYWRkX3RvX2xpYnJhcnk6dmVyc2lvbl8xGMqE6JaLBiJFcHJvamVjdHMvbW9vbnN0b25lLTRmZmI2L2xvY2F0aW9ucy91cy1jZW50cmFsMS9mdW5jdGlvbnMvYWRkVG9MaWJyYXJ5KgwIjICTzAYQ0KqamAIyCG5vZGVqczIwOnYKI2djci5pby9nYWUtcnVudGltZXMvbm9kZWpzMjA6c3RhYmxlEk91cy1jZW50cmFsMS1kb2NrZXIucGtnLmRldi9zZXJ2ZXJsZXNzLXJ1bnRpbWVzL2dvb2dsZS0yMi1mdWxsL3J1bnRpbWVzL25vZGVqczIwQAE=","operationType":"UPDATE_FUNCTION","buildName":"projects/209159062090/locations/us-central1/builds/ee4e2110-d135-4dd6-9e8b-4bdd6d27be6d"},"done":false}
[debug] [2026-02-05T16:07:10.035Z] Got source token Cldwcm9qZWN0cy8yMDkxNTkwNjIwOTAvbG9jYXRpb25zL3VzLWNlbnRyYWwxL2J1aWxkcy9lZTRlMjExMC1kMTM1LTRkZDYtOWU4Yi00YmRkNmQyN2JlNmQScXVzLWNlbnRyYWwxLWRvY2tlci5wa2cuZGV2L21vb25zdG9uZS00ZmZiNi9nY2YtYXJ0aWZhY3RzL21vb25zdG9uZS0tNGZmYjZfX3VzLS1jZW50cmFsMV9fYWRkX3RvX2xpYnJhcnk6dmVyc2lvbl8xGMqE6JaLBiJFcHJvamVjdHMvbW9vbnN0b25lLTRmZmI2L2xvY2F0aW9ucy91cy1jZW50cmFsMS9mdW5jdGlvbnMvYWRkVG9MaWJyYXJ5KgwIjICTzAYQ0KqamAIyCG5vZGVqczIwOnYKI2djci5pby9nYWUtcnVudGltZXMvbm9kZWpzMjA6c3RhYmxlEk91cy1jZW50cmFsMS1kb2NrZXIucGtnLmRldi9zZXJ2ZXJsZXNzLXJ1bnRpbWVzL2dvb2dsZS0yMi1mdWxsL3J1bnRpbWVzL25vZGVqczIwQAE= for region us-central1
[debug] [2026-02-05T16:07:10.119Z] <<< [apiv2][status] GET https://cloudfunctions.googleapis.com/v2/projects/moonstone-4ffb6/locations/us-central1/operations/operation-1770307600288-64a15dba88b90-4635a2f0-de88da05 200
[debug] [2026-02-05T16:07:10.119Z] <<< [apiv2][body] GET https://cloudfunctions.googleapis.com/v2/projects/moonstone-4ffb6/locations/us-central1/operations/operation-1770307600288-64a15dba88b90-4635a2f0-de88da05 {"name":"projects/moonstone-4ffb6/locations/us-central1/operations/operation-1770307600288-64a15dba88b90-4635a2f0-de88da05","metadata":{"@type":"type.googleapis.com/google.cloud.functions.v2.OperationMetadata","createTime":"2026-02-05T16:06:41.063967105Z","endTime":"2026-02-05T16:07:07.523248082Z","target":"projects/moonstone-4ffb6/locations/us-central1/functions/toggleFavorite","verb":"update","cancelRequested":false,"apiVersion":"v2","requestResource":{"@type":"type.googleapis.com/google.cloud.functions.v2.Function","name":"projects/moonstone-4ffb6/locations/us-central1/functions/toggleFavorite","buildConfig":{"runtime":"nodejs20","entryPoint":"toggleFavorite","source":{"storageSource":{"bucket":"gcf-v2-sources-209159062090-us-central1","object":"toggleFavorite/function-source.zip","generation":"1770307601013945"}},"environmentVariables":{"GOOGLE_NODE_RUN_SCRIPTS":""},"dockerRepository":"projects/moonstone-4ffb6/locations/us-central1/repositories/gcf-artifacts","sourceProvenance":{"resolvedStorageSource":{"bucket":"gcf-v2-sources-209159062090-us-central1","object":"toggleFavorite/function-source.zip","generation":"1770306441807979"}},"dockerRegistry":"ARTIFACT_REGISTRY","sourceToken":"Cldwcm9qZWN0cy8yMDkxNTkwNjIwOTAvbG9jYXRpb25zL3VzLWNlbnRyYWwxL2J1aWxkcy9lZTRlMjExMC1kMTM1LTRkZDYtOWU4Yi00YmRkNmQyN2JlNmQScXVzLWNlbnRyYWwxLWRvY2tlci5wa2cuZGV2L21vb25zdG9uZS00ZmZiNi9nY2YtYXJ0aWZhY3RzL21vb25zdG9uZS0tNGZmYjZfX3VzLS1jZW50cmFsMV9fYWRkX3RvX2xpYnJhcnk6dmVyc2lvbl8xGMqE6JaLBiJFcHJvamVjdHMvbW9vbnN0b25lLTRmZmI2L2xvY2F0aW9ucy91cy1jZW50cmFsMS9mdW5jdGlvbnMvYWRkVG9MaWJyYXJ5KgwIjICTzAYQ0KqamAIyCG5vZGVqczIwOnYKI2djci5pby9nYWUtcnVudGltZXMvbm9kZWpzMjA6c3RhYmxlEk91cy1jZW50cmFsMS1kb2NrZXIucGtnLmRldi9zZXJ2ZXJsZXNzLXJ1bnRpbWVzL2dvb2dsZS0yMi1mdWxsL3J1bnRpbWVzL25vZGVqczIwQAE=","serviceAccount":"projects/moonstone-4ffb6/serviceAccounts/209159062090-compute@developer.gserviceaccount.com","automaticUpdatePolicy":{}},"serviceConfig":{"service":"projects/moonstone-4ffb6/locations/us-central1/services/togglefavorite","timeoutSeconds":60,"environmentVariables":{"FIREBASE_CONFIG":"{\"projectId\":\"moonstone-4ffb6\",\"storageBucket\":\"moonstone-4ffb6.firebasestorage.app\"}","GCLOUD_PROJECT":"moonstone-4ffb6","EVENTARC_CLOUD_EVENT_SOURCE":"projects/moonstone-4ffb6/locations/us-central1/services/toggleFavorite","FUNCTION_TARGET":"toggleFavorite","LOG_EXECUTION_ID":"true","FUNCTION_SIGNATURE_TYPE":"http"},"ingressSettings":"ALLOW_ALL","uri":"https://togglefavorite-cblu2dsagq-uc.a.run.app","serviceAccountEmail":"209159062090-compute@developer.gserviceaccount.com","availableMemory":"256Mi","allTrafficOnLatestRevision":true,"revision":"togglefavorite-00035-met","maxInstanceRequestConcurrency":80,"availableCpu":"1"},"state":"ACTIVE","labels":{"deployment-tool":"cli-firebase","deployment-callable":"true","firebase-functions-hash":"7bbeefe44dd2fb04675612dc9aa4e05f050b0b2b"},"environment":"GEN_2","url":"https://us-central1-moonstone-4ffb6.cloudfunctions.net/toggleFavorite","satisfiesPzi":true},"stages":[{"name":"BUILD","message":"Reusing build","state":"COMPLETE","resource":"projects/209159062090/locations/us-central1/builds/ee4e2110-d135-4dd6-9e8b-4bdd6d27be6d","stateMessages":[{"severity":"WARNING","type":"BuildAnalysisWarning","message":"Node.js 20 is no longer supported by the Node.js community as of 30 April, 2026. Node.js 20 will be deprecated on 2026-04-30. We recommend you to upgrade to the latest version of Node.js as soon as possible."}]},{"name":"SERVICE","message":"Updating Cloud Run service","state":"COMPLETE","resource":"projects/moonstone-4ffb6/locations/us-central1/services/togglefavorite","resourceUri":"https://console.cloud.google.com/run/detail/us-central1/togglefavorite?project=moonstone-4ffb6","stateMessages":[{"severity":"INFO","type":"CloudRunServiceNewRevisionTrafficInfo","message":"A new revision will be deployed serving with 100% traffic."}]}],"sourceToken":"Cldwcm9qZWN0cy8yMDkxNTkwNjIwOTAvbG9jYXRpb25zL3VzLWNlbnRyYWwxL2J1aWxkcy9lZTRlMjExMC1kMTM1LTRkZDYtOWU4Yi00YmRkNmQyN2JlNmQScXVzLWNlbnRyYWwxLWRvY2tlci5wa2cuZGV2L21vb25zdG9uZS00ZmZiNi9nY2YtYXJ0aWZhY3RzL21vb25zdG9uZS0tNGZmYjZfX3VzLS1jZW50cmFsMV9fYWRkX3RvX2xpYnJhcnk6dmVyc2lvbl8xGMqE6JaLBiJFcHJvamVjdHMvbW9vbnN0b25lLTRmZmI2L2xvY2F0aW9ucy91cy1jZW50cmFsMS9mdW5jdGlvbnMvYWRkVG9MaWJyYXJ5KgwIjICTzAYQ0KqamAIyCG5vZGVqczIwOnYKI2djci5pby9nYWUtcnVudGltZXMvbm9kZWpzMjA6c3RhYmxlEk91cy1jZW50cmFsMS1kb2NrZXIucGtnLmRldi9zZXJ2ZXJsZXNzLXJ1bnRpbWVzL2dvb2dsZS0yMi1mdWxsL3J1bnRpbWVzL25vZGVqczIwQAE=","operationType":"UPDATE_FUNCTION","buildName":"projects/209159062090/locations/us-central1/builds/ee4e2110-d135-4dd6-9e8b-4bdd6d27be6d"},"done":true,"response":{"@type":"type.googleapis.com/google.cloud.functions.v2.Function","name":"projects/moonstone-4ffb6/locations/us-central1/functions/toggleFavorite","buildConfig":{"build":"projects/209159062090/locations/us-central1/builds/ee4e2110-d135-4dd6-9e8b-4bdd6d27be6d","runtime":"nodejs20","entryPoint":"toggleFavorite","source":{"storageSource":{"bucket":"gcf-v2-sources-209159062090-us-central1","object":"toggleFavorite/function-source.zip","generation":"1770307601013945"}},"environmentVariables":{"GOOGLE_NODE_RUN_SCRIPTS":""},"dockerRepository":"projects/moonstone-4ffb6/locations/us-central1/repositories/gcf-artifacts","sourceProvenance":{"resolvedStorageSource":{"bucket":"gcf-v2-sources-209159062090-us-central1","object":"toggleFavorite/function-source.zip","generation":"1770307601013945"}},"dockerRegistry":"ARTIFACT_REGISTRY","serviceAccount":"projects/moonstone-4ffb6/serviceAccounts/209159062090-compute@developer.gserviceaccount.com","automaticUpdatePolicy":{}},"serviceConfig":{"service":"projects/moonstone-4ffb6/locations/us-central1/services/togglefavorite","timeoutSeconds":60,"environmentVariables":{"FIREBASE_CONFIG":"{\"projectId\":\"moonstone-4ffb6\",\"storageBucket\":\"moonstone-4ffb6.firebasestorage.app\"}","GCLOUD_PROJECT":"moonstone-4ffb6","EVENTARC_CLOUD_EVENT_SOURCE":"projects/moonstone-4ffb6/locations/us-central1/services/toggleFavorite","FUNCTION_TARGET":"toggleFavorite","LOG_EXECUTION_ID":"true","FUNCTION_SIGNATURE_TYPE":"http"},"maxInstanceCount":20,"ingressSettings":"ALLOW_ALL","uri":"https://togglefavorite-cblu2dsagq-uc.a.run.app","serviceAccountEmail":"209159062090-compute@developer.gserviceaccount.com","availableMemory":"256Mi","allTrafficOnLatestRevision":true,"revision":"togglefavorite-00036-qiw","maxInstanceRequestConcurrency":80,"availableCpu":"1"},"state":"ACTIVE","updateTime":"2026-02-05T16:06:41.067669945Z","labels":{"deployment-tool":"cli-firebase","deployment-callable":"true","firebase-functions-hash":"7bbeefe44dd2fb04675612dc9aa4e05f050b0b2b"},"environment":"GEN_2","url":"https://us-central1-moonstone-4ffb6.cloudfunctions.net/toggleFavorite","createTime":"2026-01-04T02:50:19.549901349Z","satisfiesPzi":true}}
[debug] [2026-02-05T16:07:10.119Z] Got source token Cldwcm9qZWN0cy8yMDkxNTkwNjIwOTAvbG9jYXRpb25zL3VzLWNlbnRyYWwxL2J1aWxkcy9lZTRlMjExMC1kMTM1LTRkZDYtOWU4Yi00YmRkNmQyN2JlNmQScXVzLWNlbnRyYWwxLWRvY2tlci5wa2cuZGV2L21vb25zdG9uZS00ZmZiNi9nY2YtYXJ0aWZhY3RzL21vb25zdG9uZS0tNGZmYjZfX3VzLS1jZW50cmFsMV9fYWRkX3RvX2xpYnJhcnk6dmVyc2lvbl8xGMqE6JaLBiJFcHJvamVjdHMvbW9vbnN0b25lLTRmZmI2L2xvY2F0aW9ucy91cy1jZW50cmFsMS9mdW5jdGlvbnMvYWRkVG9MaWJyYXJ5KgwIjICTzAYQ0KqamAIyCG5vZGVqczIwOnYKI2djci5pby9nYWUtcnVudGltZXMvbm9kZWpzMjA6c3RhYmxlEk91cy1jZW50cmFsMS1kb2NrZXIucGtnLmRldi9zZXJ2ZXJsZXNzLXJ1bnRpbWVzL2dvb2dsZS0yMi1mdWxsL3J1bnRpbWVzL25vZGVqczIwQAE= for region us-central1
[info] +  functions[toggleFavorite(us-central1)] Successful update operation. 
[debug] [2026-02-05T16:07:12.181Z] [update-default-us-central1-createStory] Retrying task index 0
[debug] [2026-02-05T16:07:12.181Z] Checked if tokens are valid: true, expires at: 1770308555729
[debug] [2026-02-05T16:07:12.181Z] Checked if tokens are valid: true, expires at: 1770308555729
[debug] [2026-02-05T16:07:12.181Z] >>> [apiv2][query] GET https://cloudfunctions.googleapis.com/v2/projects/moonstone-4ffb6/locations/us-central1/operations/operation-1770307469959-64a15d3e3e1e3-9c651303-a65010cb [none]
[debug] [2026-02-05T16:07:12.346Z] <<< [apiv2][status] GET https://cloudfunctions.googleapis.com/v2/projects/moonstone-4ffb6/locations/us-central1/operations/operation-1770307469959-64a15d3e3e1e3-9c651303-a65010cb 200
[debug] [2026-02-05T16:07:12.346Z] <<< [apiv2][body] GET https://cloudfunctions.googleapis.com/v2/projects/moonstone-4ffb6/locations/us-central1/operations/operation-1770307469959-64a15d3e3e1e3-9c651303-a65010cb {"name":"projects/moonstone-4ffb6/locations/us-central1/operations/operation-1770307469959-64a15d3e3e1e3-9c651303-a65010cb","metadata":{"@type":"type.googleapis.com/google.cloud.functions.v2.OperationMetadata","createTime":"2026-02-05T16:04:30.622741317Z","endTime":"2026-02-05T16:07:03.616335743Z","target":"projects/moonstone-4ffb6/locations/us-central1/functions/createStory","verb":"update","cancelRequested":false,"apiVersion":"v2","requestResource":{"@type":"type.googleapis.com/google.cloud.functions.v2.Function","name":"projects/moonstone-4ffb6/locations/us-central1/functions/createStory","buildConfig":{"runtime":"nodejs20","entryPoint":"createStory","source":{"storageSource":{"bucket":"gcf-v2-sources-209159062090-us-central1","object":"createStory/function-source.zip","generation":"1770307470571183"}},"environmentVariables":{"GOOGLE_NODE_RUN_SCRIPTS":""},"dockerRepository":"projects/moonstone-4ffb6/locations/us-central1/repositories/gcf-artifacts","sourceProvenance":{"resolvedStorageSource":{"bucket":"gcf-v2-sources-209159062090-us-central1","object":"createStory/function-source.zip","generation":"1770306322005926"}},"dockerRegistry":"ARTIFACT_REGISTRY","serviceAccount":"projects/moonstone-4ffb6/serviceAccounts/209159062090-compute@developer.gserviceaccount.com","automaticUpdatePolicy":{}},"serviceConfig":{"service":"projects/moonstone-4ffb6/locations/us-central1/services/createstory","timeoutSeconds":540,"environmentVariables":{"FIREBASE_CONFIG":"{\"projectId\":\"moonstone-4ffb6\",\"storageBucket\":\"moonstone-4ffb6.firebasestorage.app\"}","GCLOUD_PROJECT":"moonstone-4ffb6","EVENTARC_CLOUD_EVENT_SOURCE":"projects/moonstone-4ffb6/locations/us-central1/services/createStory","FUNCTION_TARGET":"createStory","LOG_EXECUTION_ID":"true"},"ingressSettings":"ALLOW_ALL","uri":"https://createstory-cblu2dsagq-uc.a.run.app","serviceAccountEmail":"209159062090-compute@developer.gserviceaccount.com","availableMemory":"1024Mi","allTrafficOnLatestRevision":true,"revision":"createstory-00062-lel","maxInstanceRequestConcurrency":80,"availableCpu":"1"},"state":"ACTIVE","labels":{"deployment-tool":"cli-firebase","deployment-callable":"true","firebase-functions-hash":"7bbeefe44dd2fb04675612dc9aa4e05f050b0b2b"},"environment":"GEN_2","url":"https://us-central1-moonstone-4ffb6.cloudfunctions.net/createStory","satisfiesPzi":true},"stages":[{"name":"BUILD","message":"Build finished","state":"COMPLETE","resource":"projects/209159062090/locations/us-central1/builds/25c50249-3a7d-44ac-a749-66cd96fd1a69","resourceUri":"https://console.cloud.google.com/cloud-build/builds;region=us-central1/25c50249-3a7d-44ac-a749-66cd96fd1a69?project=209159062090","stateMessages":[{"severity":"WARNING","type":"BuildAnalysisWarning","message":"*** Improve build performance by generating and committing package-lock.json."}]},{"name":"SERVICE","message":"Updating Cloud Run service","state":"COMPLETE","resource":"projects/moonstone-4ffb6/locations/us-central1/services/createstory","resourceUri":"https://console.cloud.google.com/run/detail/us-central1/createstory?project=moonstone-4ffb6","stateMessages":[{"severity":"INFO","type":"CloudRunServiceNewRevisionTrafficInfo","message":"A new revision will be deployed serving with 100% traffic."}]}],"sourceToken":"Cldwcm9qZWN0cy8yMDkxNTkwNjIwOTAvbG9jYXRpb25zL3VzLWNlbnRyYWwxL2J1aWxkcy8yNWM1MDI0OS0zYTdkLTQ0YWMtYTc0OS02NmNkOTZmZDFhNjkSb3VzLWNlbnRyYWwxLWRvY2tlci5wa2cuZGV2L21vb25zdG9uZS00ZmZiNi9nY2YtYXJ0aWZhY3RzL21vb25zdG9uZS0tNGZmYjZfX3VzLS1jZW50cmFsMV9fY3JlYXRlX3N0b3J5OnZlcnNpb25fMRjKhOiWiwYiRHByb2plY3RzL21vb25zdG9uZS00ZmZiNi9sb2NhdGlvbnMvdXMtY2VudHJhbDEvZnVuY3Rpb25zL2NyZWF0ZVN0b3J5KgwIjYCTzAYQyO6q6wEyCG5vZGVqczIwOnYKI2djci5pby9nYWUtcnVudGltZXMvbm9kZWpzMjA6c3RhYmxlEk91cy1jZW50cmFsMS1kb2NrZXIucGtnLmRldi9zZXJ2ZXJsZXNzLXJ1bnRpbWVzL2dvb2dsZS0yMi1mdWxsL3J1bnRpbWVzL25vZGVqczIwQAE=","operationType":"UPDATE_FUNCTION","buildName":"projects/209159062090/locations/us-central1/builds/25c50249-3a7d-44ac-a749-66cd96fd1a69"},"done":true,"response":{"@type":"type.googleapis.com/google.cloud.functions.v2.Function","name":"projects/moonstone-4ffb6/locations/us-central1/functions/createStory","buildConfig":{"build":"projects/209159062090/locations/us-central1/builds/25c50249-3a7d-44ac-a749-66cd96fd1a69","runtime":"nodejs20","entryPoint":"createStory","source":{"storageSource":{"bucket":"gcf-v2-sources-209159062090-us-central1","object":"createStory/function-source.zip","generation":"1770307470571183"}},"environmentVariables":{"GOOGLE_NODE_RUN_SCRIPTS":""},"dockerRepository":"projects/moonstone-4ffb6/locations/us-central1/repositories/gcf-artifacts","sourceProvenance":{"resolvedStorageSource":{"bucket":"gcf-v2-sources-209159062090-us-central1","object":"createStory/function-source.zip","generation":"1770307470571183"}},"dockerRegistry":"ARTIFACT_REGISTRY","serviceAccount":"projects/moonstone-4ffb6/serviceAccounts/209159062090-compute@developer.gserviceaccount.com","automaticUpdatePolicy":{}},"serviceConfig":{"service":"projects/moonstone-4ffb6/locations/us-central1/services/createstory","timeoutSeconds":540,"environmentVariables":{"FIREBASE_CONFIG":"{\"projectId\":\"moonstone-4ffb6\",\"storageBucket\":\"moonstone-4ffb6.firebasestorage.app\"}","GCLOUD_PROJECT":"moonstone-4ffb6","EVENTARC_CLOUD_EVENT_SOURCE":"projects/moonstone-4ffb6/locations/us-central1/services/createStory","FUNCTION_TARGET":"createStory","LOG_EXECUTION_ID":"true"},"maxInstanceCount":20,"ingressSettings":"ALLOW_ALL","uri":"https://createstory-cblu2dsagq-uc.a.run.app","serviceAccountEmail":"209159062090-compute@developer.gserviceaccount.com","availableMemory":"1024Mi","allTrafficOnLatestRevision":true,"revision":"createstory-00063-key","maxInstanceRequestConcurrency":80,"availableCpu":"1"},"state":"ACTIVE","updateTime":"2026-02-05T16:04:30.626042836Z","labels":{"deployment-callable":"true","firebase-functions-hash":"7bbeefe44dd2fb04675612dc9aa4e05f050b0b2b","deployment-tool":"cli-firebase"},"environment":"GEN_2","url":"https://us-central1-moonstone-4ffb6.cloudfunctions.net/createStory","createTime":"2026-01-04T02:50:19.501127347Z","satisfiesPzi":true}}
[debug] [2026-02-05T16:07:12.346Z] Got source token Cldwcm9qZWN0cy8yMDkxNTkwNjIwOTAvbG9jYXRpb25zL3VzLWNlbnRyYWwxL2J1aWxkcy8yNWM1MDI0OS0zYTdkLTQ0YWMtYTc0OS02NmNkOTZmZDFhNjkSb3VzLWNlbnRyYWwxLWRvY2tlci5wa2cuZGV2L21vb25zdG9uZS00ZmZiNi9nY2YtYXJ0aWZhY3RzL21vb25zdG9uZS0tNGZmYjZfX3VzLS1jZW50cmFsMV9fY3JlYXRlX3N0b3J5OnZlcnNpb25fMRjKhOiWiwYiRHByb2plY3RzL21vb25zdG9uZS00ZmZiNi9sb2NhdGlvbnMvdXMtY2VudHJhbDEvZnVuY3Rpb25zL2NyZWF0ZVN0b3J5KgwIjYCTzAYQyO6q6wEyCG5vZGVqczIwOnYKI2djci5pby9nYWUtcnVudGltZXMvbm9kZWpzMjA6c3RhYmxlEk91cy1jZW50cmFsMS1kb2NrZXIucGtnLmRldi9zZXJ2ZXJsZXNzLXJ1bnRpbWVzL2dvb2dsZS0yMi1mdWxsL3J1bnRpbWVzL25vZGVqczIwQAE= for region us-central1
[info] +  functions[createStory(us-central1)] Successful update operation. 
[debug] [2026-02-05T16:07:12.463Z] [update-default-us-central1-addToLibrary] Retrying task index 0
[debug] [2026-02-05T16:07:12.463Z] Checked if tokens are valid: true, expires at: 1770308555729
[debug] [2026-02-05T16:07:12.463Z] Checked if tokens are valid: true, expires at: 1770308555729
[debug] [2026-02-05T16:07:12.463Z] >>> [apiv2][query] GET https://cloudfunctions.googleapis.com/v2/projects/moonstone-4ffb6/locations/us-central1/operations/operation-1770307469884-64a15d3e2bb4b-a5861e88-08d66d81 [none]
[debug] [2026-02-05T16:07:12.642Z] <<< [apiv2][status] GET https://cloudfunctions.googleapis.com/v2/projects/moonstone-4ffb6/locations/us-central1/operations/operation-1770307469884-64a15d3e2bb4b-a5861e88-08d66d81 200
[debug] [2026-02-05T16:07:12.642Z] <<< [apiv2][body] GET https://cloudfunctions.googleapis.com/v2/projects/moonstone-4ffb6/locations/us-central1/operations/operation-1770307469884-64a15d3e2bb4b-a5861e88-08d66d81 {"name":"projects/moonstone-4ffb6/locations/us-central1/operations/operation-1770307469884-64a15d3e2bb4b-a5861e88-08d66d81","metadata":{"@type":"type.googleapis.com/google.cloud.functions.v2.OperationMetadata","createTime":"2026-02-05T16:04:30.602082585Z","endTime":"2026-02-05T16:07:03.658191973Z","target":"projects/moonstone-4ffb6/locations/us-central1/functions/addToLibrary","verb":"update","cancelRequested":false,"apiVersion":"v2","requestResource":{"@type":"type.googleapis.com/google.cloud.functions.v2.Function","name":"projects/moonstone-4ffb6/locations/us-central1/functions/addToLibrary","buildConfig":{"runtime":"nodejs20","entryPoint":"addToLibrary","source":{"storageSource":{"bucket":"gcf-v2-sources-209159062090-us-central1","object":"addToLibrary/function-source.zip","generation":"1770307470546449"}},"environmentVariables":{"GOOGLE_NODE_RUN_SCRIPTS":""},"dockerRepository":"projects/moonstone-4ffb6/locations/us-central1/repositories/gcf-artifacts","sourceProvenance":{"resolvedStorageSource":{"bucket":"gcf-v2-sources-209159062090-us-central1","object":"addToLibrary/function-source.zip","generation":"1770306321990882"}},"dockerRegistry":"ARTIFACT_REGISTRY","serviceAccount":"projects/moonstone-4ffb6/serviceAccounts/209159062090-compute@developer.gserviceaccount.com","automaticUpdatePolicy":{}},"serviceConfig":{"service":"projects/moonstone-4ffb6/locations/us-central1/services/addtolibrary","timeoutSeconds":60,"environmentVariables":{"FIREBASE_CONFIG":"{\"projectId\":\"moonstone-4ffb6\",\"storageBucket\":\"moonstone-4ffb6.firebasestorage.app\"}","GCLOUD_PROJECT":"moonstone-4ffb6","EVENTARC_CLOUD_EVENT_SOURCE":"projects/moonstone-4ffb6/locations/us-central1/services/addToLibrary","FUNCTION_TARGET":"addToLibrary","LOG_EXECUTION_ID":"true","FUNCTION_SIGNATURE_TYPE":"http"},"ingressSettings":"ALLOW_ALL","uri":"https://addtolibrary-cblu2dsagq-uc.a.run.app","serviceAccountEmail":"209159062090-compute@developer.gserviceaccount.com","availableMemory":"256Mi","allTrafficOnLatestRevision":true,"revision":"addtolibrary-00036-zum","maxInstanceRequestConcurrency":80,"availableCpu":"1"},"state":"ACTIVE","labels":{"deployment-tool":"cloudfunctions","deployment-callable":"true","firebase-functions-hash":"7bbeefe44dd2fb04675612dc9aa4e05f050b0b2b"},"environment":"GEN_2","url":"https://us-central1-moonstone-4ffb6.cloudfunctions.net/addToLibrary","satisfiesPzi":true},"stages":[{"name":"BUILD","message":"Build finished","state":"COMPLETE","resource":"projects/209159062090/locations/us-central1/builds/ee4e2110-d135-4dd6-9e8b-4bdd6d27be6d","resourceUri":"https://console.cloud.google.com/cloud-build/builds;region=us-central1/ee4e2110-d135-4dd6-9e8b-4bdd6d27be6d?project=209159062090","stateMessages":[{"severity":"WARNING","type":"BuildAnalysisWarning","message":"*** Improve build performance by generating and committing package-lock.json."}]},{"name":"SERVICE","message":"Updating Cloud Run service","state":"COMPLETE","resource":"projects/moonstone-4ffb6/locations/us-central1/services/addtolibrary","resourceUri":"https://console.cloud.google.com/run/detail/us-central1/addtolibrary?project=moonstone-4ffb6","stateMessages":[{"severity":"INFO","type":"CloudRunServiceNewRevisionTrafficInfo","message":"A new revision will be deployed serving with 100% traffic."}]}],"sourceToken":"Cldwcm9qZWN0cy8yMDkxNTkwNjIwOTAvbG9jYXRpb25zL3VzLWNlbnRyYWwxL2J1aWxkcy9lZTRlMjExMC1kMTM1LTRkZDYtOWU4Yi00YmRkNmQyN2JlNmQScXVzLWNlbnRyYWwxLWRvY2tlci5wa2cuZGV2L21vb25zdG9uZS00ZmZiNi9nY2YtYXJ0aWZhY3RzL21vb25zdG9uZS0tNGZmYjZfX3VzLS1jZW50cmFsMV9fYWRkX3RvX2xpYnJhcnk6dmVyc2lvbl8xGMqE6JaLBiJFcHJvamVjdHMvbW9vbnN0b25lLTRmZmI2L2xvY2F0aW9ucy91cy1jZW50cmFsMS9mdW5jdGlvbnMvYWRkVG9MaWJyYXJ5KgwIjICTzAYQ0KqamAIyCG5vZGVqczIwOnYKI2djci5pby9nYWUtcnVudGltZXMvbm9kZWpzMjA6c3RhYmxlEk91cy1jZW50cmFsMS1kb2NrZXIucGtnLmRldi9zZXJ2ZXJsZXNzLXJ1bnRpbWVzL2dvb2dsZS0yMi1mdWxsL3J1bnRpbWVzL25vZGVqczIwQAE=","operationType":"UPDATE_FUNCTION","buildName":"projects/209159062090/locations/us-central1/builds/ee4e2110-d135-4dd6-9e8b-4bdd6d27be6d"},"done":true,"response":{"@type":"type.googleapis.com/google.cloud.functions.v2.Function","name":"projects/moonstone-4ffb6/locations/us-central1/functions/addToLibrary","buildConfig":{"build":"projects/209159062090/locations/us-central1/builds/ee4e2110-d135-4dd6-9e8b-4bdd6d27be6d","runtime":"nodejs20","entryPoint":"addToLibrary","source":{"storageSource":{"bucket":"gcf-v2-sources-209159062090-us-central1","object":"addToLibrary/function-source.zip","generation":"1770307470546449"}},"environmentVariables":{"GOOGLE_NODE_RUN_SCRIPTS":""},"dockerRepository":"projects/moonstone-4ffb6/locations/us-central1/repositories/gcf-artifacts","sourceProvenance":{"resolvedStorageSource":{"bucket":"gcf-v2-sources-209159062090-us-central1","object":"addToLibrary/function-source.zip","generation":"1770307470546449"}},"dockerRegistry":"ARTIFACT_REGISTRY","serviceAccount":"projects/moonstone-4ffb6/serviceAccounts/209159062090-compute@developer.gserviceaccount.com","automaticUpdatePolicy":{}},"serviceConfig":{"service":"projects/moonstone-4ffb6/locations/us-central1/services/addtolibrary","timeoutSeconds":60,"environmentVariables":{"FIREBASE_CONFIG":"{\"projectId\":\"moonstone-4ffb6\",\"storageBucket\":\"moonstone-4ffb6.firebasestorage.app\"}","GCLOUD_PROJECT":"moonstone-4ffb6","EVENTARC_CLOUD_EVENT_SOURCE":"projects/moonstone-4ffb6/locations/us-central1/services/addToLibrary","FUNCTION_TARGET":"addToLibrary","LOG_EXECUTION_ID":"true","FUNCTION_SIGNATURE_TYPE":"http"},"maxInstanceCount":20,"ingressSettings":"ALLOW_ALL","uri":"https://addtolibrary-cblu2dsagq-uc.a.run.app","serviceAccountEmail":"209159062090-compute@developer.gserviceaccount.com","availableMemory":"256Mi","allTrafficOnLatestRevision":true,"revision":"addtolibrary-00037-hub","maxInstanceRequestConcurrency":80,"availableCpu":"1"},"state":"ACTIVE","updateTime":"2026-02-05T16:04:30.605026860Z","labels":{"firebase-functions-hash":"7bbeefe44dd2fb04675612dc9aa4e05f050b0b2b","deployment-tool":"cli-firebase","deployment-callable":"true"},"environment":"GEN_2","url":"https://us-central1-moonstone-4ffb6.cloudfunctions.net/addToLibrary","createTime":"2026-01-04T02:40:46.366356927Z","satisfiesPzi":true}}
[debug] [2026-02-05T16:07:12.642Z] Got source token Cldwcm9qZWN0cy8yMDkxNTkwNjIwOTAvbG9jYXRpb25zL3VzLWNlbnRyYWwxL2J1aWxkcy9lZTRlMjExMC1kMTM1LTRkZDYtOWU4Yi00YmRkNmQyN2JlNmQScXVzLWNlbnRyYWwxLWRvY2tlci5wa2cuZGV2L21vb25zdG9uZS00ZmZiNi9nY2YtYXJ0aWZhY3RzL21vb25zdG9uZS0tNGZmYjZfX3VzLS1jZW50cmFsMV9fYWRkX3RvX2xpYnJhcnk6dmVyc2lvbl8xGMqE6JaLBiJFcHJvamVjdHMvbW9vbnN0b25lLTRmZmI2L2xvY2F0aW9ucy91cy1jZW50cmFsMS9mdW5jdGlvbnMvYWRkVG9MaWJyYXJ5KgwIjICTzAYQ0KqamAIyCG5vZGVqczIwOnYKI2djci5pby9nYWUtcnVudGltZXMvbm9kZWpzMjA6c3RhYmxlEk91cy1jZW50cmFsMS1kb2NrZXIucGtnLmRldi9zZXJ2ZXJsZXNzLXJ1bnRpbWVzL2dvb2dsZS0yMi1mdWxsL3J1bnRpbWVzL25vZGVqczIwQAE= for region us-central1
[info] +  functions[addToLibrary(us-central1)] Successful update operation. 
[debug] [2026-02-05T16:07:20.038Z] [update-default-us-central1-updateProgress] Retrying task index 0
[debug] [2026-02-05T16:07:20.038Z] Checked if tokens are valid: true, expires at: 1770308555729
[debug] [2026-02-05T16:07:20.038Z] Checked if tokens are valid: true, expires at: 1770308555729
[debug] [2026-02-05T16:07:20.038Z] >>> [apiv2][query] GET https://cloudfunctions.googleapis.com/v2/projects/moonstone-4ffb6/locations/us-central1/operations/operation-1770307600270-64a15dba84528-f92fd70c-100f3491 [none]
[debug] [2026-02-05T16:07:20.039Z] [update-default-us-central1-deleteStory] Retrying task index 0
[debug] [2026-02-05T16:07:20.039Z] Checked if tokens are valid: true, expires at: 1770308555729
[debug] [2026-02-05T16:07:20.039Z] Checked if tokens are valid: true, expires at: 1770308555729
[debug] [2026-02-05T16:07:20.040Z] >>> [apiv2][query] GET https://cloudfunctions.googleapis.com/v2/projects/moonstone-4ffb6/locations/us-central1/operations/operation-1770307600216-64a15dba772a3-1a928495-e18badf1 [none]
[debug] [2026-02-05T16:07:20.279Z] <<< [apiv2][status] GET https://cloudfunctions.googleapis.com/v2/projects/moonstone-4ffb6/locations/us-central1/operations/operation-1770307600270-64a15dba84528-f92fd70c-100f3491 200
[debug] [2026-02-05T16:07:20.279Z] <<< [apiv2][body] GET https://cloudfunctions.googleapis.com/v2/projects/moonstone-4ffb6/locations/us-central1/operations/operation-1770307600270-64a15dba84528-f92fd70c-100f3491 {"name":"projects/moonstone-4ffb6/locations/us-central1/operations/operation-1770307600270-64a15dba84528-f92fd70c-100f3491","metadata":{"@type":"type.googleapis.com/google.cloud.functions.v2.OperationMetadata","createTime":"2026-02-05T16:06:40.992890378Z","target":"projects/moonstone-4ffb6/locations/us-central1/functions/updateProgress","verb":"update","cancelRequested":false,"apiVersion":"v2","requestResource":{"@type":"type.googleapis.com/google.cloud.functions.v2.Function","name":"projects/moonstone-4ffb6/locations/us-central1/functions/updateProgress","buildConfig":{"runtime":"nodejs20","entryPoint":"updateProgress","source":{"storageSource":{"bucket":"gcf-v2-sources-209159062090-us-central1","object":"updateProgress/function-source.zip","generation":"1770307600935368"}},"environmentVariables":{"GOOGLE_NODE_RUN_SCRIPTS":""},"dockerRepository":"projects/moonstone-4ffb6/locations/us-central1/repositories/gcf-artifacts","sourceProvenance":{"resolvedStorageSource":{"bucket":"gcf-v2-sources-209159062090-us-central1","object":"updateProgress/function-source.zip","generation":"1770306441809240"}},"dockerRegistry":"ARTIFACT_REGISTRY","sourceToken":"Cldwcm9qZWN0cy8yMDkxNTkwNjIwOTAvbG9jYXRpb25zL3VzLWNlbnRyYWwxL2J1aWxkcy9lZTRlMjExMC1kMTM1LTRkZDYtOWU4Yi00YmRkNmQyN2JlNmQScXVzLWNlbnRyYWwxLWRvY2tlci5wa2cuZGV2L21vb25zdG9uZS00ZmZiNi9nY2YtYXJ0aWZhY3RzL21vb25zdG9uZS0tNGZmYjZfX3VzLS1jZW50cmFsMV9fYWRkX3RvX2xpYnJhcnk6dmVyc2lvbl8xGMqE6JaLBiJFcHJvamVjdHMvbW9vbnN0b25lLTRmZmI2L2xvY2F0aW9ucy91cy1jZW50cmFsMS9mdW5jdGlvbnMvYWRkVG9MaWJyYXJ5KgwIjICTzAYQ0KqamAIyCG5vZGVqczIwOnYKI2djci5pby9nYWUtcnVudGltZXMvbm9kZWpzMjA6c3RhYmxlEk91cy1jZW50cmFsMS1kb2NrZXIucGtnLmRldi9zZXJ2ZXJsZXNzLXJ1bnRpbWVzL2dvb2dsZS0yMi1mdWxsL3J1bnRpbWVzL25vZGVqczIwQAE=","serviceAccount":"projects/moonstone-4ffb6/serviceAccounts/209159062090-compute@developer.gserviceaccount.com","automaticUpdatePolicy":{}},"serviceConfig":{"service":"projects/moonstone-4ffb6/locations/us-central1/services/updateprogress","timeoutSeconds":60,"environmentVariables":{"FIREBASE_CONFIG":"{\"projectId\":\"moonstone-4ffb6\",\"storageBucket\":\"moonstone-4ffb6.firebasestorage.app\"}","GCLOUD_PROJECT":"moonstone-4ffb6","EVENTARC_CLOUD_EVENT_SOURCE":"projects/moonstone-4ffb6/locations/us-central1/services/updateProgress","FUNCTION_TARGET":"updateProgress","LOG_EXECUTION_ID":"true","FUNCTION_SIGNATURE_TYPE":"http"},"ingressSettings":"ALLOW_ALL","uri":"https://updateprogress-cblu2dsagq-uc.a.run.app","serviceAccountEmail":"209159062090-compute@developer.gserviceaccount.com","availableMemory":"256Mi","allTrafficOnLatestRevision":true,"revision":"updateprogress-00036-pem","maxInstanceRequestConcurrency":80,"availableCpu":"1"},"state":"ACTIVE","labels":{"deployment-tool":"cli-firebase","deployment-callable":"true","firebase-functions-hash":"7bbeefe44dd2fb04675612dc9aa4e05f050b0b2b"},"environment":"GEN_2","url":"https://us-central1-moonstone-4ffb6.cloudfunctions.net/updateProgress","satisfiesPzi":true},"stages":[{"name":"BUILD","message":"Reusing build","state":"COMPLETE","resource":"projects/209159062090/locations/us-central1/builds/ee4e2110-d135-4dd6-9e8b-4bdd6d27be6d","stateMessages":[{"severity":"WARNING","type":"BuildAnalysisWarning","message":"Node.js 20 is no longer supported by the Node.js community as of 30 April, 2026. Node.js 20 will be deprecated on 2026-04-30. We recommend you to upgrade to the latest version of Node.js as soon as possible."}]},{"name":"SERVICE","message":"Updating Cloud Run service","state":"IN_PROGRESS","resource":"projects/moonstone-4ffb6/locations/us-central1/services/updateprogress","resourceUri":"https://console.cloud.google.com/run/detail/us-central1/updateprogress?project=moonstone-4ffb6","stateMessages":[{"severity":"INFO","type":"CloudRunServiceNewRevisionTrafficInfo","message":"A new revision will be deployed serving with 100% traffic."}]}],"sourceToken":"Cldwcm9qZWN0cy8yMDkxNTkwNjIwOTAvbG9jYXRpb25zL3VzLWNlbnRyYWwxL2J1aWxkcy9lZTRlMjExMC1kMTM1LTRkZDYtOWU4Yi00YmRkNmQyN2JlNmQScXVzLWNlbnRyYWwxLWRvY2tlci5wa2cuZGV2L21vb25zdG9uZS00ZmZiNi9nY2YtYXJ0aWZhY3RzL21vb25zdG9uZS0tNGZmYjZfX3VzLS1jZW50cmFsMV9fYWRkX3RvX2xpYnJhcnk6dmVyc2lvbl8xGMqE6JaLBiJFcHJvamVjdHMvbW9vbnN0b25lLTRmZmI2L2xvY2F0aW9ucy91cy1jZW50cmFsMS9mdW5jdGlvbnMvYWRkVG9MaWJyYXJ5KgwIjICTzAYQ0KqamAIyCG5vZGVqczIwOnYKI2djci5pby9nYWUtcnVudGltZXMvbm9kZWpzMjA6c3RhYmxlEk91cy1jZW50cmFsMS1kb2NrZXIucGtnLmRldi9zZXJ2ZXJsZXNzLXJ1bnRpbWVzL2dvb2dsZS0yMi1mdWxsL3J1bnRpbWVzL25vZGVqczIwQAE=","operationType":"UPDATE_FUNCTION","buildName":"projects/209159062090/locations/us-central1/builds/ee4e2110-d135-4dd6-9e8b-4bdd6d27be6d"},"done":false}
[debug] [2026-02-05T16:07:20.279Z] Got source token Cldwcm9qZWN0cy8yMDkxNTkwNjIwOTAvbG9jYXRpb25zL3VzLWNlbnRyYWwxL2J1aWxkcy9lZTRlMjExMC1kMTM1LTRkZDYtOWU4Yi00YmRkNmQyN2JlNmQScXVzLWNlbnRyYWwxLWRvY2tlci5wa2cuZGV2L21vb25zdG9uZS00ZmZiNi9nY2YtYXJ0aWZhY3RzL21vb25zdG9uZS0tNGZmYjZfX3VzLS1jZW50cmFsMV9fYWRkX3RvX2xpYnJhcnk6dmVyc2lvbl8xGMqE6JaLBiJFcHJvamVjdHMvbW9vbnN0b25lLTRmZmI2L2xvY2F0aW9ucy91cy1jZW50cmFsMS9mdW5jdGlvbnMvYWRkVG9MaWJyYXJ5KgwIjICTzAYQ0KqamAIyCG5vZGVqczIwOnYKI2djci5pby9nYWUtcnVudGltZXMvbm9kZWpzMjA6c3RhYmxlEk91cy1jZW50cmFsMS1kb2NrZXIucGtnLmRldi9zZXJ2ZXJsZXNzLXJ1bnRpbWVzL2dvb2dsZS0yMi1mdWxsL3J1bnRpbWVzL25vZGVqczIwQAE= for region us-central1
[debug] [2026-02-05T16:07:20.283Z] <<< [apiv2][status] GET https://cloudfunctions.googleapis.com/v2/projects/moonstone-4ffb6/locations/us-central1/operations/operation-1770307600216-64a15dba772a3-1a928495-e18badf1 200
[debug] [2026-02-05T16:07:20.283Z] <<< [apiv2][body] GET https://cloudfunctions.googleapis.com/v2/projects/moonstone-4ffb6/locations/us-central1/operations/operation-1770307600216-64a15dba772a3-1a928495-e18badf1 {"name":"projects/moonstone-4ffb6/locations/us-central1/operations/operation-1770307600216-64a15dba772a3-1a928495-e18badf1","metadata":{"@type":"type.googleapis.com/google.cloud.functions.v2.OperationMetadata","createTime":"2026-02-05T16:06:40.965012258Z","endTime":"2026-02-05T16:07:09.098671909Z","target":"projects/moonstone-4ffb6/locations/us-central1/functions/deleteStory","verb":"update","cancelRequested":false,"apiVersion":"v2","requestResource":{"@type":"type.googleapis.com/google.cloud.functions.v2.Function","name":"projects/moonstone-4ffb6/locations/us-central1/functions/deleteStory","buildConfig":{"runtime":"nodejs20","entryPoint":"deleteStory","source":{"storageSource":{"bucket":"gcf-v2-sources-209159062090-us-central1","object":"deleteStory/function-source.zip","generation":"1770307600914689"}},"environmentVariables":{"GOOGLE_NODE_RUN_SCRIPTS":""},"dockerRepository":"projects/moonstone-4ffb6/locations/us-central1/repositories/gcf-artifacts","sourceProvenance":{"resolvedStorageSource":{"bucket":"gcf-v2-sources-209159062090-us-central1","object":"deleteStory/function-source.zip","generation":"1770306441843285"}},"dockerRegistry":"ARTIFACT_REGISTRY","sourceToken":"Cldwcm9qZWN0cy8yMDkxNTkwNjIwOTAvbG9jYXRpb25zL3VzLWNlbnRyYWwxL2J1aWxkcy9lZTRlMjExMC1kMTM1LTRkZDYtOWU4Yi00YmRkNmQyN2JlNmQScXVzLWNlbnRyYWwxLWRvY2tlci5wa2cuZGV2L21vb25zdG9uZS00ZmZiNi9nY2YtYXJ0aWZhY3RzL21vb25zdG9uZS0tNGZmYjZfX3VzLS1jZW50cmFsMV9fYWRkX3RvX2xpYnJhcnk6dmVyc2lvbl8xGMqE6JaLBiJFcHJvamVjdHMvbW9vbnN0b25lLTRmZmI2L2xvY2F0aW9ucy91cy1jZW50cmFsMS9mdW5jdGlvbnMvYWRkVG9MaWJyYXJ5KgwIjICTzAYQ0KqamAIyCG5vZGVqczIwOnYKI2djci5pby9nYWUtcnVudGltZXMvbm9kZWpzMjA6c3RhYmxlEk91cy1jZW50cmFsMS1kb2NrZXIucGtnLmRldi9zZXJ2ZXJsZXNzLXJ1bnRpbWVzL2dvb2dsZS0yMi1mdWxsL3J1bnRpbWVzL25vZGVqczIwQAE=","serviceAccount":"projects/moonstone-4ffb6/serviceAccounts/209159062090-compute@developer.gserviceaccount.com","automaticUpdatePolicy":{}},"serviceConfig":{"service":"projects/moonstone-4ffb6/locations/us-central1/services/deletestory","timeoutSeconds":60,"environmentVariables":{"FIREBASE_CONFIG":"{\"projectId\":\"moonstone-4ffb6\",\"storageBucket\":\"moonstone-4ffb6.firebasestorage.app\"}","GCLOUD_PROJECT":"moonstone-4ffb6","EVENTARC_CLOUD_EVENT_SOURCE":"projects/moonstone-4ffb6/locations/us-central1/services/deleteStory","FUNCTION_TARGET":"deleteStory","LOG_EXECUTION_ID":"true","FUNCTION_SIGNATURE_TYPE":"http"},"ingressSettings":"ALLOW_ALL","uri":"https://deletestory-cblu2dsagq-uc.a.run.app","serviceAccountEmail":"209159062090-compute@developer.gserviceaccount.com","availableMemory":"256Mi","allTrafficOnLatestRevision":true,"revision":"deletestory-00032-juc","maxInstanceRequestConcurrency":80,"availableCpu":"1"},"state":"ACTIVE","labels":{"deployment-tool":"cli-firebase","deployment-callable":"true","firebase-functions-hash":"7bbeefe44dd2fb04675612dc9aa4e05f050b0b2b"},"environment":"GEN_2","url":"https://us-central1-moonstone-4ffb6.cloudfunctions.net/deleteStory","satisfiesPzi":true},"stages":[{"name":"BUILD","message":"Reusing build","state":"COMPLETE","resource":"projects/209159062090/locations/us-central1/builds/ee4e2110-d135-4dd6-9e8b-4bdd6d27be6d","stateMessages":[{"severity":"WARNING","type":"BuildAnalysisWarning","message":"Node.js 20 is no longer supported by the Node.js community as of 30 April, 2026. Node.js 20 will be deprecated on 2026-04-30. We recommend you to upgrade to the latest version of Node.js as soon as possible."}]},{"name":"SERVICE","message":"Updating Cloud Run service","state":"COMPLETE","resource":"projects/moonstone-4ffb6/locations/us-central1/services/deletestory","resourceUri":"https://console.cloud.google.com/run/detail/us-central1/deletestory?project=moonstone-4ffb6","stateMessages":[{"severity":"INFO","type":"CloudRunServiceNewRevisionTrafficInfo","message":"A new revision will be deployed serving with 100% traffic."}]}],"sourceToken":"Cldwcm9qZWN0cy8yMDkxNTkwNjIwOTAvbG9jYXRpb25zL3VzLWNlbnRyYWwxL2J1aWxkcy9lZTRlMjExMC1kMTM1LTRkZDYtOWU4Yi00YmRkNmQyN2JlNmQScXVzLWNlbnRyYWwxLWRvY2tlci5wa2cuZGV2L21vb25zdG9uZS00ZmZiNi9nY2YtYXJ0aWZhY3RzL21vb25zdG9uZS0tNGZmYjZfX3VzLS1jZW50cmFsMV9fYWRkX3RvX2xpYnJhcnk6dmVyc2lvbl8xGMqE6JaLBiJFcHJvamVjdHMvbW9vbnN0b25lLTRmZmI2L2xvY2F0aW9ucy91cy1jZW50cmFsMS9mdW5jdGlvbnMvYWRkVG9MaWJyYXJ5KgwIjICTzAYQ0KqamAIyCG5vZGVqczIwOnYKI2djci5pby9nYWUtcnVudGltZXMvbm9kZWpzMjA6c3RhYmxlEk91cy1jZW50cmFsMS1kb2NrZXIucGtnLmRldi9zZXJ2ZXJsZXNzLXJ1bnRpbWVzL2dvb2dsZS0yMi1mdWxsL3J1bnRpbWVzL25vZGVqczIwQAE=","operationType":"UPDATE_FUNCTION","buildName":"projects/209159062090/locations/us-central1/builds/ee4e2110-d135-4dd6-9e8b-4bdd6d27be6d"},"done":true,"response":{"@type":"type.googleapis.com/google.cloud.functions.v2.Function","name":"projects/moonstone-4ffb6/locations/us-central1/functions/deleteStory","buildConfig":{"build":"projects/209159062090/locations/us-central1/builds/ee4e2110-d135-4dd6-9e8b-4bdd6d27be6d","runtime":"nodejs20","entryPoint":"deleteStory","source":{"storageSource":{"bucket":"gcf-v2-sources-209159062090-us-central1","object":"deleteStory/function-source.zip","generation":"1770307600914689"}},"environmentVariables":{"GOOGLE_NODE_RUN_SCRIPTS":""},"dockerRepository":"projects/moonstone-4ffb6/locations/us-central1/repositories/gcf-artifacts","sourceProvenance":{"resolvedStorageSource":{"bucket":"gcf-v2-sources-209159062090-us-central1","object":"deleteStory/function-source.zip","generation":"1770307600914689"}},"dockerRegistry":"ARTIFACT_REGISTRY","serviceAccount":"projects/moonstone-4ffb6/serviceAccounts/209159062090-compute@developer.gserviceaccount.com","automaticUpdatePolicy":{}},"serviceConfig":{"service":"projects/moonstone-4ffb6/locations/us-central1/services/deletestory","timeoutSeconds":60,"environmentVariables":{"FIREBASE_CONFIG":"{\"projectId\":\"moonstone-4ffb6\",\"storageBucket\":\"moonstone-4ffb6.firebasestorage.app\"}","GCLOUD_PROJECT":"moonstone-4ffb6","EVENTARC_CLOUD_EVENT_SOURCE":"projects/moonstone-4ffb6/locations/us-central1/services/deleteStory","FUNCTION_TARGET":"deleteStory","LOG_EXECUTION_ID":"true","FUNCTION_SIGNATURE_TYPE":"http"},"maxInstanceCount":20,"ingressSettings":"ALLOW_ALL","uri":"https://deletestory-cblu2dsagq-uc.a.run.app","serviceAccountEmail":"209159062090-compute@developer.gserviceaccount.com","availableMemory":"256Mi","allTrafficOnLatestRevision":true,"revision":"deletestory-00033-mej","maxInstanceRequestConcurrency":80,"availableCpu":"1"},"state":"ACTIVE","updateTime":"2026-02-05T16:06:40.967631386Z","labels":{"deployment-callable":"true","firebase-functions-hash":"7bbeefe44dd2fb04675612dc9aa4e05f050b0b2b","deployment-tool":"cli-firebase"},"environment":"GEN_2","url":"https://us-central1-moonstone-4ffb6.cloudfunctions.net/deleteStory","createTime":"2026-01-09T01:38:29.506469133Z","satisfiesPzi":true}}
[debug] [2026-02-05T16:07:20.284Z] Got source token Cldwcm9qZWN0cy8yMDkxNTkwNjIwOTAvbG9jYXRpb25zL3VzLWNlbnRyYWwxL2J1aWxkcy9lZTRlMjExMC1kMTM1LTRkZDYtOWU4Yi00YmRkNmQyN2JlNmQScXVzLWNlbnRyYWwxLWRvY2tlci5wa2cuZGV2L21vb25zdG9uZS00ZmZiNi9nY2YtYXJ0aWZhY3RzL21vb25zdG9uZS0tNGZmYjZfX3VzLS1jZW50cmFsMV9fYWRkX3RvX2xpYnJhcnk6dmVyc2lvbl8xGMqE6JaLBiJFcHJvamVjdHMvbW9vbnN0b25lLTRmZmI2L2xvY2F0aW9ucy91cy1jZW50cmFsMS9mdW5jdGlvbnMvYWRkVG9MaWJyYXJ5KgwIjICTzAYQ0KqamAIyCG5vZGVqczIwOnYKI2djci5pby9nYWUtcnVudGltZXMvbm9kZWpzMjA6c3RhYmxlEk91cy1jZW50cmFsMS1kb2NrZXIucGtnLmRldi9zZXJ2ZXJsZXNzLXJ1bnRpbWVzL2dvb2dsZS0yMi1mdWxsL3J1bnRpbWVzL25vZGVqczIwQAE= for region us-central1
[info] +  functions[deleteStory(us-central1)] Successful update operation. 
[debug] [2026-02-05T16:07:30.282Z] [update-default-us-central1-updateProgress] Retrying task index 0
[debug] [2026-02-05T16:07:30.282Z] Checked if tokens are valid: true, expires at: 1770308555729
[debug] [2026-02-05T16:07:30.282Z] Checked if tokens are valid: true, expires at: 1770308555729
[debug] [2026-02-05T16:07:30.282Z] >>> [apiv2][query] GET https://cloudfunctions.googleapis.com/v2/projects/moonstone-4ffb6/locations/us-central1/operations/operation-1770307600270-64a15dba84528-f92fd70c-100f3491 [none]
[debug] [2026-02-05T16:07:30.519Z] <<< [apiv2][status] GET https://cloudfunctions.googleapis.com/v2/projects/moonstone-4ffb6/locations/us-central1/operations/operation-1770307600270-64a15dba84528-f92fd70c-100f3491 200
[debug] [2026-02-05T16:07:30.520Z] <<< [apiv2][body] GET https://cloudfunctions.googleapis.com/v2/projects/moonstone-4ffb6/locations/us-central1/operations/operation-1770307600270-64a15dba84528-f92fd70c-100f3491 {"name":"projects/moonstone-4ffb6/locations/us-central1/operations/operation-1770307600270-64a15dba84528-f92fd70c-100f3491","metadata":{"@type":"type.googleapis.com/google.cloud.functions.v2.OperationMetadata","createTime":"2026-02-05T16:06:40.992890378Z","endTime":"2026-02-05T16:07:23.268175683Z","target":"projects/moonstone-4ffb6/locations/us-central1/functions/updateProgress","verb":"update","cancelRequested":false,"apiVersion":"v2","requestResource":{"@type":"type.googleapis.com/google.cloud.functions.v2.Function","name":"projects/moonstone-4ffb6/locations/us-central1/functions/updateProgress","buildConfig":{"runtime":"nodejs20","entryPoint":"updateProgress","source":{"storageSource":{"bucket":"gcf-v2-sources-209159062090-us-central1","object":"updateProgress/function-source.zip","generation":"1770307600935368"}},"environmentVariables":{"GOOGLE_NODE_RUN_SCRIPTS":""},"dockerRepository":"projects/moonstone-4ffb6/locations/us-central1/repositories/gcf-artifacts","sourceProvenance":{"resolvedStorageSource":{"bucket":"gcf-v2-sources-209159062090-us-central1","object":"updateProgress/function-source.zip","generation":"1770306441809240"}},"dockerRegistry":"ARTIFACT_REGISTRY","sourceToken":"Cldwcm9qZWN0cy8yMDkxNTkwNjIwOTAvbG9jYXRpb25zL3VzLWNlbnRyYWwxL2J1aWxkcy9lZTRlMjExMC1kMTM1LTRkZDYtOWU4Yi00YmRkNmQyN2JlNmQScXVzLWNlbnRyYWwxLWRvY2tlci5wa2cuZGV2L21vb25zdG9uZS00ZmZiNi9nY2YtYXJ0aWZhY3RzL21vb25zdG9uZS0tNGZmYjZfX3VzLS1jZW50cmFsMV9fYWRkX3RvX2xpYnJhcnk6dmVyc2lvbl8xGMqE6JaLBiJFcHJvamVjdHMvbW9vbnN0b25lLTRmZmI2L2xvY2F0aW9ucy91cy1jZW50cmFsMS9mdW5jdGlvbnMvYWRkVG9MaWJyYXJ5KgwIjICTzAYQ0KqamAIyCG5vZGVqczIwOnYKI2djci5pby9nYWUtcnVudGltZXMvbm9kZWpzMjA6c3RhYmxlEk91cy1jZW50cmFsMS1kb2NrZXIucGtnLmRldi9zZXJ2ZXJsZXNzLXJ1bnRpbWVzL2dvb2dsZS0yMi1mdWxsL3J1bnRpbWVzL25vZGVqczIwQAE=","serviceAccount":"projects/moonstone-4ffb6/serviceAccounts/209159062090-compute@developer.gserviceaccount.com","automaticUpdatePolicy":{}},"serviceConfig":{"service":"projects/moonstone-4ffb6/locations/us-central1/services/updateprogress","timeoutSeconds":60,"environmentVariables":{"FIREBASE_CONFIG":"{\"projectId\":\"moonstone-4ffb6\",\"storageBucket\":\"moonstone-4ffb6.firebasestorage.app\"}","GCLOUD_PROJECT":"moonstone-4ffb6","EVENTARC_CLOUD_EVENT_SOURCE":"projects/moonstone-4ffb6/locations/us-central1/services/updateProgress","FUNCTION_TARGET":"updateProgress","LOG_EXECUTION_ID":"true","FUNCTION_SIGNATURE_TYPE":"http"},"ingressSettings":"ALLOW_ALL","uri":"https://updateprogress-cblu2dsagq-uc.a.run.app","serviceAccountEmail":"209159062090-compute@developer.gserviceaccount.com","availableMemory":"256Mi","allTrafficOnLatestRevision":true,"revision":"updateprogress-00036-pem","maxInstanceRequestConcurrency":80,"availableCpu":"1"},"state":"ACTIVE","labels":{"deployment-tool":"cli-firebase","deployment-callable":"true","firebase-functions-hash":"7bbeefe44dd2fb04675612dc9aa4e05f050b0b2b"},"environment":"GEN_2","url":"https://us-central1-moonstone-4ffb6.cloudfunctions.net/updateProgress","satisfiesPzi":true},"stages":[{"name":"BUILD","message":"Reusing build","state":"COMPLETE","resource":"projects/209159062090/locations/us-central1/builds/ee4e2110-d135-4dd6-9e8b-4bdd6d27be6d","stateMessages":[{"severity":"WARNING","type":"BuildAnalysisWarning","message":"Node.js 20 is no longer supported by the Node.js community as of 30 April, 2026. Node.js 20 will be deprecated on 2026-04-30. We recommend you to upgrade to the latest version of Node.js as soon as possible."}]},{"name":"SERVICE","message":"Updating Cloud Run service","state":"COMPLETE","resource":"projects/moonstone-4ffb6/locations/us-central1/services/updateprogress","resourceUri":"https://console.cloud.google.com/run/detail/us-central1/updateprogress?project=moonstone-4ffb6","stateMessages":[{"severity":"INFO","type":"CloudRunServiceNewRevisionTrafficInfo","message":"A new revision will be deployed serving with 100% traffic."}]}],"sourceToken":"Cldwcm9qZWN0cy8yMDkxNTkwNjIwOTAvbG9jYXRpb25zL3VzLWNlbnRyYWwxL2J1aWxkcy9lZTRlMjExMC1kMTM1LTRkZDYtOWU4Yi00YmRkNmQyN2JlNmQScXVzLWNlbnRyYWwxLWRvY2tlci5wa2cuZGV2L21vb25zdG9uZS00ZmZiNi9nY2YtYXJ0aWZhY3RzL21vb25zdG9uZS0tNGZmYjZfX3VzLS1jZW50cmFsMV9fYWRkX3RvX2xpYnJhcnk6dmVyc2lvbl8xGMqE6JaLBiJFcHJvamVjdHMvbW9vbnN0b25lLTRmZmI2L2xvY2F0aW9ucy91cy1jZW50cmFsMS9mdW5jdGlvbnMvYWRkVG9MaWJyYXJ5KgwIjICTzAYQ0KqamAIyCG5vZGVqczIwOnYKI2djci5pby9nYWUtcnVudGltZXMvbm9kZWpzMjA6c3RhYmxlEk91cy1jZW50cmFsMS1kb2NrZXIucGtnLmRldi9zZXJ2ZXJsZXNzLXJ1bnRpbWVzL2dvb2dsZS0yMi1mdWxsL3J1bnRpbWVzL25vZGVqczIwQAE=","operationType":"UPDATE_FUNCTION","buildName":"projects/209159062090/locations/us-central1/builds/ee4e2110-d135-4dd6-9e8b-4bdd6d27be6d"},"done":true,"response":{"@type":"type.googleapis.com/google.cloud.functions.v2.Function","name":"projects/moonstone-4ffb6/locations/us-central1/functions/updateProgress","buildConfig":{"build":"projects/209159062090/locations/us-central1/builds/ee4e2110-d135-4dd6-9e8b-4bdd6d27be6d","runtime":"nodejs20","entryPoint":"updateProgress","source":{"storageSource":{"bucket":"gcf-v2-sources-209159062090-us-central1","object":"updateProgress/function-source.zip","generation":"1770307600935368"}},"environmentVariables":{"GOOGLE_NODE_RUN_SCRIPTS":""},"dockerRepository":"projects/moonstone-4ffb6/locations/us-central1/repositories/gcf-artifacts","sourceProvenance":{"resolvedStorageSource":{"bucket":"gcf-v2-sources-209159062090-us-central1","object":"updateProgress/function-source.zip","generation":"1770307600935368"}},"dockerRegistry":"ARTIFACT_REGISTRY","serviceAccount":"projects/moonstone-4ffb6/serviceAccounts/209159062090-compute@developer.gserviceaccount.com","automaticUpdatePolicy":{}},"serviceConfig":{"service":"projects/moonstone-4ffb6/locations/us-central1/services/updateprogress","timeoutSeconds":60,"environmentVariables":{"FIREBASE_CONFIG":"{\"projectId\":\"moonstone-4ffb6\",\"storageBucket\":\"moonstone-4ffb6.firebasestorage.app\"}","GCLOUD_PROJECT":"moonstone-4ffb6","EVENTARC_CLOUD_EVENT_SOURCE":"projects/moonstone-4ffb6/locations/us-central1/services/updateProgress","FUNCTION_TARGET":"updateProgress","LOG_EXECUTION_ID":"true","FUNCTION_SIGNATURE_TYPE":"http"},"maxInstanceCount":20,"ingressSettings":"ALLOW_ALL","uri":"https://updateprogress-cblu2dsagq-uc.a.run.app","serviceAccountEmail":"209159062090-compute@developer.gserviceaccount.com","availableMemory":"256Mi","allTrafficOnLatestRevision":true,"revision":"updateprogress-00037-cis","maxInstanceRequestConcurrency":80,"availableCpu":"1"},"state":"ACTIVE","updateTime":"2026-02-05T16:06:40.996406111Z","labels":{"deployment-callable":"true","firebase-functions-hash":"7bbeefe44dd2fb04675612dc9aa4e05f050b0b2b","deployment-tool":"cli-firebase"},"environment":"GEN_2","url":"https://us-central1-moonstone-4ffb6.cloudfunctions.net/updateProgress","createTime":"2026-01-04T02:40:46.343155810Z","satisfiesPzi":true}}
[debug] [2026-02-05T16:07:30.520Z] Got source token Cldwcm9qZWN0cy8yMDkxNTkwNjIwOTAvbG9jYXRpb25zL3VzLWNlbnRyYWwxL2J1aWxkcy9lZTRlMjExMC1kMTM1LTRkZDYtOWU4Yi00YmRkNmQyN2JlNmQScXVzLWNlbnRyYWwxLWRvY2tlci5wa2cuZGV2L21vb25zdG9uZS00ZmZiNi9nY2YtYXJ0aWZhY3RzL21vb25zdG9uZS0tNGZmYjZfX3VzLS1jZW50cmFsMV9fYWRkX3RvX2xpYnJhcnk6dmVyc2lvbl8xGMqE6JaLBiJFcHJvamVjdHMvbW9vbnN0b25lLTRmZmI2L2xvY2F0aW9ucy91cy1jZW50cmFsMS9mdW5jdGlvbnMvYWRkVG9MaWJyYXJ5KgwIjICTzAYQ0KqamAIyCG5vZGVqczIwOnYKI2djci5pby9nYWUtcnVudGltZXMvbm9kZWpzMjA6c3RhYmxlEk91cy1jZW50cmFsMS1kb2NrZXIucGtnLmRldi9zZXJ2ZXJsZXNzLXJ1bnRpbWVzL2dvb2dsZS0yMi1mdWxsL3J1bnRpbWVzL25vZGVqczIwQAE= for region us-central1
[info] +  functions[updateProgress(us-central1)] Successful update operation. 
[debug] [2026-02-05T16:07:30.526Z] Total Function Deployment time: 178804
[debug] [2026-02-05T16:07:30.526Z] 7 Functions Deployed
[debug] [2026-02-05T16:07:30.526Z] 0 Functions Errored
[debug] [2026-02-05T16:07:30.526Z] 0 Function Deployments Aborted
[debug] [2026-02-05T16:07:30.526Z] Average Function Deployment time: 159576.14285714287
[debug] [2026-02-05T16:07:30.740Z] Checked if tokens are valid: true, expires at: 1770308555729
[debug] [2026-02-05T16:07:30.740Z] Checked if tokens are valid: true, expires at: 1770308555729
[debug] [2026-02-05T16:07:30.740Z] >>> [apiv2][query] GET https://artifactregistry.googleapis.com/v1/projects/moonstone-4ffb6/locations/us-central1/repositories/gcf-artifacts [none]
[debug] [2026-02-05T16:07:31.023Z] <<< [apiv2][status] GET https://artifactregistry.googleapis.com/v1/projects/moonstone-4ffb6/locations/us-central1/repositories/gcf-artifacts 200
[debug] [2026-02-05T16:07:31.023Z] <<< [apiv2][body] GET https://artifactregistry.googleapis.com/v1/projects/moonstone-4ffb6/locations/us-central1/repositories/gcf-artifacts {"name":"projects/moonstone-4ffb6/locations/us-central1/repositories/gcf-artifacts","format":"DOCKER","description":"This repository is created and used by Cloud Functions for storing function docker images.","labels":{"goog-managed-by":"cloudfunctions"},"createTime":"2026-01-04T02:41:07.202897Z","updateTime":"2026-02-05T16:06:58.852582Z","mode":"STANDARD_REPOSITORY","cleanupPolicies":{"firebase-functions-cleanup":{"id":"firebase-functions-cleanup","action":"DELETE","condition":{"tagState":"ANY","olderThan":"86400s"}}},"sizeBytes":"739827316","vulnerabilityScanningConfig":{"lastEnableTime":"2026-01-04T02:40:46.531995201Z","enablementState":"SCANNING_DISABLED","enablementStateReason":"API containerscanning.googleapis.com is not enabled."},"satisfiesPzi":true,"registryUri":"us-central1-docker.pkg.dev/moonstone-4ffb6/gcf-artifacts"}
[info] 
[info] +  Deploy complete! 
[info] 
[info] Project Console: https://console.firebase.google.com/project/moonstone-4ffb6/overview
